Employee ID,StartDate,Title,BusinessUnit,EmployeeStatus,EmployeeType,PayZone,EmployeeClassificationType,DepartmentType,Division
3427,20-Sep-19,Production Technician I,CCDR,Active,Contract,Zone C,Temporary,Production       ,Finance & Accounting
3428,11-Feb-23,Production Technician I,EW,Active,Contract,Zone A,Part-Time,Production       ,Aerial
3429,10-Dec-18,Area Sales Manager,PL,Active,Full-Time,Zone B,Part-Time,Sales,General - Sga
3430,21-Jun-21,Area Sales Manager,CCDR,Active,Contract,Zone A,Full-Time,Sales,Finance & Accounting
3431,29-Jun-19,Area Sales Manager,TNS,Active,Contract,Zone A,Temporary,Sales,General - Con
3432,17-Jan-20,Area Sales Manager,BPC,Active,Contract,Zone B,Full-Time,Sales,Field Operations
3433,06-Apr-22,Area Sales Manager,WBL,Active,Full-Time,Zone B,Temporary,Sales,General - Eng
3434,06-Nov-20,Area Sales Manager,CCDR,Active,Contract,Zone C,Full-Time,Sales,Engineers
3435,18-Aug-18,Area Sales Manager,NEL,Active,Contract,Zone B,Part-Time,Sales,Executive
3436,21-Jan-22,Area Sales Manager,BPC,Active,Part-Time,Zone B,Temporary,Sales,Engineers
3437,04-Aug-23,Area Sales Manager,SVG,Active,Contract,Zone B,Temporary,Sales,Field Operations
3438,10-Aug-18,Area Sales Manager,MSC,Active,Full-Time,Zone C,Temporary,Sales,General - Con
3439,25-May-22,Area Sales Manager,EW,Active,Full-Time,Zone A,Temporary,Sales,Splicing
3440,05-Dec-19,Area Sales Manager,CCDR,Active,Contract,Zone A,Full-Time,Sales,Finance & Accounting
3441,28-Apr-19,Area Sales Manager,BPC,Active,Part-Time,Zone A,Part-Time,Sales,General - Con
3442,09-Jul-19,Area Sales Manager,PYZ,Active,Full-Time,Zone A,Full-Time,IT/IS,Field Operations
3443,05-Apr-21,Area Sales Manager,WBL,Active,Full-Time,Zone C,Part-Time,IT/IS,Project Management - Con
3444,28-Nov-21,Area Sales Manager,NEL,Active,Contract,Zone A,Part-Time,Sales,Engineers
3445,16-Jan-21,Area Sales Manager,PL,Active,Contract,Zone C,Full-Time,Sales,Project Management - Con
3446,24-Aug-21,Area Sales Manager,BPC,Active,Part-Time,Zone A,Part-Time,Sales,Field Operations
3450,01-Sep-20,Area Sales Manager,MSC,Active,Contract,Zone C,Temporary,Sales,Field Operations
3451,18-Feb-21,Area Sales Manager,TNS,Active,Contract,Zone C,Full-Time,Sales,General - Con
3452,08-Nov-22,Area Sales Manager,PYZ,Active,Part-Time,Zone A,Part-Time,Sales,General - Con
3453,13-Oct-22,Area Sales Manager,WBL,Active,Contract,Zone C,Part-Time,Sales,Fielders
3454,11-Sep-22,Area Sales Manager,PYZ,Active,Full-Time,Zone C,Full-Time,IT/IS,General - Con
3455,29-Jun-21,Area Sales Manager,WBL,Active,Full-Time,Zone C,Temporary,Sales,Project Management - Eng
3456,06-Mar-23,Area Sales Manager,NEL,Active,Full-Time,Zone A,Temporary,Sales,Field Operations
3457,25-Sep-20,Area Sales Manager,PL,Active,Full-Time,Zone B,Temporary,Sales,Engineers
3460,19-Feb-20,Area Sales Manager,SVG,Active,Full-Time,Zone A,Full-Time,Sales,Aerial
3462,13-Sep-18,Area Sales Manager,MSC,Active,Contract,Zone A,Full-Time,Sales,Field Operations
3463,30-Apr-20,Area Sales Manager,TNS,Active,Part-Time,Zone A,Temporary,Sales,Field Operations
3464,03-Dec-18,Area Sales Manager,PYZ,Active,Contract,Zone B,Full-Time,Sales,Shop (Fleet)
3465,08-Nov-21,Area Sales Manager,WBL,Active,Full-Time,Zone B,Full-Time,Sales,General - Con
3466,13-Apr-22,Area Sales Manager,PYZ,Active,Part-Time,Zone C,Full-Time,IT/IS,Aerial
3467,06-May-20,Area Sales Manager,WBL,Active,Contract,Zone A,Part-Time,Sales,Fielders
3468,09-Sep-19,Area Sales Manager,NEL,Active,Contract,Zone B,Temporary,Sales,Wireline Construction
3471,29-Feb-20,Area Sales Manager,CCDR,Active,Part-Time,Zone C,Temporary,Sales,Field Operations
3472,15-Jan-23,Area Sales Manager,SVG,Active,Contract,Zone C,Full-Time,Sales,Project Management - Con
3473,29-Jun-23,Area Sales Manager,EW,Active,Part-Time,Zone A,Temporary,Sales,Shop (Fleet)
3474,09-Mar-20,Area Sales Manager,MSC,Active,Full-Time,Zone A,Temporary,Sales,Catv
3475,21-Sep-21,Area Sales Manager,TNS,Active,Full-Time,Zone C,Temporary,Sales,General - Con
3476,12-Jun-23,Area Sales Manager,PYZ,Active,Part-Time,Zone A,Temporary,Sales,Fielders
3477,07-Apr-19,Area Sales Manager,PYZ,Active,Part-Time,Zone A,Full-Time,IT/IS,Aerial
3478,17-Sep-18,Area Sales Manager,WBL,Active,Full-Time,Zone C,Temporary,Sales,Wireline Construction
3479,02-Aug-22,Area Sales Manager,NEL,Active,Contract,Zone A,Part-Time,Sales,Project Management - Con
3483,26-Sep-21,Area Sales Manager,SVG,Active,Part-Time,Zone B,Temporary,Sales,Project Management - Con
3484,29-Aug-18,Area Sales Manager,EW,Active,Part-Time,Zone B,Full-Time,Sales,General - Con
3485,26-Oct-21,Area Sales Manager,MSC,Active,Contract,Zone C,Full-Time,Sales,Field Operations
3486,31-Oct-22,Area Sales Manager,TNS,Active,Part-Time,Zone C,Temporary,Sales,Fielders
3487,15-Mar-23,Area Sales Manager,BPC,Active,Contract,Zone B,Part-Time,Sales,General - Sga
3488,09-Sep-22,Area Sales Manager,CCDR,Active,Contract,Zone B,Full-Time,Sales,Wireline Construction
3489,04-Mar-22,Area Sales Manager,EW,Active,Part-Time,Zone A,Temporary,Sales,Field Operations
3490,11-Feb-19,Area Sales Manager,MSC,Active,Part-Time,Zone A,Part-Time,Sales,General - Sga
3491,26-Jan-21,Area Sales Manager,NEL,Active,Contract,Zone B,Full-Time,Sales,Field Operations
3492,26-Nov-19,Area Sales Manager,PL,Active,Full-Time,Zone C,Full-Time,Sales,General - Con
3493,15-Jul-19,Area Sales Manager,PYZ,Active,Full-Time,Zone C,Full-Time,Sales,Project Management - Con
3494,18-Jun-20,Area Sales Manager,SVG,Active,Contract,Zone B,Full-Time,Sales,General - Con
3495,22-Jun-23,Area Sales Manager,TNS,Active,Part-Time,Zone B,Temporary,Sales,Wireline Construction
3496,02-Dec-21,Area Sales Manager,WBL,Active,Contract,Zone A,Part-Time,Sales,General - Sga
3497,08-Dec-21,Area Sales Manager,TNS,Active,Part-Time,Zone C,Temporary,Sales,Project Management - Con
3498,26-Apr-23,Area Sales Manager,PYZ,Active,Full-Time,Zone A,Full-Time,Sales,General - Sga
3499,25-Sep-18,Area Sales Manager,WBL,Active,Part-Time,Zone C,Temporary,Sales,Field Operations
3500,20-Nov-18,Area Sales Manager,NEL,Active,Full-Time,Zone B,Part-Time,Sales,Shop (Fleet)
3502,01-Oct-19,Area Sales Manager,BPC,Active,Full-Time,Zone C,Temporary,Sales,Splicing
3503,20-Jan-22,Area Sales Manager,CCDR,Active,Part-Time,Zone A,Temporary,Sales,Project Management - Con
3504,10-Oct-21,Area Sales Manager,SVG,Active,Full-Time,Zone B,Part-Time,Sales,General - Con
3505,29-Aug-20,Area Sales Manager,EW,Active,Contract,Zone B,Temporary,Sales,Field Operations
3506,27-Aug-19,Area Sales Manager,MSC,Active,Full-Time,Zone B,Temporary,Sales,Field Operations
3507,25-Feb-21,Area Sales Manager,TNS,Active,Full-Time,Zone A,Full-Time,Sales,Project Management - Con
3508,13-Jul-21,Area Sales Manager,CCDR,Active,Full-Time,Zone B,Part-Time,Sales,Aerial
3509,14-Apr-21,Area Sales Manager,BPC,Active,Part-Time,Zone C,Full-Time,Sales,General - Sga
3510,10-Feb-20,Area Sales Manager,PYZ,Active,Part-Time,Zone A,Full-Time,Sales,General - Con
3511,17-Aug-21,Area Sales Manager,WBL,Active,Part-Time,Zone B,Full-Time,Sales,Finance & Accounting
3514,15-Apr-20,Area Sales Manager,BPC,Active,Full-Time,Zone B,Part-Time,Sales,Wireline Construction
3516,07-Apr-22,Area Sales Manager,SVG,Active,Contract,Zone B,Part-Time,Sales,Project Management - Con
3517,19-Feb-20,Area Sales Manager,EW,Active,Part-Time,Zone A,Part-Time,Sales,Splicing
3518,10-Apr-21,Area Sales Manager,MSC,Active,Contract,Zone B,Part-Time,Sales,General - Eng
3519,19-Dec-21,Area Sales Manager,TNS,Active,Part-Time,Zone C,Temporary,Sales,Aerial
3520,13-Dec-20,Area Sales Manager,TNS,Active,Full-Time,Zone C,Temporary,Sales,Project Management - Con
3521,26-Feb-19,Area Sales Manager,WBL,Active,Contract,Zone C,Part-Time,Sales,General - Con
3522,02-Mar-20,Area Sales Manager,BPC,Active,Full-Time,Zone C,Part-Time,Sales,Splicing
3523,25-Jun-21,Area Sales Manager,CCDR,Active,Full-Time,Zone A,Temporary,Sales,General - Con
3526,15-Sep-22,Area Sales Manager,NEL,Active,Full-Time,Zone B,Full-Time,Sales,General - Con
3527,01-May-20,Area Sales Manager,PL,Active,Full-Time,Zone B,Temporary,Sales,Aerial
3528,13-Oct-22,Area Sales Manager,PYZ,Active,Full-Time,Zone C,Part-Time,Sales,Finance & Accounting
3529,03-Jan-20,Area Sales Manager,SVG,Active,Part-Time,Zone C,Full-Time,Sales,Field Operations
3530,13-Nov-19,Area Sales Manager,TNS,Active,Full-Time,Zone B,Part-Time,Sales,Field Operations
3531,17-Jun-23,Area Sales Manager,WBL,Active,Full-Time,Zone C,Full-Time,Sales,Project Management - Con
3532,14-Oct-21,Area Sales Manager,EW,Active,Part-Time,Zone B,Full-Time,IT/IS,Wireless
3533,01-Jun-21,Area Sales Manager,MSC,Active,Contract,Zone B,Full-Time,Sales,General - Sga
3534,14-Sep-18,Area Sales Manager,TNS,Active,Full-Time,Zone A,Full-Time,Sales,Engineers
3535,11-Dec-18,Area Sales Manager,PYZ,Active,Full-Time,Zone A,Temporary,Sales,Fielders
3536,06-Aug-22,Area Sales Manager,WBL,Active,Contract,Zone C,Temporary,Sales,General - Sga
3539,08-Dec-19,Area Sales Manager,BPC,Active,Full-Time,Zone C,Temporary,Sales,General - Con
3540,12-Mar-20,Area Sales Manager,CCDR,Active,Full-Time,Zone B,Part-Time,Sales,Splicing
3541,06-Apr-20,Area Sales Manager,SVG,Active,Full-Time,Zone B,Full-Time,Sales,Field Operations
3542,15-Apr-23,Area Sales Manager,EW,Active,Contract,Zone A,Temporary,Sales,Field Operations
3543,10-Nov-20,Area Sales Manager,MSC,Active,Part-Time,Zone A,Temporary,Sales,General - Con
3544,29-Jun-23,Area Sales Manager,TNS,Active,Contract,Zone A,Temporary,Sales,Aerial
3545,07-Mar-22,Area Sales Manager,EW,Active,Full-Time,Zone C,Temporary,IT/IS,Field Operations
3546,31-Jul-21,Area Sales Manager,CCDR,Active,Full-Time,Zone B,Part-Time,Sales,General - Con
3547,20-Jan-22,Area Sales Manager,BPC,Active,Contract,Zone B,Full-Time,Sales,Project Management - Eng
3548,11-Jul-21,Area Sales Manager,WBL,Active,Part-Time,Zone A,Full-Time,Sales,General - Con
3549,15-Oct-18,Area Sales Manager,TNS,Active,Full-Time,Zone C,Full-Time,Sales,Field Operations
3551,11-Aug-18,Area Sales Manager,PYZ,Active,Part-Time,Zone C,Part-Time,Sales,Engineers
3552,16-Feb-20,Area Sales Manager,PL,Active,Full-Time,Zone B,Full-Time,Sales,Field Operations
3553,20-Jan-20,Area Sales Manager,NEL,Active,Contract,Zone C,Temporary,Sales,Field Operations
3554,31-Mar-19,Area Sales Manager,MSC,Active,Part-Time,Zone C,Temporary,Sales,People Services
3555,06-Jan-23,Area Sales Manager,EW,Active,Full-Time,Zone C,Temporary,Sales,General - Eng
3556,18-Jul-19,Area Sales Manager,CCDR,Active,Full-Time,Zone B,Temporary,Sales,Wireline Construction
3557,13-Feb-19,Area Sales Manager,BPC,Active,Part-Time,Zone C,Temporary,Sales,Field Operations
3558,30-Dec-18,Production Technician I,MSC,Active,Part-Time,Zone A,Part-Time,Production       ,Yard (Material Handling)
3559,06-Nov-19,Production Technician I,NEL,Active,Part-Time,Zone C,Full-Time,Production       ,Field Operations
3560,01-Jun-22,Production Technician I,MSC,Active,Contract,Zone C,Full-Time,Production       ,Field Operations
3561,28-Mar-23,Production Technician II,BPC,Active,Part-Time,Zone C,Temporary,Production       ,General - Con
3563,01-Jan-19,Production Technician I,WBL,Active,Contract,Zone B,Full-Time,Production       ,Field Operations
3564,26-Jan-19,Production Technician II,SVG,Terminated,Full-Time,Zone C,Temporary,Production       ,Aerial
3565,11-Sep-21,Production Technician I,WBL,Active,Part-Time,Zone B,Full-Time,Production       ,General - Con
3566,26-Sep-21,Production Technician II,PL,Active,Part-Time,Zone A,Part-Time,Production       ,Aerial
3567,04-Mar-23,Production Technician I,EW,Active,Full-Time,Zone C,Full-Time,Production       ,General - Sga
3568,11-Jul-23,Production Technician I,EW,Terminated,Full-Time,Zone B,Part-Time,Production       ,Field Operations
3569,09-Feb-19,Production Technician I,MSC,Active,Part-Time,Zone B,Temporary,Production       ,Catv
3570,19-Apr-19,Production Technician II,TNS,Terminated,Full-Time,Zone B,Temporary,Production       ,Fielders
3571,07-Jul-22,Production Technician I,NEL,Terminated,Part-Time,Zone C,Full-Time,Production       ,Field Operations
3572,12-Mar-19,Production Technician I,WBL,Active,Contract,Zone A,Part-Time,Production       ,Fielders
3573,09-Mar-20,Production Technician I,NEL,Active,Contract,Zone B,Full-Time,Production       ,Field Operations
3575,28-Apr-21,Production Technician I,MSC,Terminated,Part-Time,Zone A,Temporary,Production       ,Field Operations
3576,21-Jul-21,Production Technician II,PL,Active,Full-Time,Zone B,Full-Time,Production       ,Engineers
3577,15-Sep-19,Production Technician I,BPC,Active,Part-Time,Zone C,Temporary,Production       ,Field Operations
3578,04-May-19,Production Technician I,WBL,Active,Full-Time,Zone A,Temporary,Production       ,Field Operations
3579,20-May-21,Production Technician II,BPC,Active,Full-Time,Zone C,Part-Time,Production       ,Field Operations
3580,16-Dec-19,Production Technician I,PYZ,Active,Full-Time,Zone C,Full-Time,Production       ,Field Operations
3581,20-Nov-20,Production Technician I,SVG,Active,Full-Time,Zone A,Part-Time,Production       ,Wireline Construction
3582,19-Aug-20,Production Technician I,TNS,Active,Part-Time,Zone B,Part-Time,Production       ,Yard (Material Handling)
3583,28-Apr-21,Production Technician I,WBL,Active,Full-Time,Zone C,Temporary,Production       ,Field Operations
3584,14-Aug-20,Production Technician I,BPC,Active,Contract,Zone C,Full-Time,Production       ,Field Operations
3585,22-Dec-21,Production Technician I,CCDR,Active,Full-Time,Zone A,Full-Time,Production       ,Yard (Material Handling)
3586,01-Feb-19,Production Technician I,EW,Active,Part-Time,Zone B,Full-Time,Production       ,People Services
3587,10-May-21,Production Technician I,MSC,Active,Full-Time,Zone B,Temporary,Production       ,General - Eng
3588,25-Jun-19,Production Technician I,NEL,Active,Full-Time,Zone C,Full-Time,Production       ,Shop (Fleet)
3589,25-Apr-19,Production Technician I,PL,Active,Contract,Zone B,Temporary,Production       ,Field Operations
3593,30-May-20,Production Technician I,WBL,Active,Contract,Zone A,Full-Time,Production       ,General - Con
3594,11-Dec-18,Production Technician I,PYZ,Active,Part-Time,Zone B,Part-Time,Production       ,Field Operations
3595,22-Sep-20,Production Technician I,WBL,Active,Contract,Zone A,Temporary,Production       ,Engineers
3596,28-Jul-19,Production Technician I,NEL,Active,Part-Time,Zone C,Full-Time,Production       ,Splicing
3598,28-Sep-18,Production Technician II,SVG,Terminated,Part-Time,Zone A,Full-Time,Production       ,Project Management - Eng
3599,12-Apr-20,Production Technician II,TNS,Active,Part-Time,Zone A,Temporary,Production       ,General - Con
3600,01-Nov-22,Production Technician II,WBL,Active,Contract,Zone B,Temporary,Production       ,Field Operations
3601,21-Nov-22,Production Technician II,BPC,Active,Part-Time,Zone B,Full-Time,Production       ,Wireline Construction
3602,11-Apr-21,Production Technician II,CCDR,Terminated,Full-Time,Zone B,Part-Time,Production       ,Engineers
3603,29-Nov-18,Production Technician II,EW,Terminated,Full-Time,Zone A,Part-Time,Production       ,Field Operations
3604,16-Jan-19,Production Technician II,MSC,Active,Part-Time,Zone B,Full-Time,Production       ,Field Operations
3605,18-Sep-19,Production Technician I,CCDR,Active,Contract,Zone C,Temporary,Production       ,Engineers
3606,01-Aug-19,Production Technician I,SVG,Terminated,Part-Time,Zone C,Full-Time,Production       ,Billable Consultants
3607,18-Jun-19,Production Technician I,EW,Active,Full-Time,Zone A,Full-Time,Production       ,Project Management - Con
3608,13-Feb-19,Production Technician I,MSC,Active,Full-Time,Zone C,Part-Time,Production       ,Field Operations
3609,02-Jun-21,Production Technician I,TNS,Active,Contract,Zone B,Full-Time,Production       ,Shop (Fleet)
3610,11-Oct-18,Production Technician I,PYZ,Active,Part-Time,Zone C,Full-Time,Production       ,Field Operations
3611,09-Mar-21,Production Technician I,WBL,Active,Contract,Zone C,Full-Time,Production       ,Project Management - Con
3612,23-Jan-22,Production Technician I,NEL,Active,Contract,Zone A,Part-Time,Production       ,Field Operations
3613,24-Feb-19,Production Technician I,PL,Active,Contract,Zone B,Part-Time,Production       ,Field Operations
3614,08-Jan-20,Production Technician I,BPC,Active,Contract,Zone B,Temporary,Production       ,Project Management - Con
3616,12-Feb-22,Production Technician I,SVG,Active,Contract,Zone C,Full-Time,Production       ,General - Con
3617,01-Feb-23,Production Technician I,EW,Active,Full-Time,Zone C,Full-Time,Production       ,Wireline Construction
3618,04-Feb-23,Production Technician I,MSC,Active,Part-Time,Zone B,Temporary,Production       ,Splicing
3619,23-Mar-23,Production Technician I,TNS,Active,Full-Time,Zone A,Full-Time,Production       ,General - Con
3620,22-Mar-23,Production Technician I,PYZ,Active,Part-Time,Zone A,Temporary,Production       ,General - Eng
3621,28-Nov-18,Production Technician I,WBL,Active,Contract,Zone A,Full-Time,Production       ,Wireless
3622,09-Jul-20,Production Technician II,SVG,Active,Part-Time,Zone A,Temporary,Production       ,Field Operations
3623,11-Feb-19,Production Technician II,EW,Active,Part-Time,Zone A,Full-Time,Production       ,Engineers
3624,09-Jan-20,Production Technician II,MSC,Active,Part-Time,Zone B,Part-Time,Production       ,Technology / It
3625,11-Nov-21,Production Technician II,TNS,Terminated,Contract,Zone B,Part-Time,Production       ,Engineers
3626,15-May-21,Production Technician II,PYZ,Active,Full-Time,Zone B,Temporary,Production       ,Field Operations
3627,21-Aug-19,Production Technician II,WBL,Terminated,Contract,Zone C,Full-Time,Production       ,Field Operations
3628,18-Sep-20,Production Technician II,NEL,Active,Contract,Zone B,Part-Time,Production       ,Engineers
3629,27-Aug-22,Production Technician I,NEL,Terminated,Contract,Zone B,Full-Time,Production       ,Field Operations
3630,23-Feb-19,Production Technician I,MSC,Active,Contract,Zone B,Full-Time,Production       ,Field Operations
3631,08-Aug-22,Production Technician I,EW,Active,Contract,Zone C,Full-Time,Production       ,Wireline Construction
3632,24-Sep-22,Production Technician I,CCDR,Active,Contract,Zone C,Full-Time,Production       ,Field Operations
3633,21-Mar-22,Production Technician I,BPC,Active,Contract,Zone B,Temporary,Production       ,Aerial
3634,23-Jun-23,Production Technician I,PYZ,Active,Part-Time,Zone B,Full-Time,Production       ,General - Sga
3635,26-Oct-20,Production Technician I,WBL,Active,Part-Time,Zone C,Part-Time,Production       ,Yard (Material Handling)
3636,29-Jan-20,Production Technician I,NEL,Active,Contract,Zone B,Temporary,Production       ,Catv
3637,23-Apr-22,Production Technician I,PL,Active,Full-Time,Zone C,Full-Time,Production       ,Aerial
3638,15-Jun-23,Production Technician I,BPC,Active,Full-Time,Zone C,Part-Time,Production       ,Field Operations
3640,07-Jan-23,Production Technician I,SVG,Active,Contract,Zone A,Temporary,Production       ,Field Operations
3643,16-Apr-20,Production Technician I,TNS,Active,Full-Time,Zone A,Full-Time,Production       ,Catv
3644,16-Jun-22,Production Technician I,PYZ,Active,Part-Time,Zone B,Full-Time,Production       ,Field Operations
3645,22-Jul-19,Production Technician I,WBL,Active,Part-Time,Zone C,Full-Time,Production       ,General - Con
3646,22-Apr-23,Production Technician II,SVG,Active,Part-Time,Zone A,Full-Time,Production       ,Splicing
3647,28-Dec-20,Production Technician II,EW,Terminated,Part-Time,Zone A,Part-Time,Production       ,Engineers
3648,23-Feb-22,Production Technician II,MSC,Active,Contract,Zone A,Full-Time,Production       ,Aerial
3649,13-Aug-22,Production Technician II,TNS,Active,Contract,Zone A,Part-Time,Production       ,Field Operations
3650,03-Oct-19,Production Technician II,PYZ,Terminated,Full-Time,Zone B,Part-Time,Production       ,Field Operations
3651,14-Oct-19,Production Technician II,WBL,Active,Full-Time,Zone C,Full-Time,Production       ,General - Con
3652,30-Aug-19,Production Technician I,NEL,Terminated,Part-Time,Zone C,Part-Time,Production       ,Field Operations
3653,04-Feb-21,Production Technician I,PL,Terminated,Contract,Zone B,Part-Time,Production       ,General - Con
3654,23-Nov-22,Production Technician I,PYZ,Active,Part-Time,Zone A,Part-Time,Production       ,Aerial
3655,25-Feb-23,Production Technician I,SVG,Active,Part-Time,Zone C,Full-Time,Production       ,Engineers
3656,15-Dec-19,Production Technician I,TNS,Active,Part-Time,Zone B,Part-Time,Production       ,Underground
3657,29-Aug-21,Production Technician I,WBL,Active,Part-Time,Zone C,Full-Time,Production       ,General - Con
3658,04-Nov-22,Production Technician I,BPC,Active,Part-Time,Zone C,Temporary,Production       ,Project Management - Con
3659,02-Oct-19,Production Technician I,CCDR,Active,Full-Time,Zone A,Part-Time,Production       ,Field Operations
3660,24-May-19,Production Technician I,EW,Active,Full-Time,Zone A,Full-Time,Production       ,Field Operations
3661,28-Feb-22,Production Technician I,MSC,Active,Contract,Zone C,Temporary,Production       ,Executive
3662,13-Jun-23,Production Technician I,NEL,Active,Full-Time,Zone B,Temporary,Production       ,Wireline Construction
3665,22-Nov-19,Production Technician I,SVG,Active,Full-Time,Zone B,Temporary,Production       ,Field Operations
3666,29-Apr-22,Production Technician I,TNS,Active,Full-Time,Zone A,Full-Time,Production       ,Field Operations
3667,11-Dec-22,Production Technician I,WBL,Active,Part-Time,Zone B,Temporary,Production       ,Billable Consultants
3668,06-Aug-23,Production Technician I,BPC,Active,Full-Time,Zone C,Full-Time,Production       ,Underground
3669,28-Mar-20,Production Technician I,CCDR,Terminated,Contract,Zone A,Temporary,Production       ,Finance & Accounting
3670,11-Aug-22,Production Technician II,SVG,Active,Full-Time,Zone A,Full-Time,Production       ,Billable Consultants
3671,26-Jan-23,Production Technician II,EW,Terminated,Part-Time,Zone A,Temporary,Production       ,Splicing
3672,14-Jan-19,Production Technician II,MSC,Active,Part-Time,Zone A,Full-Time,Production       ,General - Con
3673,11-Jun-22,Production Technician II,TNS,Terminated,Full-Time,Zone B,Temporary,Production       ,People Services
3674,25-Jun-20,Production Technician II,BPC,Terminated,Part-Time,Zone C,Part-Time,Production       ,Engineers
3675,08-Jun-20,Production Technician II,CCDR,Active,Full-Time,Zone C,Full-Time,Production       ,Engineers
3676,29-Aug-18,Production Technician I,BPC,Active,Contract,Zone B,Part-Time,Production       ,Yard (Material Handling)
3677,01-Oct-22,Production Technician I,CCDR,Active,Full-Time,Zone A,Full-Time,Production       ,Field Operations
3678,22-Jul-21,Production Technician I,SVG,Active,Full-Time,Zone A,Full-Time,Production       ,General - Eng
3679,14-Dec-19,Production Technician I,EW,Active,Full-Time,Zone A,Full-Time,Production       ,Engineers
3680,27-Mar-20,Production Technician I,MSC,Active,Part-Time,Zone B,Full-Time,Production       ,Underground
3681,25-Nov-21,Production Technician I,TNS,Active,Part-Time,Zone B,Temporary,Production       ,Engineers
3682,08-Jul-23,Production Technician I,PYZ,Active,Full-Time,Zone C,Temporary,Production       ,Field Operations
3683,02-Nov-21,Production Technician I,WBL,Active,Part-Time,Zone C,Temporary,Production       ,Finance & Accounting
3684,01-Dec-19,Production Technician I,NEL,Active,Contract,Zone C,Part-Time,Production       ,Field Operations
3685,16-Aug-22,Production Technician I,PL,Active,Full-Time,Zone C,Full-Time,Production       ,Project Management - Con
3687,17-May-19,Production Technician I,CCDR,Active,Part-Time,Zone B,Temporary,Production       ,Field Operations
3689,16-Jul-21,Production Technician I,EW,Active,Contract,Zone A,Temporary,Production       ,Field Operations
3690,04-Aug-20,Production Technician I,MSC,Active,Part-Time,Zone A,Temporary,Production       ,Yard (Material Handling)
3691,23-Nov-20,Production Technician I,TNS,Active,Part-Time,Zone C,Full-Time,Production       ,Finance & Accounting
3692,11-Nov-19,Production Technician I,PYZ,Active,Full-Time,Zone B,Part-Time,Production       ,Aerial
3693,20-May-19,Production Technician II,SVG,Active,Part-Time,Zone B,Temporary,Production       ,Project Management - Con
3694,05-Nov-19,Production Technician II,EW,Terminated,Full-Time,Zone A,Part-Time,Production       ,Field Operations
3695,20-Sep-18,Production Technician II,MSC,Terminated,Contract,Zone C,Temporary,Production       ,Catv
3696,02-Sep-20,Production Technician II,TNS,Terminated,Contract,Zone B,Part-Time,Production       ,Wireless
3697,28-Jun-20,Production Technician II,PYZ,Active,Full-Time,Zone A,Part-Time,Production       ,Field Operations
3698,22-Mar-23,Production Technician II,WBL,Active,Full-Time,Zone A,Full-Time,Production       ,Catv
3699,30-Aug-22,Production Technician I,PYZ,Terminated,Part-Time,Zone B,Temporary,Production       ,Engineers
3700,24-Oct-19,Production Technician I,PL,Active,Part-Time,Zone A,Temporary,Production       ,Wireline Construction
3701,09-Nov-19,Production Technician I,NEL,Active,Part-Time,Zone B,Temporary,Production       ,Shop (Fleet)
3702,13-Jul-19,Production Technician I,MSC,Active,Part-Time,Zone C,Part-Time,Production       ,Aerial
3703,31-Aug-20,Production Technician I,EW,Active,Part-Time,Zone A,Part-Time,Production       ,Engineers
3704,25-Jan-19,Production Technician I,CCDR,Active,Full-Time,Zone C,Part-Time,Production       ,Field Operations
3705,21-Nov-20,Production Technician I,BPC,Active,Full-Time,Zone A,Part-Time,Production       ,General - Sga
3706,23-Sep-19,Production Technician I,WBL,Active,Full-Time,Zone B,Part-Time,Production       ,Field Operations
3707,11-Dec-22,Production Technician I,TNS,Active,Contract,Zone B,Temporary,Production       ,Engineers
3708,21-Aug-20,Production Technician I,SVG,Active,Full-Time,Zone C,Part-Time,Production       ,Fielders
3709,04-Feb-19,Production Technician I,PYZ,Active,Full-Time,Zone C,Part-Time,Production       ,Splicing
3710,29-Oct-21,Production Technician I,PL,Active,Full-Time,Zone C,Part-Time,Production       ,Aerial
3711,17-Jul-21,Production Technician I,NEL,Active,Part-Time,Zone A,Temporary,Production       ,Finance & Accounting
3713,21-Jul-20,Production Technician I,EW,Active,Full-Time,Zone B,Temporary,Production       ,General - Sga
3714,19-Jan-20,Production Technician I,CCDR,Active,Full-Time,Zone B,Part-Time,Production       ,Field Operations
3715,12-Sep-21,Production Technician I,BPC,Active,Contract,Zone A,Full-Time,Production       ,Project Management - Con
3716,31-Jul-22,Production Technician II,SVG,Terminated,Full-Time,Zone A,Full-Time,Production       ,General - Con
3717,18-May-23,Production Technician II,EW,Active,Contract,Zone B,Full-Time,Production       ,Field Operations
3718,25-May-21,Production Technician II,MSC,Terminated,Contract,Zone C,Temporary,Production       ,Field Operations
3719,22-Jul-22,Production Technician II,TNS,Active,Contract,Zone B,Full-Time,Production       ,Underground
3720,23-May-19,Production Technician II,PYZ,Active,Part-Time,Zone B,Full-Time,Production       ,Field Operations
3721,12-Feb-20,Production Technician I,NEL,Active,Full-Time,Zone B,Full-Time,Production       ,Fielders
3722,16-Feb-20,Production Technician I,PL,Terminated,Part-Time,Zone B,Full-Time,Production       ,Field Operations
3723,29-Apr-22,Production Technician I,BPC,Terminated,Full-Time,Zone A,Temporary,Production       ,Wireline Construction
3724,10-Oct-19,Production Technician I,CCDR,Terminated,Part-Time,Zone C,Temporary,Production       ,Field Operations
3725,07-Apr-19,Production Technician I,SVG,Active,Contract,Zone B,Part-Time,Production       ,Aerial
3726,13-Jul-20,Production Technician I,EW,Active,Contract,Zone A,Full-Time,Production       ,General - Con
3727,26-Aug-21,Production Technician I,MSC,Active,Part-Time,Zone C,Temporary,Production       ,Field Operations
3728,23-Dec-21,Production Technician I,TNS,Active,Contract,Zone A,Part-Time,Production       ,Splicing
3729,08-Dec-22,Production Technician I,BPC,Active,Contract,Zone B,Part-Time,Production       ,Wireline Construction
3730,18-Jan-22,Production Technician I,CCDR,Active,Contract,Zone B,Temporary,Production       ,Fielders
3731,28-Feb-20,Production Technician I,EW,Active,Part-Time,Zone B,Part-Time,Production       ,Field Operations
3732,31-May-20,Production Technician I,MSC,Active,Part-Time,Zone B,Part-Time,Production       ,Field Operations
3734,07-Mar-19,Production Technician I,PL,Active,Full-Time,Zone C,Temporary,Production       ,Technology / It
3735,29-May-19,Production Technician I,PYZ,Active,Contract,Zone C,Temporary,Production       ,Wireless
3736,18-Oct-20,Production Technician I,SVG,Active,Full-Time,Zone A,Part-Time,Production       ,Wireline Construction
3737,19-Nov-18,Production Technician I,TNS,Active,Part-Time,Zone B,Part-Time,Production       ,People Services
3738,15-Apr-22,Production Technician II,SVG,Terminated,Full-Time,Zone A,Temporary,Production       ,General - Con
3739,24-Aug-18,Production Technician II,EW,Terminated,Full-Time,Zone B,Temporary,Production       ,Field Operations
3740,15-Oct-22,Production Technician II,MSC,Terminated,Full-Time,Zone C,Part-Time,Production       ,People Services
3741,27-Feb-23,Production Technician II,TNS,Terminated,Full-Time,Zone A,Temporary,Production       ,Field Operations
3742,22-Sep-21,Production Technician II,PYZ,Active,Contract,Zone A,Temporary,Production       ,Field Operations
3743,30-May-20,Production Technician I,WBL,Active,Contract,Zone A,Part-Time,Production       ,General - Con
3744,11-Sep-20,Production Technician I,NEL,Active,Part-Time,Zone B,Full-Time,Production       ,Aerial
3745,31-May-19,Production Technician I,PL,Terminated,Full-Time,Zone C,Full-Time,Production       ,General - Con
3746,13-Jul-20,Production Technician I,BPC,Active,Part-Time,Zone B,Full-Time,Production       ,Shop (Fleet)
3747,09-Sep-21,Production Technician I,CCDR,Terminated,Part-Time,Zone C,Temporary,Production       ,Technology / It
3748,06-Apr-19,Production Technician I,SVG,Active,Full-Time,Zone C,Part-Time,Production       ,General - Con
3749,16-Feb-21,Production Technician I,EW,Active,Full-Time,Zone A,Full-Time,Production       ,Project Management - Eng
3750,17-Feb-20,Production Technician I,MSC,Active,Full-Time,Zone C,Part-Time,Production       ,Engineers
3751,15-Oct-21,Production Technician I,TNS,Active,Contract,Zone A,Full-Time,Production       ,Aerial
3752,06-Jul-22,Production Technician I,PYZ,Active,Full-Time,Zone A,Temporary,Production       ,Engineers
3753,05-Mar-19,Production Technician I,WBL,Active,Part-Time,Zone B,Part-Time,Production       ,Project Management - Eng
3754,02-Jun-20,Production Technician I,NEL,Active,Full-Time,Zone C,Full-Time,Production       ,Project Management - Con
3756,24-May-21,Production Technician I,BPC,Active,Full-Time,Zone A,Temporary,Production       ,Field Operations
3758,16-Nov-22,Production Technician I,SVG,Terminated,Contract,Zone A,Temporary,Production       ,Engineers
3759,01-May-22,Production Technician I,EW,Active,Contract,Zone B,Full-Time,Production       ,Yard (Material Handling)
3760,24-Aug-21,Production Technician I,MSC,Active,Full-Time,Zone A,Part-Time,Production       ,General - Con
3761,22-Jun-23,Production Technician II,CCDR,Active,Contract,Zone A,Full-Time,Production       ,General - Sga
3762,18-Jul-20,Production Technician II,SVG,Active,Part-Time,Zone B,Temporary,Production       ,Engineers
3763,12-Jan-23,Production Technician II,EW,Terminated,Full-Time,Zone B,Full-Time,Production       ,Finance & Accounting
3764,16-Feb-22,Production Technician II,MSC,Active,Full-Time,Zone B,Temporary,Production       ,General - Sga
3765,02-Sep-22,Production Technician II,TNS,Active,Part-Time,Zone A,Temporary,Production       ,Yard (Material Handling)
3766,02-Feb-19,Production Technician II,PYZ,Active,Part-Time,Zone A,Part-Time,Production       ,Yard (Material Handling)
3767,26-Aug-21,Production Technician I,TNS,Terminated,Full-Time,Zone B,Part-Time,Production       ,General - Con
3768,31-Dec-20,Production Technician I,SVG,Active,Contract,Zone B,Full-Time,Production       ,Catv
3769,12-Dec-20,Production Technician I,PYZ,Active,Full-Time,Zone A,Full-Time,Production       ,Fielders
3770,13-Jan-22,Production Technician I,PL,Terminated,Contract,Zone B,Temporary,Production       ,Aerial
3771,24-Jan-21,Production Technician I,NEL,Terminated,Part-Time,Zone B,Temporary,Production       ,General - Con
3772,08-Feb-22,Production Technician I,MSC,Active,Full-Time,Zone A,Temporary,Production       ,Engineers
3773,11-Oct-20,Production Technician I,EW,Terminated,Part-Time,Zone A,Temporary,Production       ,Engineers
3774,20-Jun-19,Production Technician I,CCDR,Active,Part-Time,Zone B,Full-Time,Production       ,Engineers
3775,13-Jul-21,Production Technician I,BPC,Active,Contract,Zone B,Part-Time,Production       ,Field Operations
3776,14-Oct-21,Production Technician I,WBL,Active,Contract,Zone A,Full-Time,Production       ,General - Eng
3777,09-Nov-21,Production Technician I,TNS,Active,Contract,Zone C,Temporary,Production       ,Aerial
3778,02-Apr-23,Production Technician I,SVG,Active,Full-Time,Zone A,Full-Time,Production       ,Wireline Construction
3782,09-Mar-19,Production Technician I,MSC,Terminated,Full-Time,Zone B,Temporary,Production       ,Field Operations
3783,09-May-20,Production Technician I,EW,Active,Contract,Zone A,Full-Time,Production       ,Fielders
3784,14-Aug-22,Production Technician I,CCDR,Active,Contract,Zone A,Temporary,Production       ,Splicing
3785,18-Jan-22,Production Technician II,PL,Active,Contract,Zone C,Temporary,Production       ,Project Management - Con
3786,22-Jun-21,Production Technician II,PYZ,Terminated,Full-Time,Zone A,Part-Time,Production       ,Field Operations
3787,19-Jan-23,Production Technician II,SVG,Terminated,Full-Time,Zone C,Part-Time,Production       ,General - Sga
3788,17-May-23,Production Technician II,TNS,Terminated,Part-Time,Zone A,Full-Time,Production       ,Field Operations
3789,07-Jun-20,Production Technician II,WBL,Active,Contract,Zone A,Part-Time,Production       ,Wireline Construction
3790,07-Jul-23,Production Technician II,PYZ,Active,Full-Time,Zone A,Temporary,Production       ,Yard (Material Handling)
3791,28-Mar-20,Production Technician I,WBL,Active,Full-Time,Zone B,Full-Time,Production       ,Finance & Accounting
3792,23-May-19,Production Technician I,NEL,Active,Part-Time,Zone C,Full-Time,Production       ,Engineers
3793,20-Apr-19,Production Technician I,PL,Active,Full-Time,Zone B,Full-Time,Production       ,General - Con
3794,09-Sep-18,Production Technician I,BPC,Active,Contract,Zone A,Full-Time,Production       ,General - Con
3795,14-Jul-22,Production Technician I,CCDR,Active,Part-Time,Zone A,Part-Time,Production       ,General - Sga
3796,17-Apr-19,Production Technician I,SVG,Active,Contract,Zone A,Part-Time,Production       ,General - Con
3797,15-May-20,Production Technician I,EW,Active,Contract,Zone A,Full-Time,Production       ,Catv
3798,04-Apr-20,Production Technician I,MSC,Active,Full-Time,Zone C,Full-Time,Production       ,General - Con
3799,15-Oct-22,Production Technician I,TNS,Active,Full-Time,Zone A,Temporary,Production       ,Executive
3800,11-Jul-19,Production Technician I,PYZ,Active,Contract,Zone C,Part-Time,Production       ,General - Sga
3801,02-Oct-19,Production Technician I,WBL,Active,Contract,Zone C,Temporary,Production       ,Field Operations
3802,04-Mar-21,Production Technician I,NEL,Active,Full-Time,Zone A,Full-Time,Production       ,Field Operations
3804,15-May-19,Production Technician I,BPC,Active,Full-Time,Zone C,Part-Time,Production       ,General - Con
3805,28-Apr-22,Production Technician I,CCDR,Active,Full-Time,Zone B,Part-Time,Production       ,General - Con
3806,23-Sep-21,Production Technician I,SVG,Active,Contract,Zone C,Temporary,Production       ,Field Operations
3807,15-Sep-21,Production Technician I,EW,Active,Contract,Zone C,Temporary,Production       ,Project Management - Con
3808,27-Apr-19,IT Support,PYZ,Active,Contract,Zone B,Full-Time,IT/IS,General - Sga
3809,06-Oct-19,Network Engineer,TNS,Active,Part-Time,Zone B,Part-Time,IT/IS,Field Operations
3810,16-Feb-20,Sr. Network Engineer,PL,Active,Full-Time,Zone A,Temporary,IT/IS,General - Sga
3811,14-May-22,Sr. Network Engineer,PL,Active,Part-Time,Zone B,Temporary,IT/IS,Fielders
3812,13-Feb-19,Sr. Network Engineer,BPC,Active,Contract,Zone B,Full-Time,IT/IS,General - Eng
3813,24-Aug-22,IT Support,SVG,Active,Part-Time,Zone A,Part-Time,IT/IS,Engineers
3815,26-Mar-21,Network Engineer,SVG,Active,Contract,Zone C,Part-Time,IT/IS,Project Management - Con
3816,01-May-21,IT Support,WBL,Active,Full-Time,Zone A,Temporary,IT/IS,Field Operations
3817,10-Oct-21,IT Support,CCDR,Active,Part-Time,Zone A,Full-Time,IT/IS,General - Con
3818,02-Jan-20,Network Engineer,CCDR,Active,Part-Time,Zone A,Part-Time,IT/IS,Wireless
3819,20-Jan-20,Network Engineer,MSC,Active,Full-Time,Zone B,Part-Time,IT/IS,Aerial
3820,11-Aug-18,Network Engineer,EW,Active,Contract,Zone C,Full-Time,IT/IS,General - Con
3821,18-Dec-21,Sr. Network Engineer,TNS,Active,Contract,Zone A,Temporary,IT/IS,Field Operations
3822,24-Sep-19,Network Engineer,WBL,Active,Full-Time,Zone B,Part-Time,Executive Office,General - Con
3823,17-Oct-22,Network Engineer,TNS,Active,Full-Time,Zone A,Temporary,Executive Office,Shop (Fleet)
3824,07-Jan-20,IT Support,SVG,Active,Contract,Zone C,Full-Time,IT/IS,General - Sga
3825,05-Nov-22,IT Support,PYZ,Active,Full-Time,Zone A,Part-Time,IT/IS,Field Operations
3826,26-Apr-23,IT Support,PL,Active,Part-Time,Zone B,Full-Time,IT/IS,Field Operations
3827,29-May-19,IT Support,NEL,Active,Part-Time,Zone B,Part-Time,IT/IS,General - Eng
3828,12-Sep-19,Sr. Network Engineer,PL,Active,Part-Time,Zone A,Full-Time,IT/IS,Aerial
3829,27-Jan-19,Sr. Network Engineer,BPC,Active,Part-Time,Zone C,Full-Time,IT/IS,Project Management - Con
3830,20-Aug-19,Principal Data Architect,CCDR,Active,Part-Time,Zone C,Temporary,IT/IS,Field Operations
3831,14-Sep-18,Enterprise Architect,SVG,Active,Part-Time,Zone C,Part-Time,IT/IS,Field Operations
3833,26-Jan-22,Network Engineer,PYZ,Active,Full-Time,Zone A,Part-Time,Executive Office,Field Operations
3834,10-May-19,Network Engineer,WBL,Active,Contract,Zone C,Part-Time,Executive Office,Field Operations
3835,02-Jan-19,IT Support,NEL,Active,Part-Time,Zone B,Part-Time,IT/IS,Yard (Material Handling)
3836,13-Aug-21,IT Support,PL,Active,Contract,Zone A,Temporary,IT/IS,General - Con
3837,02-Oct-22,IT Support,BPC,Active,Part-Time,Zone A,Part-Time,IT/IS,Finance & Accounting
3838,17-Dec-18,IT Support,CCDR,Active,Part-Time,Zone A,Full-Time,IT/IS,Field Operations
3839,11-Oct-21,Sr. Network Engineer,PL,Active,Contract,Zone B,Part-Time,IT/IS,General - Con
3840,01-Apr-23,Sr. Network Engineer,BPC,Active,Part-Time,Zone B,Full-Time,IT/IS,Field Operations
3841,20-Mar-21,Principal Data Architect,CCDR,Active,Full-Time,Zone C,Full-Time,IT/IS,Wireline Construction
3844,10-Jun-21,Network Engineer,PYZ,Active,Part-Time,Zone C,Temporary,Executive Office,General - Con
3845,25-Aug-19,Network Engineer,WBL,Active,Contract,Zone A,Full-Time,Executive Office,Field Operations
3846,04-May-20,IT Support,NEL,Active,Contract,Zone C,Full-Time,IT/IS,Wireline Construction
3847,24-Feb-19,IT Support,PL,Active,Part-Time,Zone B,Temporary,IT/IS,Field Operations
3848,24-Sep-19,IT Support,BPC,Active,Full-Time,Zone C,Temporary,IT/IS,Field Operations
3849,13-Feb-21,IT Support,CCDR,Active,Contract,Zone A,Part-Time,IT/IS,General - Con
3850,05-Jan-20,Sr. Network Engineer,MSC,Active,Part-Time,Zone B,Temporary,IT/IS,Yard (Material Handling)
3854,06-Jun-19,Network Engineer,WBL,Active,Part-Time,Zone B,Temporary,Executive Office,Technology / It
3855,25-May-21,Network Engineer,WBL,Active,Part-Time,Zone B,Part-Time,Executive Office,People Services
3856,17-Mar-23,Network Engineer,TNS,Active,Part-Time,Zone C,Part-Time,Executive Office,Wireline Construction
3857,02-Oct-22,IT Support,SVG,Active,Contract,Zone B,Temporary,IT/IS,Fielders
3858,22-Jan-22,IT Support,PYZ,Active,Full-Time,Zone B,Full-Time,IT/IS,Engineers
3859,29-Nov-19,IT Support,PL,Active,Full-Time,Zone B,Part-Time,IT/IS,Fielders
3860,01-Jul-20,IT Support,NEL,Active,Contract,Zone B,Temporary,IT/IS,Catv
3861,24-Mar-22,Sr. Network Engineer,PL,Active,Full-Time,Zone C,Part-Time,IT/IS,General - Con
3863,07-Jun-19,Principal Data Architect,CCDR,Active,Contract,Zone A,Temporary,IT/IS,Aerial
3865,29-Sep-20,Network Engineer,MSC,Active,Part-Time,Zone C,Temporary,Production       ,Sales & Marketing
3866,04-Sep-20,Network Engineer,TNS,Active,Contract,Zone A,Full-Time,Executive Office,Field Operations
3867,26-Aug-18,Network Engineer,PYZ,Active,Part-Time,Zone B,Full-Time,Executive Office,Catv
3868,17-Aug-19,Network Engineer,WBL,Active,Contract,Zone A,Part-Time,IT/IS,Finance & Accounting
3869,25-Sep-19,IT Support,NEL,Active,Full-Time,Zone A,Temporary,IT/IS,Field Operations
3870,11-Mar-23,IT Support,PL,Active,Contract,Zone B,Temporary,IT/IS,Project Management - Con
3871,15-Dec-22,IT Support,BPC,Active,Full-Time,Zone B,Full-Time,IT/IS,General - Con
3872,10-Aug-18,IT Support,CCDR,Active,Contract,Zone B,Part-Time,IT/IS,Engineers
3873,04-Mar-22,Sr. Network Engineer,NEL,Active,Full-Time,Zone B,Part-Time,IT/IS,Executive
3874,02-Jun-20,Sr. Network Engineer,PL,Active,Part-Time,Zone C,Part-Time,IT/IS,General - Con
3875,29-Jun-21,Sr. Network Engineer,BPC,Active,Contract,Zone A,Temporary,IT/IS,Underground
3876,24-Oct-21,Principal Data Architect,CCDR,Active,Contract,Zone C,Temporary,IT/IS,General - Con
3877,22-Oct-18,Network Engineer,MSC,Active,Part-Time,Zone A,Full-Time,Executive Office,General - Con
3878,08-Sep-18,Network Engineer,TNS,Active,Contract,Zone B,Part-Time,Executive Office,Engineers
3879,08-Feb-19,Network Engineer,PYZ,Active,Full-Time,Zone C,Part-Time,IT/IS,Field Operations
3880,29-Mar-21,Network Engineer,WBL,Active,Part-Time,Zone B,Temporary,IT/IS,General - Con
3881,19-Jun-19,IT Support,NEL,Active,Part-Time,Zone B,Part-Time,IT/IS,Field Operations
3882,30-Jan-19,IT Support,PL,Active,Contract,Zone C,Part-Time,IT/IS,Wireless
3883,06-May-22,IT Support,BPC,Active,Contract,Zone B,Full-Time,IT/IS,Field Operations
3884,02-Feb-19,IT Support,CCDR,Active,Full-Time,Zone B,Temporary,IT/IS,Engineers
3885,08-Dec-21,Sr. Network Engineer,EW,Active,Full-Time,Zone B,Part-Time,IT/IS,Engineers
3886,12-Oct-18,Sr. Network Engineer,MSC,Active,Part-Time,Zone B,Temporary,IT/IS,Wireless
3889,05-Sep-22,Network Engineer,TNS,Active,Contract,Zone B,Part-Time,Executive Office,General - Con
3890,19-Jul-22,Network Engineer,WBL,Active,Full-Time,Zone B,Temporary,IT/IS,General - Con
3891,26-May-22,Network Engineer,BPC,Active,Full-Time,Zone C,Temporary,IT/IS,Engineers
3892,31-Oct-22,Network Engineer,CCDR,Active,Full-Time,Zone A,Full-Time,IT/IS,Engineers
3893,22-Mar-23,IT Support,EW,Active,Full-Time,Zone B,Part-Time,IT/IS,General - Con
3894,29-May-23,IT Support,MSC,Active,Full-Time,Zone A,Full-Time,IT/IS,Aerial
3895,23-Feb-20,IT Support,NEL,Active,Full-Time,Zone C,Full-Time,IT/IS,Splicing
3896,13-Aug-19,IT Support,PL,Active,Part-Time,Zone B,Temporary,IT/IS,Engineers
3897,25-Mar-19,Sr. Network Engineer,NEL,Active,Part-Time,Zone A,Part-Time,IT/IS,Aerial
3900,16-Jun-23,Principal Data Architect,CCDR,Active,Contract,Zone C,Full-Time,IT/IS,Field Operations
3901,18-Jun-21,Network Engineer,EW,Active,Part-Time,Zone A,Temporary,Executive Office,Project Management - Eng
3902,22-May-23,Network Engineer,MSC,Active,Contract,Zone B,Temporary,Executive Office,Wireline Construction
3903,14-May-19,Network Engineer,TNS,Active,Full-Time,Zone A,Full-Time,IT/IS,Field Operations
3904,27-Dec-20,Network Engineer,PYZ,Active,Contract,Zone A,Part-Time,IT/IS,Engineers
3905,04-Aug-20,Network Engineer,WBL,Active,Full-Time,Zone A,Full-Time,IT/IS,Billable Consultants
3906,25-Aug-20,IT Support,NEL,Active,Contract,Zone C,Temporary,IT/IS,Wireline Construction
3907,24-Feb-22,IT Support,PL,Active,Full-Time,Zone A,Temporary,IT/IS,Engineers
3908,06-Aug-19,IT Support,BPC,Active,Part-Time,Zone C,Temporary,IT/IS,Splicing
3909,01-Aug-21,IT Support,CCDR,Active,Part-Time,Zone C,Part-Time,IT/IS,General - Eng
3910,13-Jul-22,Sr. Network Engineer,WBL,Active,Part-Time,Zone A,Part-Time,IT/IS,Wireless
3911,28-May-21,Sr. Network Engineer,NEL,Active,Full-Time,Zone A,Part-Time,IT/IS,Splicing
3914,04-Feb-20,Network Engineer,SVG,Active,Contract,Zone C,Temporary,Executive Office,Engineers
3915,28-Aug-22,Network Engineer,TNS,Active,Contract,Zone B,Part-Time,IT/IS,Field Operations
3916,27-Jun-22,Network Engineer,WBL,Active,Part-Time,Zone C,Temporary,IT/IS,Project Management - Con
3917,19-Dec-19,Network Engineer,PYZ,Active,Part-Time,Zone C,Full-Time,IT/IS,General - Con
3918,24-Sep-20,Network Engineer,WBL,Active,Contract,Zone A,Full-Time,IT/IS,Field Operations
3919,06-Jul-23,IT Support,NEL,Active,Contract,Zone C,Full-Time,IT/IS,Field Operations
3920,11-Apr-21,IT Support,PL,Active,Full-Time,Zone A,Part-Time,IT/IS,Field Operations
3921,12-Feb-20,IT Support,BPC,Active,Contract,Zone A,Part-Time,IT/IS,Splicing
3922,25-Dec-18,IT Support,CCDR,Active,Part-Time,Zone A,Full-Time,IT/IS,General - Con
3923,25-Dec-21,Sr. Network Engineer,WBL,Active,Full-Time,Zone C,Part-Time,IT/IS,Aerial
3924,22-May-21,Sr. Network Engineer,NEL,Active,Full-Time,Zone B,Full-Time,IT/IS,General - Con
3926,27-Feb-19,Sr. Network Engineer,BPC,Active,Full-Time,Zone C,Full-Time,IT/IS,Wireless
3927,01-Mar-20,Network Engineer,SVG,Active,Contract,Zone C,Temporary,Executive Office,Aerial
3928,27-Jan-21,Network Engineer,TNS,Active,Full-Time,Zone A,Temporary,IT/IS,General - Con
3929,18-Jun-23,Network Engineer,WBL,Active,Contract,Zone C,Part-Time,IT/IS,Wireline Construction
3930,24-Nov-19,Network Engineer,BPC,Active,Contract,Zone A,Part-Time,IT/IS,General - Con
3931,24-Sep-21,Network Engineer,CCDR,Active,Part-Time,Zone A,Temporary,IT/IS,Engineers
3932,17-Aug-22,IT Support,EW,Active,Contract,Zone B,Full-Time,IT/IS,General - Eng
3933,18-Apr-23,IT Support,MSC,Active,Contract,Zone A,Part-Time,IT/IS,Engineers
3934,15-Apr-20,IT Support,NEL,Active,Full-Time,Zone C,Temporary,IT/IS,Executive
3935,25-Dec-20,IT Support,PL,Active,Full-Time,Zone C,Full-Time,IT/IS,Aerial
3936,21-Jul-22,Enterprise Architect,MSC,Terminated,Full-Time,Zone B,Temporary,IT/IS,General - Sga
3937,04-Nov-22,Database Administrator,EW,Active,Contract,Zone C,Part-Time,IT/IS,Field Operations
3938,20-Apr-20,Data Analyst,BPC,Active,Part-Time,Zone B,Temporary,IT/IS,Field Operations
3939,05-Sep-19,Data Analyst,CCDR,Active,Part-Time,Zone A,Part-Time,IT/IS,General - Con
3940,11-Aug-19,Sr. DBA,EW,Active,Contract,Zone B,Full-Time,IT/IS,General - Con
3941,04-Nov-18,Data Analyst,BPC,Active,Full-Time,Zone B,Temporary,IT/IS,Field Operations
3942,04-Nov-18,Principal Data Architect,PYZ,Terminated,Contract,Zone B,Temporary,IT/IS,Catv
3943,27-Jul-19,Data Analyst ,NEL,Terminated,Part-Time,Zone A,Part-Time,IT/IS,General - Eng
3944,21-Dec-20,Data Analyst,SVG,Active,Full-Time,Zone A,Full-Time,IT/IS,General - Sga
3945,25-Jul-22,Data Analyst,MSC,Active,Full-Time,Zone C,Temporary,IT/IS,Engineers
3946,15-Jun-19,Database Administrator,NEL,Active,Contract,Zone A,Temporary,IT/IS,Shop (Fleet)
3947,04-Apr-20,Database Administrator,EW,Terminated,Full-Time,Zone B,Full-Time,IT/IS,Field Operations
3948,03-Feb-23,Data Analyst,MSC,Terminated,Contract,Zone C,Full-Time,IT/IS,Aerial
3950,12-Jul-23,Database Administrator,CCDR,Active,Full-Time,Zone A,Part-Time,IT/IS,Fielders
3951,25-Apr-21,Database Administrator,MSC,Terminated,Contract,Zone A,Temporary,IT/IS,Wireline Construction
3952,13-Mar-21,Data Analyst,EW,Active,Full-Time,Zone A,Full-Time,IT/IS,Finance & Accounting
3953,16-Aug-21,Data Analyst,BPC,Active,Full-Time,Zone B,Full-Time,IT/IS,General - Eng
3954,18-Oct-21,Database Administrator,CCDR,Active,Full-Time,Zone B,Temporary,IT/IS,General - Con
3955,16-Feb-20,Database Administrator,SVG,Active,Contract,Zone C,Full-Time,IT/IS,Project Management - Con
3956,07-Aug-19,Database Administrator,EW,Active,Contract,Zone A,Temporary,IT/IS,General - Sga
3957,03-Jan-22,Database Administrator,MSC,Active,Contract,Zone C,Temporary,IT/IS,Field Operations
3958,22-Sep-20,Database Administrator,TNS,Active,Part-Time,Zone C,Full-Time,IT/IS,Field Operations
3959,11-Nov-22,Data Architect,PYZ,Terminated,Part-Time,Zone A,Full-Time,IT/IS,General - Con
3960,11-Aug-18,CIO,WBL,Active,Part-Time,Zone A,Full-Time,IT/IS,Field Operations
3961,31-Mar-23,BI Director,NEL,Active,Full-Time,Zone A,Full-Time,IT/IS,Aerial
3962,10-Mar-21,Sr. DBA,MSC,Active,Contract,Zone B,Part-Time,IT/IS,Aerial
3963,30-Aug-19,Sr. Accountant,TNS,Active,Part-Time,Zone B,Temporary,IT/IS,Field Operations
3965,22-Apr-20,Software Engineering Manager,WBL,Active,Contract,Zone B,Part-Time,IT/IS,General - Con
3967,03-Dec-18,Data Analyst,MSC,Active,Full-Time,Zone A,Temporary,IT/IS,Finance & Accounting
3968,20-Feb-21,Data Analyst,NEL,Active,Contract,Zone B,Temporary,IT/IS,Engineers
3969,17-Jan-21,Database Administrator,PL,Active,Contract,Zone A,Full-Time,IT/IS,Aerial
3970,04-Oct-20,Database Administrator,PYZ,Active,Part-Time,Zone B,Full-Time,IT/IS,Field Operations
3971,29-Jan-21,Database Administrator,SVG,Active,Part-Time,Zone A,Temporary,IT/IS,General - Con
3972,26-Jul-22,Database Administrator,TNS,Active,Part-Time,Zone B,Part-Time,IT/IS,General - Con
3973,21-Sep-18,Database Administrator,WBL,Terminated,Part-Time,Zone C,Temporary,IT/IS,Field Operations
3974,25-Dec-18,Data Architect,BPC,Terminated,Part-Time,Zone C,Full-Time,IT/IS,General - Eng
3975,03-Nov-20,CIO,CCDR,Terminated,Part-Time,Zone B,Temporary,IT/IS,Field Operations
3976,22-Oct-21,Sr. DBA,MSC,Active,Full-Time,Zone C,Temporary,IT/IS,Field Operations
3977,27-Aug-18,Sr. Accountant,TNS,Active,Full-Time,Zone A,Full-Time,IT/IS,Wireline Construction
3978,12-Jul-20,Sr. Accountant,PYZ,Active,Part-Time,Zone B,Part-Time,IT/IS,General - Con
3980,11-May-20,Data Analyst,PL,Active,Full-Time,Zone C,Full-Time,IT/IS,Project Management - Con
3981,24-Jul-20,Data Analyst,BPC,Active,Full-Time,Zone A,Temporary,IT/IS,Field Operations
3982,09-Aug-22,Database Administrator,CCDR,Active,Part-Time,Zone B,Part-Time,IT/IS,Aerial
3983,12-Jun-22,Database Administrator,SVG,Active,Full-Time,Zone A,Full-Time,IT/IS,Field Operations
3984,10-Feb-22,Database Administrator,EW,Active,Contract,Zone B,Full-Time,IT/IS,Wireline Construction
3985,13-Jan-23,Database Administrator,MSC,Terminated,Part-Time,Zone A,Part-Time,IT/IS,People Services
3986,10-Mar-20,Database Administrator,TNS,Active,Part-Time,Zone A,Temporary,IT/IS,Catv
3987,25-Feb-22,Data Architect,PYZ,Terminated,Full-Time,Zone A,Full-Time,IT/IS,Catv
3989,11-Jul-22,Sr. DBA,TNS,Active,Full-Time,Zone C,Part-Time,IT/IS,General - Con
3991,10-Apr-23,Sr. Accountant,BPC,Active,Contract,Zone B,Full-Time,IT/IS,Project Management - Con
3992,08-Dec-22,Data Analyst,SVG,Active,Part-Time,Zone A,Full-Time,IT/IS,General - Eng
3993,22-Jun-22,Data Analyst,PYZ,Active,Contract,Zone C,Full-Time,IT/IS,Field Operations
3994,22-Sep-22,Data Analyst,PL,Active,Full-Time,Zone A,Full-Time,IT/IS,Field Operations
3995,15-Jul-19,Database Administrator,NEL,Active,Full-Time,Zone A,Temporary,IT/IS,Wireline Construction
3996,01-Sep-21,Database Administrator,MSC,Active,Part-Time,Zone C,Full-Time,IT/IS,Catv
3997,16-Jul-19,Database Administrator,EW,Active,Contract,Zone A,Temporary,IT/IS,Engineers
3998,24-Dec-21,Database Administrator,CCDR,Terminated,Full-Time,Zone B,Full-Time,IT/IS,Yard (Material Handling)
3999,17-Apr-19,Database Administrator,BPC,Terminated,Full-Time,Zone B,Full-Time,IT/IS,Engineers
4000,26-Oct-19,Data Architect,PYZ,Terminated,Contract,Zone C,Full-Time,IT/IS,Field Operations
1001,29-Aug-19,Software Engineer,BPC,Active,Part-Time,Zone A,Part-Time,Software Engineering,Engineers
1002,12-Dec-22,Software Engineer,NEL,Active,Part-Time,Zone A,Temporary,Software Engineering,Catv
1003,08-Mar-23,Software Engineer,WBL,Active,Contract,Zone A,Part-Time,Software Engineering,Field Operations
1004,29-May-20,Software Engineer,PYZ,Active,Part-Time,Zone C,Part-Time,Software Engineering,Project Management - Con
1005,16-Sep-22,Software Engineer,SVG,Active,Full-Time,Zone B,Temporary,Software Engineering,Field Operations
1006,15-Aug-21,Software Engineer,MSC,Active,Full-Time,Zone C,Part-Time,Software Engineering,Engineers
1007,25-Oct-20,Software Engineer,SVG,Terminated,Part-Time,Zone A,Part-Time,Software Engineering,General - Con
1008,28-Aug-19,Software Engineer,BPC,Active,Contract,Zone B,Temporary,Software Engineering,General - Con
1009,13-Jun-19,Software Engineer,NEL,Active,Part-Time,Zone C,Temporary,Software Engineering,General - Con
1010,12-Jan-21,Software Engineer,EW,Terminated,Part-Time,Zone C,Temporary,Software Engineering,Field Operations
1011,07-Feb-22,Software Engineer,MSC,Terminated,Contract,Zone A,Temporary,Software Engineering,General - Con
1012,09-Nov-20,Software Engineer,TNS,Terminated,Contract,Zone A,Temporary,Software Engineering,General - Eng
1013,13-May-20,Software Engineer,PYZ,Active,Part-Time,Zone B,Full-Time,Software Engineering,Engineers
1014,31-Dec-22,Shared Services Manager,WBL,Active,Part-Time,Zone A,Full-Time,Software Engineering,Catv
1015,03-Dec-18,Shared Services Manager,NEL,Active,Contract,Zone A,Part-Time,Software Engineering,People Services
1016,21-Feb-20,Senior BI Developer,PL,Active,Part-Time,Zone B,Part-Time,Admin Offices,Shop (Fleet)
1017,07-Sep-20,Senior BI Developer,BPC,Active,Full-Time,Zone B,Full-Time,Admin Offices,Field Operations
1018,19-Jun-20,Senior BI Developer,CCDR,Active,Part-Time,Zone A,Part-Time,Admin Offices,General - Con
1019,14-Oct-22,Software Engineer,EW,Terminated,Full-Time,Zone A,Temporary,Software Engineering,Fielders
1020,20-Jun-23,Software Engineer,MSC,Terminated,Contract,Zone C,Full-Time,Software Engineering,Field Operations
1021,09-Nov-20,Software Engineer,TNS,Terminated,Full-Time,Zone C,Full-Time,Software Engineering,General - Eng
1022,19-Sep-22,Software Engineer,PYZ,Active,Part-Time,Zone A,Temporary,Software Engineering,Field Operations
1023,09-Nov-18,Shared Services Manager,WBL,Active,Contract,Zone C,Part-Time,Software Engineering,General - Con
1024,30-Dec-18,Shared Services Manager,NEL,Active,Contract,Zone A,Part-Time,Software Engineering,Fielders
1025,11-May-23,Senior BI Developer,PL,Active,Full-Time,Zone A,Temporary,Admin Offices,Field Operations
1026,03-Nov-22,Senior BI Developer,BPC,Active,Contract,Zone A,Part-Time,Admin Offices,Engineers
1027,14-Jun-20,Senior BI Developer,CCDR,Active,Part-Time,Zone A,Full-Time,Admin Offices,General - Con
1028,15-Oct-19,Software Engineer,PYZ,Terminated,Full-Time,Zone C,Part-Time,Software Engineering,General - Con
1029,28-Apr-20,Software Engineer,SVG,Active,Part-Time,Zone B,Part-Time,Software Engineering,Field Operations
1030,29-Oct-19,Software Engineer,TNS,Active,Contract,Zone C,Temporary,Software Engineering,Field Operations
1031,28-Apr-21,Software Engineer,WBL,Active,Part-Time,Zone B,Temporary,Software Engineering,General - Con
1032,19-Apr-22,Software Engineer,PYZ,Active,Full-Time,Zone C,Part-Time,Software Engineering,Aerial
1033,28-Mar-23,Shared Services Manager,WBL,Active,Contract,Zone B,Full-Time,Software Engineering,Field Operations
1034,06-May-19,Shared Services Manager,NEL,Active,Full-Time,Zone C,Part-Time,Software Engineering,Project Management - Con
1035,13-Oct-20,Senior BI Developer,PL,Active,Full-Time,Zone A,Temporary,Admin Offices,Underground
1036,06-Jul-21,Senior BI Developer,BPC,Active,Part-Time,Zone A,Part-Time,Admin Offices,Field Operations
1037,24-Sep-20,Software Engineer,CCDR,Terminated,Part-Time,Zone C,Full-Time,Software Engineering,Fielders
1038,18-Jan-23,Software Engineer,SVG,Active,Contract,Zone B,Part-Time,Software Engineering,Field Operations
1039,22-Aug-19,Software Engineer,EW,Terminated,Part-Time,Zone B,Part-Time,Software Engineering,Finance & Accounting
1040,25-Jul-19,Software Engineer,MSC,Terminated,Contract,Zone A,Part-Time,Software Engineering,Field Operations
1041,11-Nov-19,Software Engineer,TNS,Terminated,Full-Time,Zone A,Full-Time,Software Engineering,Engineers
1042,16-Jul-22,Software Engineer,PYZ,Active,Contract,Zone B,Temporary,Software Engineering,Field Operations
1043,19-Dec-22,Shared Services Manager,WBL,Active,Full-Time,Zone C,Part-Time,Software Engineering,Splicing
1044,15-Sep-20,Shared Services Manager,NEL,Active,Contract,Zone A,Temporary,Software Engineering,Field Operations
1045,04-Oct-20,Senior BI Developer,PL,Active,Full-Time,Zone C,Temporary,Admin Offices,Catv
1046,23-Apr-22,Software Engineer,CCDR,Terminated,Full-Time,Zone A,Temporary,Software Engineering,Underground
1047,27-Nov-21,Software Engineer,SVG,Active,Contract,Zone A,Part-Time,Software Engineering,Field Operations
1048,29-Nov-19,Software Engineer,EW,Active,Part-Time,Zone A,Temporary,Software Engineering,General - Con
1049,30-May-19,Software Engineer,MSC,Terminated,Part-Time,Zone B,Part-Time,Software Engineering,Field Operations
1050,23-Nov-20,Software Engineer,TNS,Active,Contract,Zone B,Temporary,Software Engineering,Finance & Accounting
1051,08-Apr-22,Software Engineer,PYZ,Active,Full-Time,Zone C,Part-Time,Software Engineering,Field Operations
1052,25-Feb-21,Shared Services Manager,WBL,Active,Contract,Zone B,Part-Time,Software Engineering,General - Con
1053,13-Mar-19,Shared Services Manager,NEL,Active,Contract,Zone C,Full-Time,Software Engineering,Project Management - Con
1054,12-Feb-23,Software Engineer,PL,Active,Part-Time,Zone A,Full-Time,Software Engineering,Engineers
1055,08-Sep-18,Software Engineer,PYZ,Active,Contract,Zone C,Full-Time,Software Engineering,Field Operations
1056,18-Nov-21,Software Engineer,SVG,Active,Contract,Zone C,Temporary,Software Engineering,Wireline Construction
1057,01-Jul-23,Software Engineer,TNS,Active,Full-Time,Zone A,Full-Time,Software Engineering,Wireline Construction
1058,18-Apr-22,Software Engineer,WBL,Active,Contract,Zone C,Temporary,Software Engineering,Billable Consultants
1059,29-Apr-23,Software Engineer,BPC,Active,Part-Time,Zone C,Full-Time,Software Engineering,Engineers
1060,10-Oct-18,Shared Services Manager,CCDR,Active,Part-Time,Zone B,Full-Time,Software Engineering,General - Con
1061,20-Nov-22,Shared Services Manager,EW,Active,Part-Time,Zone C,Part-Time,Software Engineering,General - Sga
1062,18-May-19,Software Engineer,BPC,Terminated,Part-Time,Zone A,Part-Time,Software Engineering,Engineers
1063,22-Jun-21,Software Engineer,CCDR,Active,Full-Time,Zone B,Temporary,Software Engineering,Aerial
1064,30-Mar-22,Software Engineer,SVG,Terminated,Part-Time,Zone A,Part-Time,Software Engineering,Field Operations
1065,28-Aug-18,Software Engineer,EW,Active,Contract,Zone C,Temporary,Software Engineering,Engineers
1066,27-Dec-21,Software Engineer,MSC,Active,Full-Time,Zone C,Temporary,Software Engineering,Catv
1067,14-Nov-20,Software Engineer,TNS,Active,Part-Time,Zone A,Temporary,Software Engineering,Field Operations
1068,01-Oct-21,Software Engineer,PYZ,Active,Full-Time,Zone B,Part-Time,Software Engineering,Wireline Construction
1069,13-Oct-18,Shared Services Manager,WBL,Active,Full-Time,Zone B,Part-Time,Software Engineering,General - Con
1070,15-Dec-18,Shared Services Manager,NEL,Active,Full-Time,Zone C,Temporary,Software Engineering,General - Sga
1071,28-Mar-19,Software Engineer,PL,Terminated,Contract,Zone A,Part-Time,Software Engineering,Field Operations
1072,27-Dec-18,Software Engineer,BPC,Active,Part-Time,Zone C,Part-Time,Software Engineering,Field Operations
1073,11-May-19,Software Engineer,CCDR,Active,Full-Time,Zone A,Full-Time,Software Engineering,Field Operations
1074,19-Feb-21,Software Engineer,SVG,Terminated,Full-Time,Zone A,Temporary,Software Engineering,General - Con
1075,05-Nov-22,Software Engineer,EW,Active,Part-Time,Zone B,Full-Time,Software Engineering,Engineers
1076,22-Mar-20,Software Engineer,MSC,Active,Contract,Zone C,Part-Time,Software Engineering,General - Eng
1077,02-Feb-19,Software Engineer,TNS,Active,Contract,Zone B,Temporary,Software Engineering,Wireless
1078,24-Feb-20,Software Engineer,PYZ,Active,Contract,Zone C,Temporary,Software Engineering,Aerial
1079,07-Apr-21,Shared Services Manager,WBL,Active,Part-Time,Zone B,Full-Time,Software Engineering,Project Management - Eng
1080,14-Nov-20,Shared Services Manager,NEL,Active,Part-Time,Zone C,Full-Time,Software Engineering,Fielders
1081,17-Jan-22,Software Engineer,EW,Terminated,Contract,Zone B,Part-Time,Software Engineering,General - Con
1082,02-Sep-21,Software Engineer,MSC,Active,Part-Time,Zone B,Part-Time,Software Engineering,General - Con
1083,30-Jul-23,Software Engineer,NEL,Active,Part-Time,Zone A,Full-Time,Software Engineering,Aerial
1084,27-Jun-23,Software Engineer,PL,Active,Contract,Zone C,Part-Time,Software Engineering,Executive
1085,27-Mar-22,Software Engineer,PYZ,Active,Contract,Zone B,Full-Time,Software Engineering,General - Con
1086,12-Aug-22,Software Engineer,SVG,Active,Contract,Zone A,Temporary,Software Engineering,Field Operations
1087,08-Jul-22,Software Engineer,TNS,Active,Part-Time,Zone A,Part-Time,Software Engineering,Field Operations
1088,15-Aug-20,Software Engineer,WBL,Active,Contract,Zone B,Part-Time,Software Engineering,General - Con
1089,27-May-23,Software Engineer,BPC,Active,Full-Time,Zone A,Temporary,Software Engineering,Wireline Construction
1090,02-Jan-23,Shared Services Manager,CCDR,Active,Part-Time,Zone C,Full-Time,Software Engineering,Field Operations
1091,16-Nov-18,Production Technician I,PYZ,Active,Contract,Zone B,Temporary,Production       ,General - Sga
1092,12-Jul-22,Production Technician I,PYZ,Active,Part-Time,Zone C,Full-Time,Production       ,Field Operations
1093,16-Dec-22,Production Technician I,NEL,Active,Contract,Zone B,Part-Time,Production       ,Engineers
1094,08-May-23,Production Technician II,EW,Active,Part-Time,Zone A,Full-Time,Production       ,Field Operations
1095,07-Apr-23,Production Technician II,WBL,Active,Full-Time,Zone A,Temporary,Production       ,Engineers
1096,15-Feb-22,Production Technician I,PYZ,Active,Part-Time,Zone C,Part-Time,Production       ,Shop (Fleet)
1097,17-Jul-23,Production Technician I,SVG,Active,Contract,Zone B,Part-Time,Production       ,Field Operations
1098,03-May-19,Production Technician I,PL,Terminated,Part-Time,Zone A,Temporary,Production       ,General - Eng
1099,25-Mar-22,Production Technician I,SVG,Active,Part-Time,Zone A,Part-Time,Production       ,Field Operations
1100,07-Apr-20,Production Technician I,EW,Active,Full-Time,Zone C,Temporary,Production       ,Field Operations
1101,10-Mar-21,Production Technician I,TNS,Active,Full-Time,Zone A,Part-Time,Production       ,Engineers
1102,04-Aug-19,Production Technician II,EW,Active,Part-Time,Zone A,Part-Time,Production       ,General - Con
1103,11-Apr-21,Production Technician I,BPC,Terminated,Full-Time,Zone C,Temporary,Production       ,Splicing
1104,16-Jun-19,Production Technician I,PYZ,Active,Part-Time,Zone C,Temporary,Production       ,General - Eng
1105,08-Oct-20,Production Technician I,PL,Terminated,Contract,Zone A,Full-Time,Production       ,General - Con
1106,18-Aug-21,Production Technician II,BPC,Active,Full-Time,Zone B,Temporary,Production       ,Aerial
1107,16-Mar-20,Production Technician II,BPC,Active,Contract,Zone A,Part-Time,Production       ,Wireline Construction
1108,24-Jan-19,Production Technician I,TNS,Active,Full-Time,Zone A,Full-Time,Production       ,General - Con
1109,11-Jun-22,Production Technician I,EW,Terminated,Full-Time,Zone C,Part-Time,Production       ,Field Operations
1110,02-Jul-22,Production Technician II,NEL,Active,Full-Time,Zone B,Temporary,Production       ,General - Con
1111,08-Sep-19,Production Technician I,BPC,Terminated,Full-Time,Zone A,Part-Time,Production       ,Splicing
1112,10-Jul-22,Production Technician I,MSC,Active,Full-Time,Zone A,Part-Time,Production       ,Engineers
1113,24-Apr-22,Production Technician I,NEL,Active,Contract,Zone B,Part-Time,Production       ,General - Con
1114,31-Mar-20,Production Technician I,PL,Active,Full-Time,Zone C,Part-Time,Production       ,General - Con
1115,23-Mar-19,Production Technician I,PYZ,Active,Contract,Zone A,Part-Time,Production       ,Field Operations
1116,09-Mar-19,Production Technician I,SVG,Terminated,Full-Time,Zone A,Full-Time,Production       ,Field Operations
1117,21-Feb-19,Production Technician I,TNS,Terminated,Full-Time,Zone C,Temporary,Production       ,General - Con
1118,04-Oct-19,Production Technician I,WBL,Active,Full-Time,Zone B,Temporary,Production       ,Engineers
1119,24-Nov-19,Production Technician I,BPC,Active,Part-Time,Zone C,Part-Time,Production       ,Field Operations
1120,17-Aug-20,Production Technician I,CCDR,Active,Part-Time,Zone B,Temporary,Production       ,People Services
1121,16-Mar-21,Production Manager,EW,Active,Part-Time,Zone C,Full-Time,Production       ,Aerial
1122,16-Nov-21,Production Manager,MSC,Active,Contract,Zone C,Part-Time,Production       ,General - Con
1123,03-May-22,Production Manager,NEL,Active,Full-Time,Zone B,Full-Time,Production       ,Field Operations
1124,24-Dec-19,Production Manager,PL,Active,Full-Time,Zone A,Full-Time,Production       ,Engineers
1125,21-Oct-21,Production Technician II,WBL,Active,Contract,Zone B,Part-Time,Production       ,Aerial
1126,08-Sep-18,Production Technician II,NEL,Terminated,Part-Time,Zone C,Temporary,Production       ,Engineers
1127,26-Feb-19,Production Technician II,PL,Active,Full-Time,Zone A,Full-Time,Production       ,General - Con
1128,21-Apr-23,Production Technician II,BPC,Active,Part-Time,Zone B,Part-Time,Production       ,General - Con
1129,19-Sep-19,Production Technician II,CCDR,Terminated,Full-Time,Zone B,Part-Time,Production       ,Field Operations
1130,23-Dec-20,Production Technician I,SVG,Active,Contract,Zone A,Part-Time,Production       ,Technology / It
1131,29-Mar-19,Production Technician I,EW,Active,Part-Time,Zone B,Part-Time,Production       ,Splicing
1132,15-May-21,Production Technician I,NEL,Terminated,Contract,Zone B,Full-Time,Production       ,Aerial
1133,14-Mar-22,Production Technician I,PL,Terminated,Full-Time,Zone B,Part-Time,Production       ,Aerial
1134,06-Dec-21,Production Technician I,BPC,Terminated,Part-Time,Zone C,Temporary,Production       ,General - Con
1135,27-Oct-21,Production Technician I,CCDR,Active,Full-Time,Zone A,Temporary,Production       ,Engineers
1136,01-Apr-23,Production Technician I,SVG,Active,Full-Time,Zone A,Temporary,Production       ,Field Operations
1137,29-May-19,Production Technician I,EW,Active,Full-Time,Zone C,Part-Time,Production       ,Field Operations
1138,12-Jul-19,Production Technician I,MSC,Active,Full-Time,Zone B,Temporary,Production       ,General - Eng
1139,10-Aug-18,Production Technician I,TNS,Active,Contract,Zone A,Temporary,Production       ,Splicing
1140,29-Sep-21,Production Technician I,PYZ,Active,Part-Time,Zone C,Full-Time,Production       ,Engineers
1141,05-Aug-21,Production Technician I,WBL,Active,Contract,Zone A,Full-Time,Production       ,Field Operations
1142,02-Aug-23,Production Manager,NEL,Active,Full-Time,Zone B,Temporary,Production       ,Project Management - Con
1143,02-Sep-18,Production Manager,PL,Active,Contract,Zone A,Full-Time,Production       ,Field Operations
1144,13-Oct-19,Production Manager,BPC,Active,Part-Time,Zone B,Part-Time,Production       ,Wireline Construction
1145,24-Sep-20,Production Technician II,TNS,Active,Contract,Zone B,Full-Time,Production       ,Shop (Fleet)
1146,06-Aug-23,Production Technician II,SVG,Active,Contract,Zone C,Part-Time,Production       ,Field Operations
1147,11-Jun-19,Production Technician II,PYZ,Terminated,Full-Time,Zone B,Full-Time,Production       ,General - Con
1148,14-Feb-19,Production Technician II,PL,Active,Part-Time,Zone A,Temporary,Production       ,Wireline Construction
1149,17-Mar-22,Production Technician II,NEL,Active,Part-Time,Zone C,Temporary,Production       ,Field Operations
1150,05-Aug-20,Production Technician I,MSC,Active,Part-Time,Zone A,Full-Time,Production       ,Aerial
1151,23-Aug-22,Production Technician I,EW,Active,Part-Time,Zone A,Part-Time,Production       ,Field Operations
1152,12-Jan-23,Production Technician I,CCDR,Active,Full-Time,Zone A,Full-Time,Production       ,Engineers
1153,14-Apr-20,Production Technician I,EW,Terminated,Part-Time,Zone A,Temporary,Production       ,Field Operations
1154,27-Sep-21,Production Technician I,MSC,Terminated,Full-Time,Zone C,Part-Time,Production       ,Field Operations
1155,17-Nov-18,Production Technician I,NEL,Terminated,Contract,Zone A,Temporary,Production       ,Finance & Accounting
1156,22-Jul-19,Production Technician I,PL,Terminated,Contract,Zone A,Full-Time,Production       ,Billable Consultants
1157,10-Feb-19,Production Technician I,PYZ,Active,Part-Time,Zone A,Temporary,Production       ,Wireline Construction
1158,22-Nov-18,Production Technician I,SVG,Terminated,Full-Time,Zone A,Full-Time,Production       ,Field Operations
1159,23-Apr-23,Production Technician I,TNS,Active,Part-Time,Zone A,Temporary,Production       ,Splicing
1160,26-Dec-22,Production Technician I,WBL,Active,Part-Time,Zone B,Full-Time,Production       ,General - Con
1161,14-Jun-20,Production Technician I,PYZ,Active,Contract,Zone B,Part-Time,Production       ,Yard (Material Handling)
1162,29-Mar-22,Production Technician I,WBL,Active,Full-Time,Zone C,Temporary,Production       ,General - Con
1163,18-Dec-22,Production Manager,NEL,Active,Contract,Zone A,Part-Time,Production       ,Project Management - Con
1164,21-Mar-19,Production Manager,PL,Active,Part-Time,Zone A,Part-Time,Production       ,General - Sga
1165,08-Feb-21,Production Manager,BPC,Active,Full-Time,Zone C,Full-Time,Production       ,Field Operations
1166,06-Jun-22,Production Technician II,WBL,Active,Full-Time,Zone A,Temporary,Production       ,Field Operations
1167,01-Nov-21,Production Technician II,NEL,Active,Contract,Zone B,Full-Time,Production       ,Field Operations
1168,19-Jan-23,Production Technician II,PL,Active,Contract,Zone A,Full-Time,Production       ,Field Operations
1169,30-Jul-20,Production Technician II,BPC,Active,Contract,Zone B,Part-Time,Production       ,Field Operations
1170,16-Jul-23,Production Technician II,CCDR,Active,Part-Time,Zone C,Full-Time,Production       ,Underground
1171,16-Jun-22,Production Technician I,SVG,Active,Part-Time,Zone A,Part-Time,Production       ,Field Operations
1172,13-Jun-21,Production Technician I,EW,Terminated,Full-Time,Zone C,Full-Time,Production       ,Engineers
1173,14-Nov-20,Production Technician I,BPC,Terminated,Full-Time,Zone C,Full-Time,Production       ,Isp
1174,16-Jun-20,Production Technician I,CCDR,Terminated,Full-Time,Zone C,Temporary,Production       ,Field Operations
1175,20-Dec-18,Production Technician I,EW,Terminated,Full-Time,Zone A,Part-Time,Production       ,Catv
1176,29-Oct-22,Production Technician I,MSC,Active,Contract,Zone A,Part-Time,Production       ,Engineers
1177,20-Jul-20,Production Technician I,NEL,Active,Contract,Zone A,Temporary,Production       ,Aerial
1178,03-Oct-21,Production Technician I,PL,Terminated,Contract,Zone C,Part-Time,Production       ,Field Operations
1179,16-Jul-22,Production Technician I,PYZ,Active,Part-Time,Zone A,Full-Time,Production       ,Aerial
1180,30-Jun-20,Production Technician I,SVG,Active,Full-Time,Zone B,Full-Time,Production       ,Underground
1181,13-Jun-21,Production Technician I,TNS,Active,Full-Time,Zone C,Part-Time,Production       ,Wireline Construction
1182,29-Dec-20,Production Technician I,WBL,Active,Full-Time,Zone C,Temporary,Production       ,Splicing
1183,03-Feb-22,Production Technician I,BPC,Active,Part-Time,Zone A,Full-Time,Production       ,Catv
1184,10-Jan-22,Production Technician I,CCDR,Active,Full-Time,Zone B,Temporary,Production       ,Wireline Construction
1185,13-Dec-18,Production Manager,EW,Active,Part-Time,Zone A,Full-Time,Production       ,Fielders
1186,03-Mar-21,Production Manager,MSC,Active,Full-Time,Zone A,Temporary,Production       ,Splicing
1187,04-Jul-21,Production Manager,NEL,Active,Part-Time,Zone A,Full-Time,Production       ,Aerial
1188,06-Feb-20,Production Technician II,WBL,Terminated,Contract,Zone B,Part-Time,Production       ,General - Sga
1189,28-Jun-20,Production Technician II,NEL,Terminated,Contract,Zone C,Full-Time,Production       ,General - Eng
1190,22-Dec-20,Production Technician II,PL,Terminated,Contract,Zone B,Full-Time,Production       ,Project Management - Eng
1191,24-Nov-19,Production Technician II,BPC,Active,Full-Time,Zone B,Full-Time,Production       ,Wireline Construction
1192,23-Sep-22,Production Technician II,CCDR,Active,Full-Time,Zone C,Full-Time,Production       ,General - Con
1193,06-Feb-20,Production Technician I,SVG,Terminated,Full-Time,Zone B,Temporary,Production       ,Aerial
1194,14-Jan-19,Production Technician I,EW,Terminated,Full-Time,Zone C,Temporary,Production       ,Field Operations
1196,09-Mar-19,Production Technician I,PYZ,Active,Part-Time,Zone C,Temporary,Production       ,General - Eng
1197,13-Jun-20,Production Technician I,WBL,Active,Full-Time,Zone B,Part-Time,Production       ,Safety
1198,22-Jan-19,Production Technician I,NEL,Active,Contract,Zone B,Part-Time,Production       ,Field Operations
1199,12-Dec-20,Production Technician I,PL,Active,Full-Time,Zone B,Part-Time,Production       ,Field Operations
1200,27-Apr-22,Production Technician I,BPC,Active,Part-Time,Zone A,Full-Time,Production       ,General - Con
1201,11-Apr-22,Production Technician I,CCDR,Terminated,Contract,Zone A,Part-Time,Production       ,General - Con
1202,01-Sep-22,Production Technician I,SVG,Terminated,Contract,Zone B,Temporary,Production       ,Wireline Construction
1203,08-Sep-18,Production Technician I,EW,Active,Contract,Zone A,Part-Time,Production       ,Engineers
1204,24-Nov-22,Production Technician I,MSC,Active,Full-Time,Zone B,Temporary,Production       ,General - Sga
1205,23-Jul-20,Production Technician I,TNS,Active,Full-Time,Zone C,Part-Time,Production       ,Yard (Material Handling)
1206,28-Dec-18,Production Technician I,PYZ,Active,Part-Time,Zone C,Part-Time,Production       ,Engineers
1207,01-Oct-19,Production Technician I,WBL,Active,Contract,Zone B,Full-Time,Production       ,Wireline Construction
1208,17-Aug-19,Production Manager,NEL,Active,Contract,Zone A,Part-Time,Production       ,Wireline Construction
1209,31-May-23,Production Manager,PL,Active,Part-Time,Zone A,Part-Time,Production       ,Wireline Construction
1210,08-Dec-20,Production Manager,BPC,Active,Full-Time,Zone B,Part-Time,Production       ,Field Operations
1211,05-Nov-18,Production Technician II,CCDR,Terminated,Part-Time,Zone B,Part-Time,Production       ,Field Operations
1212,26-Aug-20,Production Technician II,EW,Terminated,Contract,Zone C,Full-Time,Production       ,Engineers
1213,23-Feb-20,Production Technician II,MSC,Active,Part-Time,Zone A,Part-Time,Production       ,Project Management - Con
1214,12-Feb-22,Production Technician II,NEL,Active,Full-Time,Zone B,Full-Time,Production       ,Splicing
1215,13-Feb-20,Production Technician II,PL,Active,Contract,Zone C,Temporary,Production       ,Aerial
1216,15-Feb-23,Production Technician I,PYZ,Terminated,Part-Time,Zone B,Part-Time,Production       ,General - Con
1217,03-Dec-19,Production Technician I,SVG,Terminated,Full-Time,Zone B,Part-Time,Production       ,Wireline Construction
1218,31-Dec-18,Production Technician I,WBL,Active,Full-Time,Zone B,Temporary,Production       ,General - Con
1219,16-Jan-20,Production Technician I,BPC,Terminated,Part-Time,Zone B,Part-Time,Production       ,Engineers
1220,20-Nov-18,Production Technician I,CCDR,Terminated,Full-Time,Zone C,Temporary,Production       ,Executive
1221,11-Nov-22,Production Technician I,EW,Terminated,Part-Time,Zone A,Part-Time,Production       ,Yard (Material Handling)
1222,18-Dec-20,Production Technician I,MSC,Terminated,Contract,Zone A,Part-Time,Production       ,People Services
1223,26-Jan-21,Production Technician I,NEL,Active,Full-Time,Zone C,Temporary,Production       ,Engineers
1224,26-Nov-21,Production Technician I,PL,Terminated,Part-Time,Zone B,Part-Time,Production       ,Wireline Construction
1225,15-May-23,Production Technician I,PYZ,Active,Contract,Zone C,Part-Time,Production       ,Finance & Accounting
1226,20-Jun-23,Production Technician I,SVG,Active,Full-Time,Zone A,Full-Time,Production       ,Field Operations
1227,22-Aug-19,Production Technician I,TNS,Active,Part-Time,Zone C,Part-Time,Production       ,Billable Consultants
1228,30-Aug-21,Production Technician I,WBL,Active,Contract,Zone B,Full-Time,Production       ,Fielders
1229,27-Jan-20,Production Technician I,BPC,Active,Part-Time,Zone B,Part-Time,Production       ,Field Operations
1230,04-Mar-22,Production Technician I,CCDR,Active,Contract,Zone C,Temporary,Production       ,Wireline Construction
1231,07-Mar-20,Production Manager,EW,Active,Contract,Zone B,Temporary,Production       ,Wireless
1232,19-Mar-20,Production Manager,MSC,Active,Full-Time,Zone B,Full-Time,Production       ,People Services
1233,23-Jul-22,Production Technician II,WBL,Active,Full-Time,Zone A,Part-Time,Production       ,Wireline Construction
1234,18-Oct-19,Production Technician II,NEL,Terminated,Full-Time,Zone A,Temporary,Production       ,Sales & Marketing
1235,14-Apr-20,Production Technician II,PL,Active,Full-Time,Zone B,Full-Time,Production       ,General - Con
1236,25-Nov-18,Production Technician II,BPC,Terminated,Part-Time,Zone B,Full-Time,Production       ,Field Operations
1237,23-Mar-21,Production Technician II,CCDR,Terminated,Part-Time,Zone A,Part-Time,Production       ,Yard (Material Handling)
1238,27-Oct-20,Production Technician I,SVG,Terminated,Part-Time,Zone B,Part-Time,Production       ,Engineers
1239,11-Jun-22,Production Technician I,TNS,Terminated,Part-Time,Zone C,Temporary,Production       ,Splicing
1240,19-Mar-20,Production Technician I,PYZ,Active,Contract,Zone B,Temporary,Production       ,Isp
1241,07-Nov-19,Production Technician I,WBL,Terminated,Contract,Zone B,Full-Time,Production       ,Field Operations
1242,24-Apr-23,Production Technician I,NEL,Active,Full-Time,Zone C,Part-Time,Production       ,Wireline Construction
1243,04-Jun-20,Production Technician I,PL,Active,Contract,Zone A,Temporary,Production       ,General - Con
1244,23-May-22,Production Technician I,BPC,Active,Part-Time,Zone A,Full-Time,Production       ,Isp
1245,17-May-19,Production Technician I,CCDR,Active,Full-Time,Zone B,Temporary,Production       ,Engineers
1246,28-Sep-18,Production Technician I,SVG,Terminated,Part-Time,Zone B,Temporary,Production       ,Field Operations
1247,04-Mar-19,Production Technician I,EW,Active,Part-Time,Zone C,Part-Time,Production       ,Wireless
1248,29-Mar-21,Production Technician I,MSC,Active,Part-Time,Zone B,Full-Time,Production       ,Underground
1249,07-Jul-19,Production Technician I,TNS,Active,Full-Time,Zone A,Part-Time,Production       ,Field Operations
1250,06-Sep-18,Production Technician I,BPC,Active,Contract,Zone B,Full-Time,Production       ,General - Sga
1251,25-Sep-18,Production Technician I,CCDR,Active,Part-Time,Zone A,Part-Time,Production       ,Splicing
1252,11-Mar-22,Production Manager,EW,Active,Part-Time,Zone A,Temporary,Production       ,Project Management - Con
1253,13-Jul-20,Production Manager,MSC,Active,Part-Time,Zone A,Part-Time,Production       ,Project Management - Con
1254,22-Jun-20,Production Technician II,WBL,Active,Contract,Zone B,Full-Time,Production       ,General - Con
1255,30-Sep-19,Production Technician II,NEL,Terminated,Full-Time,Zone A,Temporary,Production       ,General - Con
1256,08-Jan-20,Production Technician II,PL,Active,Contract,Zone A,Temporary,Production       ,Wireline Construction
1257,16-Oct-21,Production Technician II,BPC,Active,Full-Time,Zone B,Temporary,Production       ,Engineers
1258,29-Jun-22,Production Technician II,CCDR,Active,Full-Time,Zone C,Temporary,Production       ,Aerial
1259,01-May-22,Production Technician I,SVG,Terminated,Full-Time,Zone A,Temporary,Production       ,General - Con
1260,16-Aug-18,Production Technician I,TNS,Active,Full-Time,Zone B,Part-Time,Production       ,Project Management - Con
1261,27-Dec-19,Production Technician I,PYZ,Active,Part-Time,Zone C,Temporary,Production       ,Field Operations
1262,01-Jul-21,Production Technician I,WBL,Terminated,Part-Time,Zone A,Full-Time,Production       ,Engineers
1263,20-Oct-22,Production Technician I,NEL,Active,Full-Time,Zone B,Full-Time,Production       ,Shop (Fleet)
1264,15-Feb-19,Production Technician I,PL,Active,Full-Time,Zone C,Full-Time,Production       ,Field Operations
1265,17-Jan-22,Production Technician I,BPC,Terminated,Part-Time,Zone C,Full-Time,Production       ,Field Operations
1266,14-Nov-21,Production Technician I,CCDR,Terminated,Full-Time,Zone A,Full-Time,Production       ,Project Management - Con
1267,14-Nov-20,Production Technician I,SVG,Active,Part-Time,Zone C,Full-Time,Production       ,General - Con
1268,25-Feb-23,Production Technician I,EW,Active,Part-Time,Zone A,Part-Time,Production       ,General - Con
1269,23-Aug-22,Production Technician I,MSC,Active,Contract,Zone A,Full-Time,Production       ,Yard (Material Handling)
1270,01-May-19,Production Technician I,TNS,Active,Part-Time,Zone C,Full-Time,Production       ,Field Operations
1271,26-Apr-20,Production Technician I,PYZ,Active,Full-Time,Zone A,Part-Time,Production       ,General - Sga
1272,08-Feb-21,Production Technician I,WBL,Active,Full-Time,Zone C,Temporary,Production       ,General - Eng
1273,29-Oct-20,Production Manager,NEL,Active,Contract,Zone A,Part-Time,Production       ,General - Sga
1274,22-Nov-22,Production Manager,PL,Active,Contract,Zone A,Full-Time,Production       ,Engineers
1275,11-Oct-22,Production Technician II,CCDR,Active,Full-Time,Zone B,Part-Time,Production       ,Aerial
1276,28-Dec-19,Production Technician II,EW,Active,Full-Time,Zone A,Full-Time,Production       ,General - Sga
1277,11-Apr-19,Production Technician II,MSC,Active,Full-Time,Zone C,Part-Time,Production       ,Splicing
1278,26-Oct-20,Production Technician II,NEL,Active,Full-Time,Zone A,Part-Time,Production       ,Field Operations
1279,09-Jul-21,Production Technician II,PL,Terminated,Part-Time,Zone B,Full-Time,Production       ,Field Operations
1280,12-Jan-22,Production Technician I,MSC,Active,Full-Time,Zone C,Temporary,Production       ,General - Sga
1281,07-Aug-20,Production Technician I,TNS,Terminated,Part-Time,Zone A,Part-Time,Production       ,Finance & Accounting
1282,10-Apr-21,Production Technician I,BPC,Terminated,Part-Time,Zone A,Temporary,Production       ,Catv
1283,11-Jan-21,Production Technician I,CCDR,Active,Full-Time,Zone C,Full-Time,Production       ,General - Eng
1284,08-Dec-19,Production Technician I,EW,Active,Contract,Zone B,Full-Time,Production       ,General - Eng
1285,26-Sep-21,Production Technician I,MSC,Active,Part-Time,Zone C,Full-Time,Production       ,General - Eng
1286,09-Sep-21,Production Technician I,NEL,Terminated,Full-Time,Zone B,Temporary,Production       ,Field Operations
1287,19-Sep-20,Production Technician I,PL,Terminated,Full-Time,Zone A,Full-Time,Production       ,General - Con
1288,11-Jan-22,Production Technician I,PYZ,Active,Full-Time,Zone C,Part-Time,Production       ,Aerial
1289,18-Jul-19,Production Technician I,SVG,Active,Full-Time,Zone C,Full-Time,Production       ,General - Con
1290,13-Apr-21,Production Technician I,TNS,Active,Full-Time,Zone A,Full-Time,Production       ,General - Sga
1291,17-Jun-23,Production Technician I,WBL,Active,Contract,Zone B,Temporary,Production       ,Engineers
1292,27-Oct-18,Production Technician I,BPC,Active,Full-Time,Zone A,Part-Time,Production       ,Engineers
1293,01-Jun-21,Production Technician I,CCDR,Active,Contract,Zone B,Full-Time,Production       ,Wireline Construction
1294,07-Apr-23,Production Manager,EW,Active,Part-Time,Zone B,Part-Time,Production       ,Wireline Construction
1295,13-Jun-21,Production Technician II,PYZ,Active,Full-Time,Zone A,Full-Time,Production       ,General - Con
1296,13-Mar-19,Production Technician II,WBL,Terminated,Full-Time,Zone B,Part-Time,Production       ,Field Operations
1297,24-May-19,Production Technician II,NEL,Terminated,Part-Time,Zone A,Temporary,Production       ,Isp
1298,25-Feb-23,Production Technician II,PL,Active,Part-Time,Zone B,Temporary,Production       ,General - Con
1299,24-Mar-20,Production Technician II,BPC,Active,Contract,Zone B,Full-Time,Production       ,Aerial
1300,12-Jun-21,Production Technician II,CCDR,Active,Contract,Zone B,Temporary,Production       ,Field Operations
1301,22-Mar-19,Production Technician I,MSC,Terminated,Part-Time,Zone B,Temporary,Production       ,Field Operations
1302,08-Mar-21,Production Technician I,TNS,Terminated,Full-Time,Zone A,Full-Time,Production       ,Field Operations
1303,15-May-20,Production Technician I,PYZ,Active,Contract,Zone A,Full-Time,Production       ,Finance & Accounting
1304,24-Jan-23,Production Technician I,WBL,Active,Full-Time,Zone B,Part-Time,Production       ,Safety
1305,06-Jan-21,Production Technician I,NEL,Terminated,Full-Time,Zone B,Temporary,Production       ,Field Operations
1306,16-Apr-21,Production Technician I,PL,Active,Part-Time,Zone B,Part-Time,Production       ,Project Management - Con
1307,22-Sep-21,Production Technician I,BPC,Terminated,Contract,Zone A,Full-Time,Production       ,Engineers
1308,28-Jun-22,Production Technician I,CCDR,Active,Full-Time,Zone C,Full-Time,Production       ,Project Management - Con
1309,17-Aug-20,Production Technician I,SVG,Active,Part-Time,Zone C,Part-Time,Production       ,Field Operations
1310,03-Apr-23,Production Technician I,EW,Active,Part-Time,Zone B,Full-Time,Production       ,General - Con
1311,26-May-23,Production Technician I,MSC,Active,Full-Time,Zone C,Part-Time,Production       ,Engineers
1312,10-Apr-21,Production Technician I,TNS,Active,Full-Time,Zone B,Full-Time,Production       ,General - Eng
1313,18-Apr-23,Production Technician I,PYZ,Active,Contract,Zone C,Part-Time,Production       ,Field Operations
1314,13-Oct-21,Production Technician I,WBL,Active,Contract,Zone C,Full-Time,Production       ,General - Con
1315,10-Oct-20,Sr. Accountant,NEL,Active,Part-Time,Zone A,Temporary,Admin Offices,Splicing
1316,20-Jan-19,President & CEO,CCDR,Active,Part-Time,Zone A,Full-Time,Executive Office,Aerial
1317,09-May-21,Sr. Accountant,MSC,Active,Full-Time,Zone A,Part-Time,Admin Offices,Aerial
1318,29-Jul-23,Administrative Assistant,WBL,Active,Contract,Zone B,Temporary,Admin Offices,Field Operations
1319,24-Aug-19,Accountant I,EW,Active,Part-Time,Zone C,Temporary,Admin Offices,Finance & Accounting
1320,25-Dec-18,Administrative Assistant,WBL,Active,Part-Time,Zone B,Full-Time,Admin Offices,Wireline Construction
1321,27-May-21,Accountant I,TNS,Active,Contract,Zone A,Full-Time,Admin Offices,Project Management - Con
1322,02-Feb-23,Accountant I,TNS,Active,Full-Time,Zone B,Full-Time,Admin Offices,Executive
1323,06-Dec-22,Administrative Assistant,PL,Active,Full-Time,Zone B,Temporary,Admin Offices,Aerial
1324,23-Jul-21,Accountant I,MSC,Active,Part-Time,Zone A,Part-Time,Admin Offices,General - Con
1325,16-Nov-19,Accountant I,TNS,Active,Contract,Zone B,Temporary,Admin Offices,Engineers
1326,08-Mar-20,Sr. Network Engineer,PYZ,Active,Full-Time,Zone A,Temporary,Admin Offices,General - Eng
1327,14-Jan-19,Sr. Network Engineer,WBL,Active,Part-Time,Zone B,Temporary,Admin Offices,Engineers
1328,29-Feb-20,Sr. Network Engineer,NEL,Active,Part-Time,Zone C,Full-Time,IT/IS,Executive
1329,25-Nov-22,Software Engineer,PL,Active,Contract,Zone B,Part-Time,Software Engineering,Field Operations
1330,15-Sep-22,Accountant I,MSC,Active,Full-Time,Zone A,Part-Time,Admin Offices,General - Con
1331,11-Aug-21,Accountant I,TNS,Active,Full-Time,Zone C,Temporary,Admin Offices,People Services
1332,03-Aug-23,Sr. Network Engineer,PYZ,Active,Contract,Zone B,Part-Time,Admin Offices,Wireline Construction
1333,14-Mar-22,Sr. Network Engineer,WBL,Active,Part-Time,Zone A,Part-Time,IT/IS,Field Operations
1334,01-Sep-20,Sr. Network Engineer,NEL,Active,Full-Time,Zone B,Part-Time,IT/IS,Underground
1335,31-Oct-21,Software Engineer,NEL,Active,Contract,Zone A,Full-Time,Software Engineering,General - Con
1336,26-Feb-20,Accountant I,TNS,Active,Full-Time,Zone A,Part-Time,Admin Offices,Field Operations
1337,10-Aug-18,Accountant I,WBL,Active,Full-Time,Zone A,Temporary,Admin Offices,General - Con
1338,30-Sep-20,Sr. Network Engineer,BPC,Active,Contract,Zone C,Part-Time,Admin Offices,Shop (Fleet)
1339,01-Apr-21,Sr. Network Engineer,CCDR,Active,Contract,Zone B,Temporary,IT/IS,Wireline Construction
1340,21-Mar-21,Sr. Network Engineer,EW,Active,Full-Time,Zone B,Part-Time,IT/IS,General - Eng
1341,03-Nov-21,Software Engineering Manager,CCDR,Active,Part-Time,Zone C,Full-Time,Software Engineering,Engineers
1342,22-Jun-19,Accountant I,EW,Active,Full-Time,Zone B,Part-Time,Admin Offices,Aerial
1343,12-Nov-19,Accountant I,MSC,Active,Contract,Zone B,Temporary,Admin Offices,Shop (Fleet)
1344,20-Sep-22,Accountant I,TNS,Active,Part-Time,Zone A,Part-Time,Admin Offices,General - Con
1345,27-Jan-23,Sr. Network Engineer,PYZ,Active,Full-Time,Zone A,Full-Time,Admin Offices,Fielders
1346,21-Feb-21,Sr. Network Engineer,WBL,Active,Contract,Zone C,Temporary,IT/IS,Field Operations
1347,04-Mar-22,Sr. Network Engineer,NEL,Active,Part-Time,Zone B,Full-Time,IT/IS,General - Con
1349,02-Aug-21,Accountant I,EW,Active,Full-Time,Zone B,Part-Time,Admin Offices,Safety
1350,04-Mar-22,Accountant I,MSC,Active,Part-Time,Zone B,Temporary,Admin Offices,Field Operations
1351,28-Mar-21,Accountant I,TNS,Active,Contract,Zone C,Part-Time,Admin Offices,Field Operations
1352,08-Aug-18,Sr. Network Engineer,PYZ,Active,Contract,Zone B,Full-Time,Admin Offices,Field Operations
1353,15-Sep-20,Sr. Network Engineer,WBL,Active,Part-Time,Zone A,Temporary,IT/IS,Field Operations
1355,16-Jun-21,Administrative Assistant,SVG,Active,Full-Time,Zone B,Temporary,Admin Offices,General - Con
1356,20-Mar-23,Accountant I,EW,Active,Part-Time,Zone A,Temporary,Admin Offices,Engineers
1357,07-Sep-18,Accountant I,MSC,Active,Full-Time,Zone C,Temporary,Admin Offices,Engineers
1358,08-Nov-18,Accountant I,TNS,Active,Part-Time,Zone B,Full-Time,Admin Offices,Field Operations
1359,26-Jan-19,Sr. Network Engineer,BPC,Active,Full-Time,Zone A,Part-Time,Admin Offices,Catv
1360,30-Aug-21,Sr. Network Engineer,CCDR,Active,Contract,Zone B,Full-Time,IT/IS,Field Operations
1362,10-Nov-19,Administrative Assistant,SVG,Active,Full-Time,Zone C,Part-Time,Admin Offices,General - Con
1363,28-Jul-23,Accountant I,EW,Active,Full-Time,Zone A,Full-Time,Admin Offices,General - Con
1364,03-Apr-19,Accountant I,MSC,Active,Contract,Zone C,Temporary,Admin Offices,Finance & Accounting
1365,24-Jul-19,Accountant I,TNS,Active,Contract,Zone C,Part-Time,Admin Offices,Field Operations
1366,29-Apr-22,Sr. Network Engineer,PYZ,Active,Contract,Zone B,Temporary,IT/IS,General - Con
1367,06-Oct-20,Sr. Network Engineer,WBL,Active,Part-Time,Zone B,Temporary,IT/IS,Executive
1368,04-Apr-20,Sr. Accountant,PYZ,Active,Part-Time,Zone C,Temporary,Admin Offices,General - Sga
1369,26-Mar-21,Administrative Assistant,CCDR,Active,Contract,Zone C,Full-Time,Sales,Aerial
1370,19-May-22,Administrative Assistant,SVG,Active,Part-Time,Zone A,Temporary,Admin Offices,General - Con
1371,28-Aug-21,Accountant I,EW,Active,Contract,Zone A,Part-Time,Admin Offices,Field Operations
1372,24-Nov-22,Accountant I,MSC,Active,Contract,Zone A,Full-Time,Admin Offices,Aerial
1373,12-Jan-22,Accountant I,TNS,Active,Contract,Zone A,Part-Time,Admin Offices,Field Operations
1374,07-Jul-19,Sr. Network Engineer,PYZ,Active,Part-Time,Zone B,Temporary,IT/IS,Aerial
1375,14-Jul-21,Sr. Accountant,PYZ,Active,Contract,Zone B,Full-Time,Admin Offices,Technology / It
1376,03-Dec-19,Administrative Assistant,CCDR,Active,Full-Time,Zone B,Temporary,Sales,Field Operations
1377,03-Mar-21,Administrative Assistant,SVG,Active,Part-Time,Zone A,Full-Time,Admin Offices,General - Con
1378,13-Jun-22,Accountant I,EW,Active,Full-Time,Zone C,Part-Time,Admin Offices,Fielders
1379,23-Jan-23,Accountant I,MSC,Active,Part-Time,Zone A,Temporary,Admin Offices,General - Sga
1380,06-Sep-20,Accountant I,TNS,Active,Part-Time,Zone A,Temporary,Admin Offices,Field Operations
1381,17-Oct-22,Sr. Network Engineer,PYZ,Active,Full-Time,Zone A,Temporary,IT/IS,Aerial
1382,07-Jun-19,Sr. Accountant,TNS,Active,Full-Time,Zone B,Part-Time,Admin Offices,Field Operations
1383,28-Jan-22,Sr. Accountant,BPC,Active,Contract,Zone C,Part-Time,Admin Offices,General - Con
1384,01-Jul-20,Administrative Assistant,CCDR,Active,Part-Time,Zone B,Full-Time,Admin Offices,Field Operations
1385,30-May-20,Administrative Assistant,SVG,Active,Full-Time,Zone C,Part-Time,Admin Offices,Field Operations
1386,05-Oct-19,Accountant I,EW,Active,Contract,Zone C,Full-Time,Admin Offices,General - Con
1387,06-Nov-21,Accountant I,MSC,Active,Contract,Zone B,Full-Time,Admin Offices,General - Con
1388,09-May-19,Accountant I,TNS,Active,Part-Time,Zone B,Full-Time,Admin Offices,Field Operations
1389,28-Oct-19,Production Technician II,NEL,Active,Part-Time,Zone A,Full-Time,Production       ,Isp
1390,11-Jan-19,Production Technician I,SVG,Active,Contract,Zone C,Part-Time,Production       ,General - Con
1391,02-Apr-20,Production Technician I,MSC,Active,Contract,Zone A,Temporary,Production       ,Wireless
1392,07-Jun-19,Production Technician I,PL,Active,Part-Time,Zone A,Part-Time,Production       ,Field Operations
1393,22-Nov-21,Production Technician I,SVG,Active,Part-Time,Zone C,Part-Time,Production       ,General - Con
1394,19-Jan-19,Production Technician I,NEL,Active,Full-Time,Zone A,Part-Time,Production       ,Field Operations
1395,17-Dec-21,Production Technician II,SVG,Terminated,Full-Time,Zone C,Part-Time,Production       ,General - Con
1396,04-May-19,Production Technician I,SVG,Active,Part-Time,Zone A,Full-Time,Production       ,General - Eng
1397,25-Dec-18,Production Technician I,MSC,Active,Contract,Zone A,Part-Time,Production       ,General - Con
1398,03-Jan-21,Production Technician I,PYZ,Active,Part-Time,Zone C,Full-Time,Production       ,Splicing
1399,15-Jun-23,Production Technician I,BPC,Active,Part-Time,Zone C,Full-Time,Production       ,General - Con
1400,29-Aug-18,Production Technician II,NEL,Active,Full-Time,Zone B,Full-Time,Production       ,Field Operations
1401,04-Jan-19,Production Technician I,PL,Active,Contract,Zone B,Part-Time,Production       ,Splicing
1402,10-Sep-21,Production Technician I,MSC,Active,Full-Time,Zone B,Full-Time,Production       ,General - Sga
1403,08-Jul-21,Production Technician I,SVG,Active,Full-Time,Zone B,Temporary,Production       ,Field Operations
1404,01-Nov-18,Production Technician II,BPC,Terminated,Contract,Zone B,Part-Time,Production       ,Finance & Accounting
1405,08-Dec-18,Production Technician II,PL,Active,Part-Time,Zone A,Temporary,Production       ,Field Operations
1406,25-Oct-22,Production Technician II,PYZ,Active,Part-Time,Zone A,Full-Time,Production       ,General - Con
1407,04-Apr-23,Production Technician I,TNS,Active,Full-Time,Zone B,Temporary,Production       ,General - Sga
1408,17-Mar-21,Production Technician I,PL,Active,Contract,Zone B,Part-Time,Production       ,Field Operations
1409,11-Mar-19,Production Technician I,MSC,Terminated,Full-Time,Zone A,Part-Time,Production       ,General - Con
1410,25-Feb-22,Production Technician I,SVG,Active,Contract,Zone C,Temporary,Production       ,Wireline Construction
1411,02-Jul-19,Production Technician I,EW,Active,Part-Time,Zone C,Part-Time,Production       ,Aerial
1412,20-Jun-19,Production Technician I,MSC,Active,Part-Time,Zone B,Full-Time,Production       ,Field Operations
1413,27-Sep-19,Production Technician I,TNS,Active,Part-Time,Zone A,Full-Time,Production       ,Finance & Accounting
1414,15-Nov-22,Production Technician I,BPC,Active,Contract,Zone C,Full-Time,Production       ,Aerial
1415,22-Aug-20,Production Technician I,CCDR,Active,Part-Time,Zone A,Part-Time,Production       ,Field Operations
1416,09-Apr-20,Production Technician I,EW,Active,Part-Time,Zone B,Full-Time,Production       ,Field Operations
1417,30-Mar-21,Production Technician I,MSC,Active,Full-Time,Zone C,Part-Time,Production       ,Aerial
1418,26-Sep-18,Production Technician I,NEL,Active,Part-Time,Zone C,Temporary,Production       ,Wireline Construction
1419,22-May-23,Production Technician I,PL,Active,Contract,Zone C,Full-Time,Production       ,Field Operations
1420,04-Jun-21,Production Technician I,PYZ,Active,Contract,Zone B,Temporary,Production       ,Project Management - Con
1421,22-Oct-19,Production Technician I,SVG,Active,Contract,Zone C,Full-Time,Production       ,General - Con
1423,25-Jun-22,Production Technician I,WBL,Active,Full-Time,Zone A,Full-Time,Production       ,Aerial
1425,04-Aug-19,Production Technician I,CCDR,Active,Part-Time,Zone B,Full-Time,Production       ,Field Operations
1426,08-Mar-22,Production Technician I,EW,Terminated,Full-Time,Zone A,Full-Time,Production       ,General - Con
1427,22-Feb-19,Production Technician II,CCDR,Active,Full-Time,Zone A,Part-Time,Production       ,Engineers
1428,08-Dec-22,Production Technician II,SVG,Active,Full-Time,Zone C,Part-Time,Production       ,Executive
1429,22-Nov-19,Production Technician II,EW,Terminated,Contract,Zone B,Temporary,Production       ,Field Operations
1430,13-Feb-23,Production Technician II,MSC,Terminated,Part-Time,Zone A,Temporary,Production       ,Yard (Material Handling)
1431,15-Mar-19,Production Technician II,TNS,Active,Full-Time,Zone B,Full-Time,Production       ,Field Operations
1432,18-Jul-19,Production Technician II,PYZ,Active,Contract,Zone A,Part-Time,Production       ,Project Management - Con
1433,09-Apr-21,Production Technician I,SVG,Active,Part-Time,Zone C,Part-Time,Production       ,General - Con
1434,30-Dec-18,Production Technician I,EW,Active,Part-Time,Zone C,Part-Time,Production       ,Splicing
1435,30-Jul-21,Production Technician I,MSC,Active,Contract,Zone C,Temporary,Production       ,Field Operations
1436,28-Oct-22,Production Technician I,TNS,Active,Full-Time,Zone C,Temporary,Production       ,Field Operations
1437,29-Oct-20,Production Technician I,PYZ,Active,Contract,Zone C,Temporary,Production       ,Project Management - Con
1438,17-Mar-23,Production Technician I,WBL,Active,Contract,Zone B,Part-Time,Production       ,Field Operations
1439,20-Jul-22,Production Technician I,NEL,Active,Full-Time,Zone A,Temporary,Production       ,General - Con
1440,04-Aug-23,Production Technician I,PL,Active,Part-Time,Zone A,Temporary,Production       ,Field Operations
1441,26-Nov-21,Production Technician I,BPC,Active,Contract,Zone A,Temporary,Production       ,Field Operations
1442,27-Sep-18,Production Technician I,CCDR,Active,Full-Time,Zone A,Temporary,Production       ,Safety
1443,04-Aug-19,Production Technician I,SVG,Active,Contract,Zone C,Part-Time,Production       ,Field Operations
1444,03-Oct-19,Production Technician I,EW,Active,Contract,Zone C,Part-Time,Production       ,General - Con
1448,13-Sep-20,Production Technician I,WBL,Active,Part-Time,Zone A,Part-Time,Production       ,General - Con
1449,15-Nov-22,Production Technician II,PL,Active,Part-Time,Zone B,Temporary,Production       ,General - Sga
1450,07-Feb-20,Production Technician II,PYZ,Terminated,Full-Time,Zone C,Temporary,Production       ,Field Operations
1451,31-Dec-22,Production Technician II,SVG,Active,Part-Time,Zone A,Part-Time,Production       ,Splicing
1452,26-Mar-19,Production Technician II,TNS,Active,Full-Time,Zone B,Full-Time,Production       ,Field Operations
1453,22-Mar-23,Production Technician II,WBL,Active,Full-Time,Zone C,Temporary,Production       ,Engineers
1454,23-Dec-22,Production Technician II,WBL,Terminated,Full-Time,Zone C,Temporary,Production       ,General - Con
1455,27-Dec-19,Production Technician I,PL,Active,Contract,Zone C,Full-Time,Production       ,General - Sga
1456,25-Jun-19,Production Technician I,PYZ,Active,Full-Time,Zone B,Full-Time,Production       ,Engineers
1457,23-Nov-18,Production Technician I,SVG,Active,Contract,Zone A,Part-Time,Production       ,Field Operations
1458,17-Jan-21,Production Technician I,TNS,Active,Full-Time,Zone A,Part-Time,Production       ,Wireline Construction
1459,08-Sep-21,Production Technician I,WBL,Active,Contract,Zone C,Temporary,Production       ,Engineers
1460,24-Feb-21,Production Technician I,BPC,Active,Full-Time,Zone A,Temporary,Production       ,Wireline Construction
1461,12-Apr-19,Production Technician I,CCDR,Active,Full-Time,Zone C,Full-Time,Production       ,Project Management - Con
1462,13-Jul-23,Production Technician I,EW,Active,Contract,Zone C,Temporary,Production       ,Fielders
1463,05-Oct-20,Production Technician I,MSC,Active,Contract,Zone C,Temporary,Production       ,Field Operations
1464,27-Jan-19,Production Technician I,NEL,Active,Part-Time,Zone C,Full-Time,Production       ,General - Sga
1465,17-Dec-20,Production Technician I,PL,Active,Part-Time,Zone A,Full-Time,Production       ,Technology / It
1466,04-Mar-21,Production Technician I,PYZ,Active,Full-Time,Zone A,Temporary,Production       ,Billable Consultants
1467,30-Mar-23,Production Technician I,SVG,Active,Full-Time,Zone A,Temporary,Production       ,People Services
1468,27-Dec-18,Production Technician I,TNS,Active,Contract,Zone A,Part-Time,Production       ,Field Operations
1469,20-Sep-21,Production Technician I,WBL,Active,Full-Time,Zone B,Temporary,Production       ,Field Operations
1470,08-Feb-23,Production Technician I,BPC,Active,Part-Time,Zone B,Part-Time,Production       ,General - Sga
1471,16-Oct-19,Production Technician II,CCDR,Terminated,Full-Time,Zone B,Part-Time,Production       ,Field Operations
1472,31-Aug-21,Production Technician II,SVG,Active,Contract,Zone C,Full-Time,Production       ,Project Management - Con
1473,25-Sep-20,Production Technician II,EW,Active,Contract,Zone B,Full-Time,Production       ,Field Operations
1474,01-Feb-23,Production Technician II,MSC,Terminated,Full-Time,Zone C,Part-Time,Production       ,Engineers
1475,17-Jan-23,Production Technician II,TNS,Active,Full-Time,Zone A,Temporary,Production       ,Wireline Construction
1476,07-Dec-19,Production Technician II,PYZ,Terminated,Contract,Zone C,Part-Time,Production       ,Field Operations
1477,21-Nov-18,Production Technician I,CCDR,Active,Contract,Zone B,Full-Time,Production       ,Wireline Construction
1478,15-Feb-21,Production Technician I,SVG,Active,Part-Time,Zone B,Part-Time,Production       ,Field Operations
1479,06-Jan-21,Production Technician I,EW,Active,Part-Time,Zone B,Full-Time,Production       ,Project Management - Con
1480,18-Jan-19,Production Technician I,MSC,Active,Part-Time,Zone B,Part-Time,Production       ,Shop (Fleet)
1481,15-Mar-23,Production Technician I,TNS,Active,Full-Time,Zone A,Part-Time,Production       ,Field Operations
1482,11-Nov-19,Production Technician I,PYZ,Active,Contract,Zone C,Temporary,Production       ,Finance & Accounting
1483,21-Aug-22,Production Technician I,WBL,Active,Full-Time,Zone A,Full-Time,Production       ,Shop (Fleet)
1484,05-May-20,Production Technician I,NEL,Active,Full-Time,Zone B,Full-Time,Production       ,General - Con
1485,05-Mar-21,Production Technician I,PL,Active,Contract,Zone A,Part-Time,Production       ,Aerial
1486,07-Mar-19,Production Technician I,BPC,Active,Part-Time,Zone A,Full-Time,Production       ,Engineers
1487,08-May-22,Production Technician I,CCDR,Active,Full-Time,Zone B,Part-Time,Production       ,General - Con
1489,01-Dec-20,Production Technician I,EW,Active,Contract,Zone A,Part-Time,Production       ,Fielders
1490,13-Aug-19,Production Technician I,MSC,Active,Contract,Zone A,Temporary,Production       ,Engineers
1491,09-Mar-20,Production Technician I,TNS,Active,Part-Time,Zone C,Temporary,Production       ,Project Management - Con
1492,06-May-20,Production Technician II,CCDR,Active,Full-Time,Zone B,Temporary,Production       ,Engineers
1493,03-Aug-22,Production Technician II,SVG,Active,Full-Time,Zone B,Temporary,Production       ,Field Operations
1494,13-Oct-18,Production Technician II,EW,Terminated,Contract,Zone B,Full-Time,Production       ,Splicing
1495,04-Jul-21,Production Technician II,MSC,Active,Part-Time,Zone A,Temporary,Production       ,General - Con
1496,30-Apr-19,Production Technician II,TNS,Active,Part-Time,Zone A,Full-Time,Production       ,Splicing
1497,03-Nov-20,Production Technician II,PYZ,Active,Contract,Zone C,Temporary,Production       ,Engineers
1498,15-Aug-22,Production Technician I,BPC,Active,Full-Time,Zone B,Part-Time,Production       ,Engineers
1499,26-Feb-22,Production Technician I,CCDR,Active,Contract,Zone A,Full-Time,Production       ,General - Con
1500,13-May-19,Production Technician I,SVG,Active,Part-Time,Zone B,Part-Time,Production       ,Field Operations
1501,24-Oct-21,Production Technician I,EW,Active,Contract,Zone A,Part-Time,Production       ,Field Operations
1502,10-May-21,Production Technician I,MSC,Active,Full-Time,Zone B,Full-Time,Production       ,General - Eng
1503,13-Jun-21,Production Technician I,TNS,Active,Contract,Zone A,Part-Time,Production       ,General - Sga
1504,04-Nov-19,Production Technician I,PYZ,Active,Full-Time,Zone C,Full-Time,Production       ,Engineers
1505,29-Jan-20,Production Technician I,WBL,Active,Full-Time,Zone A,Part-Time,Production       ,Wireline Construction
1506,05-Sep-18,Production Technician I,NEL,Active,Part-Time,Zone B,Part-Time,Production       ,Engineers
1507,21-Jul-21,Production Technician I,PL,Active,Full-Time,Zone C,Full-Time,Production       ,General - Sga
1508,20-May-23,Production Technician I,BPC,Active,Part-Time,Zone B,Temporary,Production       ,General - Con
1509,16-May-22,Production Technician I,CCDR,Active,Full-Time,Zone C,Full-Time,Production       ,General - Sga
1510,15-Mar-21,Production Technician I,SVG,Active,Contract,Zone C,Temporary,Production       ,General - Sga
1513,21-Dec-19,Production Technician II,PL,Active,Contract,Zone C,Temporary,Production       ,General - Eng
1514,15-Jul-22,Production Technician II,PYZ,Active,Contract,Zone C,Part-Time,Production       ,Splicing
1515,26-Sep-18,Production Technician II,SVG,Active,Full-Time,Zone B,Part-Time,Production       ,General - Con
1516,16-Oct-22,Production Technician II,TNS,Active,Contract,Zone B,Full-Time,Production       ,General - Eng
1517,02-Dec-21,Production Technician II,WBL,Active,Full-Time,Zone C,Part-Time,Production       ,Splicing
1518,07-Mar-19,Production Technician II,BPC,Terminated,Full-Time,Zone B,Temporary,Production       ,Fielders
1519,02-May-23,Production Technician I,BPC,Active,Part-Time,Zone B,Full-Time,Production       ,Project Management - Con
1520,24-Aug-20,Production Technician I,CCDR,Active,Full-Time,Zone A,Full-Time,Production       ,Sales & Marketing
1521,08-Dec-20,Production Technician I,SVG,Active,Contract,Zone B,Temporary,Production       ,Wireline Construction
1522,15-Feb-21,Production Technician I,EW,Active,Full-Time,Zone B,Full-Time,Production       ,Field Operations
1523,15-Sep-20,Production Technician I,MSC,Active,Contract,Zone B,Full-Time,Production       ,People Services
1524,16-Mar-23,Production Technician I,TNS,Active,Full-Time,Zone A,Temporary,Production       ,Engineers
1525,14-Nov-21,Production Technician I,BPC,Active,Full-Time,Zone B,Temporary,Production       ,General - Con
1526,23-Apr-21,Production Technician I,CCDR,Active,Contract,Zone B,Full-Time,Production       ,Field Operations
1527,05-Jun-22,Production Technician I,EW,Active,Part-Time,Zone A,Full-Time,Production       ,Engineers
1528,19-Nov-22,Production Technician I,MSC,Active,Part-Time,Zone A,Part-Time,Production       ,Field Operations
1529,14-Apr-23,Production Technician I,NEL,Active,Full-Time,Zone C,Part-Time,Production       ,Field Operations
1530,13-Dec-22,Production Technician I,PL,Active,Contract,Zone B,Full-Time,Production       ,Field Operations
1534,27-Feb-22,Production Technician II,CCDR,Active,Full-Time,Zone B,Temporary,Production       ,Field Operations
1535,08-May-21,Production Technician II,SVG,Active,Contract,Zone B,Part-Time,Production       ,General - Con
1536,27-Dec-22,Production Technician II,EW,Active,Contract,Zone C,Part-Time,Production       ,General - Con
1537,16-Aug-20,Production Technician II,MSC,Active,Contract,Zone B,Full-Time,Production       ,Project Management - Con
1538,20-Jan-23,Production Technician II,TNS,Active,Contract,Zone B,Full-Time,Production       ,Splicing
1539,28-Dec-20,Production Technician II,PYZ,Terminated,Part-Time,Zone A,Full-Time,Production       ,Project Management - Con
1540,18-Feb-21,Production Technician I,BPC,Active,Contract,Zone C,Temporary,Production       ,Technology / It
1541,16-Jan-21,Production Technician I,CCDR,Active,Part-Time,Zone C,Full-Time,Production       ,General - Sga
1542,07-Apr-22,Production Technician I,SVG,Active,Full-Time,Zone A,Temporary,Production       ,Splicing
1543,11-Jul-19,Production Technician I,EW,Active,Part-Time,Zone A,Part-Time,Production       ,Field Operations
1544,09-Aug-20,Production Technician I,MSC,Active,Part-Time,Zone C,Temporary,Production       ,General - Eng
1545,20-Sep-18,Production Technician I,TNS,Active,Contract,Zone A,Part-Time,Production       ,Field Operations
1546,21-Jan-20,Production Technician I,PYZ,Active,Part-Time,Zone B,Part-Time,Production       ,Splicing
1547,17-Feb-22,Production Technician I,WBL,Active,Contract,Zone B,Temporary,Production       ,Technology / It
1548,11-Jun-19,Production Technician I,NEL,Active,Part-Time,Zone A,Full-Time,Production       ,Engineers
1549,05-May-22,Production Technician I,PL,Active,Part-Time,Zone C,Full-Time,Production       ,Executive
1550,19-Sep-18,Production Technician I,BPC,Active,Full-Time,Zone A,Temporary,Production       ,Field Operations
1553,17-Dec-22,Production Technician I,EW,Active,Part-Time,Zone C,Part-Time,Production       ,Field Operations
1555,27-Mar-19,Production Technician II,PL,Active,Part-Time,Zone A,Part-Time,Production       ,Field Operations
1556,08-May-23,Production Technician II,PYZ,Active,Full-Time,Zone B,Temporary,Production       ,Project Management - Con
1557,12-Dec-18,Production Technician II,SVG,Terminated,Part-Time,Zone B,Temporary,Production       ,Project Management - Con
1558,25-Aug-20,Production Technician II,TNS,Active,Part-Time,Zone A,Temporary,Production       ,Field Operations
1559,22-Apr-22,Production Technician II,WBL,Terminated,Full-Time,Zone B,Full-Time,Production       ,Project Management - Con
1560,20-Dec-21,Production Technician II,PYZ,Terminated,Full-Time,Zone A,Full-Time,Production       ,General - Con
1561,12-Feb-21,Production Technician I,PL,Active,Contract,Zone C,Full-Time,Production       ,General - Con
1562,29-Sep-20,Production Technician I,BPC,Active,Full-Time,Zone B,Temporary,Production       ,General - Sga
1563,10-Sep-22,Production Technician I,CCDR,Active,Contract,Zone C,Temporary,Production       ,Field Operations
1564,11-Mar-23,Production Technician I,SVG,Active,Contract,Zone A,Full-Time,Production       ,General - Con
1565,28-Apr-22,Production Technician I,EW,Active,Full-Time,Zone C,Full-Time,Production       ,Field Operations
1566,20-Mar-22,Production Technician I,MSC,Active,Full-Time,Zone B,Temporary,Production       ,Yard (Material Handling)
1567,04-Mar-22,Production Technician I,TNS,Active,Contract,Zone C,Part-Time,Production       ,Field Operations
1568,01-Feb-23,Production Technician I,PYZ,Active,Part-Time,Zone B,Full-Time,Production       ,Yard (Material Handling)
1569,05-Feb-21,Production Technician I,WBL,Active,Part-Time,Zone C,Full-Time,Production       ,Engineers
1570,23-Nov-22,Production Technician I,NEL,Active,Contract,Zone C,Part-Time,Production       ,General - Con
1571,24-May-21,Production Technician I,PL,Active,Part-Time,Zone A,Full-Time,Production       ,Yard (Material Handling)
1572,28-Sep-21,Production Technician I,BPC,Active,Part-Time,Zone C,Part-Time,Production       ,Fielders
1573,17-Mar-21,Production Technician I,CCDR,Active,Contract,Zone A,Part-Time,Production       ,Shop (Fleet)
1576,11-Nov-19,Production Technician I,MSC,Terminated,Full-Time,Zone C,Full-Time,Production       ,Aerial
1577,15-Dec-20,Production Technician II,PL,Active,Full-Time,Zone B,Temporary,Production       ,Finance & Accounting
1578,06-May-21,Production Technician II,PYZ,Terminated,Part-Time,Zone B,Part-Time,Production       ,Field Operations
1579,08-Jul-21,Production Technician II,SVG,Active,Part-Time,Zone A,Full-Time,Production       ,General - Con
1580,04-Apr-23,Production Technician II,TNS,Active,Part-Time,Zone A,Full-Time,Production       ,Finance & Accounting
1581,05-Aug-22,Production Technician II,WBL,Terminated,Full-Time,Zone C,Part-Time,Production       ,General - Con
1582,06-Apr-20,Production Technician II,BPC,Terminated,Part-Time,Zone C,Temporary,Production       ,Field Operations
1583,02-Mar-23,Production Technician I,NEL,Terminated,Full-Time,Zone B,Part-Time,Production       ,Project Management - Con
1584,09-Apr-20,Production Technician I,PL,Active,Contract,Zone B,Part-Time,Production       ,Fielders
1585,17-Sep-22,Production Technician I,BPC,Active,Part-Time,Zone A,Temporary,Production       ,Splicing
1586,15-Jan-22,Production Technician I,CCDR,Active,Full-Time,Zone C,Full-Time,Production       ,General - Con
1587,23-May-22,Production Technician I,SVG,Active,Part-Time,Zone C,Part-Time,Production       ,Splicing
1588,15-Jul-21,Production Technician I,EW,Active,Full-Time,Zone A,Temporary,Production       ,Splicing
1589,28-Aug-20,Production Technician I,MSC,Active,Contract,Zone A,Part-Time,Production       ,Field Operations
1590,09-Sep-21,Production Technician I,TNS,Active,Part-Time,Zone A,Full-Time,Production       ,Wireline Construction
1591,10-Feb-23,Production Technician I,PYZ,Active,Contract,Zone A,Part-Time,Production       ,General - Con
1592,14-Jun-20,Production Technician I,WBL,Active,Full-Time,Zone A,Full-Time,Production       ,Engineers
1593,05-Dec-20,Production Technician I,NEL,Active,Part-Time,Zone B,Full-Time,Production       ,Catv
1594,16-Jul-22,Production Technician I,PL,Active,Part-Time,Zone B,Full-Time,Production       ,Aerial
1595,09-Jun-23,Production Technician I,BPC,Active,Part-Time,Zone A,Full-Time,Production       ,General - Eng
1599,18-May-22,Production Technician II,BPC,Terminated,Full-Time,Zone C,Full-Time,Production       ,Field Operations
1600,06-Nov-18,Production Technician II,CCDR,Active,Contract,Zone A,Full-Time,Production       ,General - Con
1601,29-Mar-22,Production Technician II,SVG,Active,Part-Time,Zone C,Temporary,Production       ,Engineers
1602,04-Nov-21,Production Technician II,EW,Active,Full-Time,Zone A,Part-Time,Production       ,General - Con
1603,27-Apr-23,Production Technician II,MSC,Active,Part-Time,Zone B,Part-Time,Production       ,General - Con
1604,08-Mar-20,Production Technician II,TNS,Active,Full-Time,Zone B,Full-Time,Production       ,General - Con
1605,27-Apr-19,Production Technician I,NEL,Terminated,Full-Time,Zone B,Full-Time,Production       ,Field Operations
1606,11-May-19,Production Technician I,PL,Active,Full-Time,Zone C,Full-Time,Production       ,Field Operations
1607,09-Mar-21,Production Technician I,BPC,Active,Contract,Zone C,Temporary,Production       ,Shop (Fleet)
1608,05-Nov-20,Production Technician I,CCDR,Active,Part-Time,Zone A,Temporary,Production       ,Field Operations
1609,12-Sep-18,Production Technician I,SVG,Active,Contract,Zone A,Full-Time,Production       ,General - Eng
1610,09-Nov-19,Production Technician I,EW,Active,Part-Time,Zone B,Full-Time,Production       ,General - Con
1611,29-Nov-18,Production Technician I,MSC,Active,Full-Time,Zone C,Part-Time,Production       ,Project Management - Con
1612,03-Jul-22,Production Technician I,TNS,Active,Part-Time,Zone B,Temporary,Production       ,General - Sga
1613,26-Sep-19,Production Technician I,PYZ,Active,Contract,Zone C,Full-Time,Production       ,Field Operations
1614,23-Dec-22,Production Technician I,WBL,Active,Part-Time,Zone B,Part-Time,Production       ,Field Operations
1615,19-Jan-23,Production Technician I,NEL,Active,Part-Time,Zone C,Part-Time,Production       ,General - Con
1616,01-Oct-18,Production Technician I,PL,Active,Full-Time,Zone A,Part-Time,Production       ,Field Operations
1617,18-Feb-22,Production Technician I,BPC,Active,Full-Time,Zone B,Full-Time,Production       ,Aerial
1618,09-Dec-21,Production Technician I,CCDR,Active,Full-Time,Zone B,Temporary,Production       ,Field Operations
1620,27-May-20,Production Technician I,EW,Active,Contract,Zone A,Full-Time,Production       ,Executive
1621,21-Sep-21,BI Developer,MSC,Active,Full-Time,Zone B,Temporary,IT/IS,Field Operations
1622,30-Aug-21,BI Developer,TNS,Active,Contract,Zone A,Part-Time,IT/IS,Aerial
1623,19-Jun-23,BI Developer,PYZ,Active,Full-Time,Zone C,Temporary,IT/IS,Finance & Accounting
1624,12-May-23,Senior BI Developer,WBL,Active,Full-Time,Zone A,Temporary,IT/IS,Field Operations
1625,05-Jun-22,Senior BI Developer,NEL,Active,Part-Time,Zone B,Part-Time,IT/IS,Shop (Fleet)
1626,17-Sep-20,Data Architect,PL,Active,Full-Time,Zone B,Temporary,IT/IS,General - Con
1627,15-May-23,BI Developer,BPC,Active,Full-Time,Zone C,Full-Time,IT/IS,Field Operations
1628,15-Dec-18,Senior BI Developer,CCDR,Active,Part-Time,Zone A,Temporary,IT/IS,Catv
1629,06-Nov-19,BI Developer,PL,Terminated,Part-Time,Zone B,Full-Time,IT/IS,Field Operations
1630,25-Apr-21,BI Developer,BPC,Terminated,Contract,Zone C,Temporary,IT/IS,General - Con
1631,17-Jun-23,BI Developer,CCDR,Terminated,Full-Time,Zone C,Full-Time,IT/IS,Executive
1632,14-Jan-22,BI Developer,SVG,Active,Full-Time,Zone C,Full-Time,IT/IS,Field Operations
1633,22-Oct-18,Area Sales Manager,EW,Active,Contract,Zone B,Temporary,IT/IS,Field Operations
1634,17-Oct-21,Area Sales Manager,MSC,Active,Contract,Zone C,Part-Time,IT/IS,Finance & Accounting
1635,19-Oct-21,Area Sales Manager,TNS,Active,Full-Time,Zone C,Part-Time,IT/IS,Safety
1636,16-Oct-18,Sales Manager,SVG,Active,Contract,Zone B,Part-Time,Admin Offices,Aerial
1637,26-Apr-20,Sales Manager,EW,Active,Full-Time,Zone C,Part-Time,Admin Offices,General - Con
1638,22-Jan-20,Sales Manager,MSC,Active,Full-Time,Zone B,Full-Time,Sales,Finance & Accounting
1639,30-Mar-22,BI Director,EW,Terminated,Full-Time,Zone A,Full-Time,IT/IS,Field Operations
1640,29-May-21,BI Developer,MSC,Terminated,Contract,Zone A,Full-Time,IT/IS,Engineers
1641,09-Mar-23,BI Developer,NEL,Terminated,Part-Time,Zone C,Temporary,IT/IS,Field Operations
1642,22-Nov-19,BI Developer,PL,Terminated,Contract,Zone A,Part-Time,IT/IS,Wireline Construction
1643,07-Apr-19,Area Sales Manager,SVG,Active,Full-Time,Zone A,Full-Time,IT/IS,Aerial
1644,23-Mar-23,Area Sales Manager,TNS,Active,Contract,Zone C,Temporary,IT/IS,Aerial
1645,18-Feb-21,Area Sales Manager,WBL,Active,Part-Time,Zone A,Temporary,IT/IS,Fielders
1646,05-Apr-19,Sales Manager,SVG,Active,Contract,Zone C,Full-Time,Admin Offices,General - Sga
1647,23-Oct-19,Sales Manager,EW,Active,Contract,Zone B,Part-Time,IT/IS,Catv
1648,14-May-21,Sales Manager,MSC,Active,Part-Time,Zone C,Part-Time,Sales,Aerial
1649,19-Mar-19,CIO,WBL,Active,Full-Time,Zone A,Part-Time,IT/IS,Wireline Construction
1650,08-May-19,BI Director,NEL,Terminated,Part-Time,Zone C,Temporary,IT/IS,Engineers
1651,05-Oct-19,BI Developer,PL,Terminated,Part-Time,Zone A,Temporary,IT/IS,Aerial
1652,29-Nov-21,BI Developer,BPC,Terminated,Full-Time,Zone C,Full-Time,IT/IS,Field Operations
1653,06-Nov-18,Area Sales Manager,EW,Active,Part-Time,Zone B,Temporary,IT/IS,Field Operations
1654,27-Jul-21,Area Sales Manager,MSC,Active,Full-Time,Zone B,Temporary,IT/IS,Engineers
1655,18-Jul-23,Area Sales Manager,TNS,Active,Part-Time,Zone A,Temporary,IT/IS,Wireline Construction
1656,04-Sep-22,Senior BI Developer,CCDR,Active,Part-Time,Zone C,Temporary,Admin Offices,Field Operations
1657,24-May-19,Sales Manager,SVG,Active,Contract,Zone B,Part-Time,IT/IS,Engineers
1658,03-Nov-19,Sales Manager,EW,Active,Contract,Zone B,Part-Time,IT/IS,Field Operations
1659,26-Nov-19,Sales Manager,MSC,Active,Full-Time,Zone C,Part-Time,Sales,Field Operations
1660,09-Aug-22,CIO,WBL,Terminated,Contract,Zone B,Full-Time,IT/IS,General - Con
1661,19-Mar-19,BI Director,NEL,Active,Contract,Zone C,Full-Time,IT/IS,Finance & Accounting
1662,25-Nov-18,BI Developer,PL,Active,Contract,Zone C,Full-Time,IT/IS,Engineers
1663,10-Apr-22,BI Developer,BPC,Terminated,Full-Time,Zone C,Full-Time,IT/IS,Aerial
1664,02-Apr-21,Area Sales Manager,EW,Active,Full-Time,Zone C,Full-Time,IT/IS,Splicing
1665,22-Dec-19,Area Sales Manager,MSC,Active,Contract,Zone A,Part-Time,IT/IS,Project Management - Con
1666,14-Aug-21,Area Sales Manager,TNS,Active,Full-Time,Zone A,Part-Time,IT/IS,General - Con
1667,28-Aug-18,Senior BI Developer,BPC,Active,Full-Time,Zone A,Full-Time,Admin Offices,Splicing
1668,10-Jul-23,Senior BI Developer,CCDR,Active,Part-Time,Zone C,Part-Time,Admin Offices,Aerial
1669,18-Sep-20,Sales Manager,SVG,Active,Part-Time,Zone A,Temporary,IT/IS,Field Operations
1670,18-Jul-19,Sales Manager,EW,Active,Contract,Zone A,Full-Time,IT/IS,Splicing
1671,21-Nov-21,Sales Manager,MSC,Active,Contract,Zone A,Full-Time,Sales,Project Management - Con
1672,08-Mar-21,CIO,CCDR,Active,Full-Time,Zone B,Part-Time,IT/IS,Field Operations
1673,21-Aug-19,BI Director,EW,Active,Part-Time,Zone C,Full-Time,IT/IS,General - Con
1674,30-Apr-22,BI Developer,MSC,Terminated,Part-Time,Zone B,Full-Time,IT/IS,Wireline Construction
1675,03-Feb-23,Area Sales Manager,SVG,Active,Full-Time,Zone A,Part-Time,IT/IS,Field Operations
1676,08-May-23,Area Sales Manager,TNS,Active,Part-Time,Zone B,Full-Time,IT/IS,Catv
1677,29-Jul-22,Area Sales Manager,WBL,Active,Part-Time,Zone B,Part-Time,IT/IS,General - Con
1678,18-Nov-20,Senior BI Developer,PL,Active,Part-Time,Zone A,Part-Time,Admin Offices,Field Operations
1679,16-May-21,Senior BI Developer,BPC,Active,Part-Time,Zone C,Part-Time,Admin Offices,Engineers
1680,25-Oct-19,Senior BI Developer,CCDR,Active,Full-Time,Zone C,Temporary,IT/IS,General - Con
1681,05-Mar-23,Sales Manager,SVG,Active,Contract,Zone B,Temporary,IT/IS,Engineers
1682,01-Jun-21,Sales Manager,EW,Active,Part-Time,Zone B,Part-Time,IT/IS,Aerial
1683,22-Jan-22,Sales Manager,MSC,Terminated,Full-Time,Zone B,Part-Time,Sales,Aerial
1684,09-Jul-23,CIO,WBL,Terminated,Contract,Zone A,Part-Time,IT/IS,Engineers
1685,11-Nov-18,BI Director,NEL,Terminated,Full-Time,Zone A,Full-Time,IT/IS,Aerial
1686,05-Jan-21,BI Developer,SVG,Active,Contract,Zone C,Full-Time,IT/IS,Finance & Accounting
1687,25-Nov-22,Area Sales Manager,EW,Active,Part-Time,Zone C,Full-Time,IT/IS,Engineers
1688,30-Mar-20,Area Sales Manager,MSC,Active,Full-Time,Zone A,Full-Time,IT/IS,Shop (Fleet)
1689,02-Jan-21,Senior BI Developer,MSC,Active,Part-Time,Zone C,Temporary,Admin Offices,Field Operations
1690,26-Feb-19,Senior BI Developer,NEL,Active,Contract,Zone A,Temporary,Admin Offices,Yard (Material Handling)
1691,06-Oct-19,Senior BI Developer,PL,Active,Contract,Zone A,Part-Time,IT/IS,Project Management - Con
1692,19-Apr-20,Sales Manager,PYZ,Active,Part-Time,Zone C,Part-Time,IT/IS,Engineers
1693,24-Dec-22,Sales Manager,SVG,Active,Contract,Zone C,Part-Time,IT/IS,Field Operations
1694,09-Apr-21,CIO,TNS,Terminated,Part-Time,Zone A,Temporary,IT/IS,Aerial
1695,04-Sep-18,BI Director,SVG,Terminated,Contract,Zone C,Full-Time,IT/IS,Isp
1696,07-Nov-21,BI Developer,NEL,Active,Full-Time,Zone C,Temporary,IT/IS,General - Eng
1697,24-May-23,BI Developer,MSC,Active,Full-Time,Zone B,Part-Time,IT/IS,General - Con
1698,15-Feb-21,Area Sales Manager,EW,Active,Full-Time,Zone A,Part-Time,IT/IS,Billable Consultants
1699,03-Nov-21,Senior BI Developer,PL,Active,Contract,Zone C,Part-Time,Admin Offices,Executive
1700,20-Sep-18,Senior BI Developer,BPC,Active,Contract,Zone C,Temporary,IT/IS,Engineers
1701,23-Jul-19,Senior BI Developer,CCDR,Active,Contract,Zone A,Full-Time,IT/IS,Project Management - Con
1702,12-May-22,Sales Manager,SVG,Active,Contract,Zone A,Part-Time,IT/IS,Project Management - Con
1703,03-Oct-18,Sales Manager,EW,Active,Full-Time,Zone B,Part-Time,Sales,Aerial
1704,26-Nov-20,CIO,CCDR,Active,Part-Time,Zone C,Part-Time,IT/IS,Project Management - Con
1705,04-Oct-18,BI Director,EW,Active,Part-Time,Zone B,Full-Time,IT/IS,Project Management - Con
1706,02-Dec-20,BI Developer,NEL,Active,Contract,Zone A,Full-Time,IT/IS,Aerial
1707,24-Sep-21,BI Developer,PL,Active,Part-Time,Zone C,Full-Time,IT/IS,Wireline Construction
1708,10-Sep-20,BI Developer,PYZ,Active,Full-Time,Zone A,Temporary,IT/IS,Splicing
1709,25-May-22,Area Sales Manager,SVG,Active,Full-Time,Zone C,Temporary,IT/IS,General - Sga
1710,15-Feb-19,Senior BI Developer,PL,Active,Part-Time,Zone A,Part-Time,Admin Offices,Field Operations
1711,28-Sep-18,Senior BI Developer,BPC,Active,Full-Time,Zone A,Temporary,IT/IS,General - Con
1712,12-Dec-18,Senior BI Developer,CCDR,Active,Full-Time,Zone A,Temporary,IT/IS,Engineers
1713,01-Dec-21,Sales Manager,SVG,Active,Contract,Zone B,Full-Time,IT/IS,General - Con
1714,12-Jan-22,Sales Manager,EW,Active,Full-Time,Zone B,Temporary,Sales,Field Operations
1715,27-Oct-20,CIO,WBL,Active,Full-Time,Zone B,Part-Time,IT/IS,Aerial
1716,02-Nov-20,BI Director,NEL,Active,Contract,Zone C,Part-Time,IT/IS,General - Con
1717,24-Apr-21,BI Developer,BPC,Active,Part-Time,Zone B,Part-Time,IT/IS,General - Con
1718,29-Jun-20,BI Developer,CCDR,Active,Full-Time,Zone B,Temporary,IT/IS,Field Operations
1719,15-Jul-21,BI Developer,SVG,Active,Contract,Zone B,Temporary,IT/IS,Field Operations
1720,20-Jun-23,Senior BI Developer,MSC,Active,Part-Time,Zone C,Part-Time,IT/IS,Field Operations
1721,22-Sep-19,Senior BI Developer,NEL,Active,Full-Time,Zone B,Full-Time,IT/IS,Finance & Accounting
1722,22-Feb-22,Senior BI Developer,PL,Active,Full-Time,Zone B,Full-Time,IT/IS,Wireless
1723,01-Jul-20,Sales Manager,PYZ,Active,Full-Time,Zone B,Full-Time,Sales,General - Eng
1724,13-May-21,CIO,TNS,Active,Part-Time,Zone C,Part-Time,IT/IS,Yard (Material Handling)
1725,30-May-21,BI Developer,PL,Active,Contract,Zone A,Part-Time,IT/IS,Field Operations
1726,04-Jul-19,BI Developer,NEL,Active,Contract,Zone B,Full-Time,IT/IS,Wireline Construction
1727,31-May-19,BI Developer,MSC,Active,Full-Time,Zone B,Full-Time,IT/IS,General - Con
1728,13-Mar-20,Production Technician I,WBL,Active,Full-Time,Zone C,Temporary,Production       ,General - Con
1729,06-Jan-20,Production Technician I,EW,Terminated,Contract,Zone A,Part-Time,Production       ,General - Con
1730,30-Apr-23,Production Technician I,EW,Active,Full-Time,Zone B,Part-Time,Production       ,General - Eng
1731,11-Jul-21,Production Technician II,WBL,Active,Contract,Zone B,Temporary,Production       ,Engineers
1732,02-Jul-21,Production Technician II,WBL,Terminated,Contract,Zone B,Temporary,Production       ,Fielders
1733,23-Oct-19,Production Technician I,EW,Active,Full-Time,Zone A,Temporary,Production       ,Field Operations
1734,19-Jan-19,Production Technician I,NEL,Active,Contract,Zone C,Full-Time,Production       ,Field Operations
1735,08-Jan-21,Production Technician I,NEL,Terminated,Full-Time,Zone A,Full-Time,Production       ,Shop (Fleet)
1736,29-Jan-19,Production Technician I,TNS,Active,Contract,Zone A,Part-Time,Production       ,Field Operations
1737,27-Oct-18,Production Technician I,TNS,Active,Contract,Zone C,Full-Time,Production       ,General - Eng
1738,30-May-23,Production Technician II,CCDR,Terminated,Contract,Zone A,Part-Time,Production       ,General - Eng
1739,15-Jul-19,Production Technician II,CCDR,Active,Contract,Zone B,Full-Time,Production       ,Aerial
1740,17-Mar-20,Production Technician I,NEL,Active,Contract,Zone B,Part-Time,Production       ,General - Con
1741,16-Sep-22,Production Technician I,MSC,Active,Contract,Zone A,Temporary,Production       ,General - Eng
1742,04-Jan-21,Production Technician I,TNS,Active,Part-Time,Zone B,Part-Time,Production       ,Wireline Construction
1743,30-Nov-18,Production Technician I,SVG,Active,Full-Time,Zone C,Temporary,Production       ,Splicing
1744,24-Jul-22,Production Technician I,PL,Active,Full-Time,Zone C,Full-Time,Production       ,Field Operations
1745,05-Feb-22,Production Technician II,EW,Active,Contract,Zone C,Part-Time,Production       ,Aerial
1746,23-Apr-20,Production Technician I,WBL,Active,Full-Time,Zone A,Full-Time,Production       ,General - Sga
1748,13-Jan-22,Production Technician I,PYZ,Active,Part-Time,Zone A,Temporary,Production       ,Underground
1749,26-Nov-20,Production Technician I,PYZ,Active,Contract,Zone B,Temporary,Production       ,Field Operations
1750,07-Dec-18,Production Technician I,WBL,Active,Full-Time,Zone C,Full-Time,Production       ,Field Operations
1751,19-Apr-23,Production Technician I,NEL,Active,Contract,Zone C,Temporary,Production       ,General - Con
1752,05-Mar-22,Production Technician I,PL,Active,Part-Time,Zone B,Temporary,Production       ,General - Con
1753,20-Jun-19,Production Technician I,BPC,Active,Contract,Zone C,Full-Time,Production       ,Field Operations
1754,13-Sep-22,Production Technician I,CCDR,Active,Part-Time,Zone C,Temporary,Production       ,Project Management - Con
1755,02-Jan-19,Production Technician I,SVG,Active,Part-Time,Zone B,Full-Time,Production       ,General - Con
1756,06-Jun-22,Production Technician I,EW,Active,Part-Time,Zone A,Part-Time,Production       ,Splicing
1757,09-Jan-20,Production Technician I,MSC,Active,Full-Time,Zone A,Temporary,Production       ,Finance & Accounting
1758,03-Jan-19,Production Technician I,TNS,Active,Part-Time,Zone B,Part-Time,Production       ,Splicing
1759,23-Jan-21,Production Technician I,PYZ,Active,Contract,Zone B,Part-Time,Production       ,General - Con
1760,08-Feb-20,Production Technician I,WBL,Active,Part-Time,Zone C,Part-Time,Production       ,General - Con
1761,29-Oct-21,Production Technician I,NEL,Terminated,Contract,Zone C,Temporary,Production       ,Field Operations
1762,04-Jul-23,Production Technician I,PL,Terminated,Contract,Zone B,Part-Time,Production       ,Wireless
1763,06-Apr-23,Production Technician I,BPC,Active,Part-Time,Zone B,Full-Time,Production       ,Engineers
1764,17-Jan-23,Production Technician I,CCDR,Active,Full-Time,Zone A,Temporary,Production       ,Engineers
1765,17-Oct-19,Production Technician II,BPC,Active,Contract,Zone C,Part-Time,Production       ,Project Management - Con
1766,22-Jun-19,Production Technician I,PYZ,Active,Contract,Zone B,Temporary,Production       ,Field Operations
1767,10-Feb-23,Production Technician I,WBL,Active,Contract,Zone A,Full-Time,Production       ,General - Con
1768,13-Oct-22,Production Technician I,NEL,Active,Contract,Zone C,Temporary,Production       ,Aerial
1769,07-Mar-23,Production Technician I,PL,Active,Contract,Zone B,Temporary,Production       ,Engineers
1770,12-Sep-18,Production Technician I,BPC,Active,Part-Time,Zone A,Full-Time,Production       ,General - Sga
1771,27-Jun-20,Production Technician I,CCDR,Active,Part-Time,Zone C,Part-Time,Production       ,Shop (Fleet)
1772,28-Dec-18,Production Technician I,SVG,Active,Contract,Zone A,Part-Time,Production       ,General - Con
1773,20-Jan-21,Production Technician I,EW,Active,Part-Time,Zone B,Temporary,Production       ,General - Eng
1774,14-Sep-19,Production Technician I,MSC,Active,Full-Time,Zone B,Part-Time,Production       ,Field Operations
1775,06-Oct-18,Production Technician I,TNS,Active,Contract,Zone A,Full-Time,Production       ,Engineers
1776,03-Aug-21,Production Technician I,PYZ,Active,Full-Time,Zone C,Temporary,Production       ,Project Management - Con
1777,05-Jul-19,Production Technician I,WBL,Active,Full-Time,Zone B,Temporary,Production       ,Splicing
1778,25-Apr-19,Production Technician I,NEL,Active,Full-Time,Zone B,Full-Time,Production       ,General - Con
1779,15-Jul-23,Production Technician I,PL,Active,Full-Time,Zone A,Temporary,Production       ,Project Management - Con
1780,10-Dec-22,Production Technician I,BPC,Active,Contract,Zone C,Temporary,Production       ,Field Operations
1781,02-May-19,Production Technician I,CCDR,Active,Contract,Zone A,Part-Time,Production       ,General - Sga
1782,13-Jan-19,Production Technician II,NEL,Terminated,Contract,Zone A,Temporary,Production       ,Field Operations
1783,09-Jun-21,Production Technician I,PYZ,Active,Part-Time,Zone C,Part-Time,Production       ,General - Con
1784,02-Aug-23,Production Technician I,WBL,Active,Part-Time,Zone A,Temporary,Production       ,General - Con
1785,17-Jun-23,Production Technician I,NEL,Active,Full-Time,Zone C,Full-Time,Production       ,Technology / It
1786,31-Mar-22,Production Technician I,PL,Active,Full-Time,Zone A,Temporary,Production       ,Field Operations
1787,06-Apr-19,Production Technician I,BPC,Active,Contract,Zone B,Temporary,Production       ,Engineers
1788,11-Jul-20,Production Technician I,CCDR,Active,Contract,Zone C,Full-Time,Production       ,Field Operations
1789,22-Apr-23,Production Technician I,SVG,Active,Contract,Zone C,Part-Time,Production       ,Engineers
1790,02-Dec-22,Production Technician I,EW,Active,Part-Time,Zone B,Part-Time,Production       ,Aerial
1791,06-Mar-21,Production Technician I,MSC,Active,Contract,Zone A,Temporary,Production       ,Wireline Construction
1792,21-May-19,Production Technician I,TNS,Active,Full-Time,Zone C,Temporary,Production       ,Project Management - Eng
1793,23-Oct-18,Production Technician I,BPC,Active,Full-Time,Zone B,Temporary,Production       ,Executive
1794,26-May-21,Production Technician I,CCDR,Active,Contract,Zone A,Temporary,Production       ,General - Sga
1795,01-Dec-19,Production Technician I,EW,Terminated,Full-Time,Zone B,Part-Time,Production       ,Yard (Material Handling)
1796,07-Jun-21,Production Technician I,MSC,Terminated,Contract,Zone A,Full-Time,Production       ,Wireless
1797,13-Oct-20,Production Technician I,NEL,Active,Full-Time,Zone A,Full-Time,Production       ,General - Con
1798,30-Oct-22,Production Technician II,PL,Active,Part-Time,Zone A,Full-Time,Production       ,Splicing
1799,04-Sep-22,Production Technician II,BPC,Terminated,Part-Time,Zone C,Temporary,Production       ,Field Operations
1800,18-Oct-19,Production Technician I,TNS,Active,Part-Time,Zone C,Full-Time,Production       ,Wireline Construction
1801,25-Jul-21,Production Technician I,PYZ,Active,Full-Time,Zone C,Temporary,Production       ,General - Con
1802,31-Mar-20,Production Technician I,WBL,Active,Part-Time,Zone B,Temporary,Production       ,Field Operations
1803,11-Nov-19,Production Technician I,NEL,Active,Full-Time,Zone C,Full-Time,Production       ,General - Eng
1804,05-Dec-21,Production Technician I,PL,Active,Part-Time,Zone A,Temporary,Production       ,Field Operations
1805,17-Dec-18,Production Technician I,BPC,Active,Contract,Zone A,Temporary,Production       ,Aerial
1806,06-Mar-22,Production Technician I,CCDR,Active,Part-Time,Zone A,Full-Time,Production       ,General - Con
1807,04-Sep-19,Production Technician I,SVG,Active,Contract,Zone C,Full-Time,Production       ,Yard (Material Handling)
1808,26-Jul-23,Production Technician I,EW,Active,Part-Time,Zone A,Part-Time,Production       ,Splicing
1809,19-Dec-22,Production Technician I,MSC,Active,Contract,Zone C,Part-Time,Production       ,Yard (Material Handling)
1810,17-Aug-21,Production Technician I,TNS,Active,Full-Time,Zone A,Part-Time,Production       ,General - Con
1811,11-Jun-22,Production Technician I,PYZ,Active,Contract,Zone A,Full-Time,Production       ,Technology / It
1812,01-Oct-21,Production Technician I,WBL,Terminated,Contract,Zone A,Full-Time,Production       ,General - Con
1813,04-Aug-20,Production Technician I,NEL,Active,Contract,Zone C,Temporary,Production       ,Aerial
1814,11-Feb-22,Production Technician I,PL,Active,Full-Time,Zone A,Part-Time,Production       ,Wireline Construction
1815,22-Jun-20,Production Technician I,BPC,Active,Contract,Zone A,Part-Time,Production       ,Project Management - Con
1816,28-Aug-20,Production Technician II,NEL,Active,Contract,Zone A,Temporary,Production       ,General - Con
1817,06-May-19,Production Technician II,PL,Active,Contract,Zone A,Temporary,Production       ,Aerial
1818,08-Jul-21,Production Technician II,BPC,Active,Contract,Zone C,Part-Time,Production       ,Yard (Material Handling)
1819,02-Jul-22,Production Technician I,WBL,Active,Full-Time,Zone B,Temporary,Production       ,General - Con
1820,04-May-23,Production Technician I,PYZ,Active,Full-Time,Zone C,Part-Time,Production       ,Shop (Fleet)
1821,19-Dec-22,Production Technician I,WBL,Active,Full-Time,Zone B,Full-Time,Production       ,General - Sga
1822,26-Mar-22,Production Technician I,NEL,Active,Contract,Zone C,Part-Time,Production       ,Wireline Construction
1823,09-May-21,Production Technician I,PL,Active,Contract,Zone A,Full-Time,Production       ,Finance & Accounting
1824,09-Jan-20,Production Technician I,BPC,Active,Contract,Zone B,Temporary,Production       ,Yard (Material Handling)
1825,16-May-21,Production Technician I,CCDR,Active,Contract,Zone A,Part-Time,Production       ,Splicing
1826,31-Jan-21,Production Technician I,SVG,Active,Part-Time,Zone B,Temporary,Production       ,Aerial
1827,19-Sep-21,Production Technician I,EW,Active,Contract,Zone C,Full-Time,Production       ,Field Operations
1828,01-Mar-20,Production Technician I,MSC,Active,Part-Time,Zone B,Temporary,Production       ,Wireline Construction
1829,29-Feb-20,Production Technician I,TNS,Active,Part-Time,Zone B,Temporary,Production       ,Engineers
1830,08-Dec-18,Production Technician I,PYZ,Active,Full-Time,Zone A,Temporary,Production       ,Finance & Accounting
1831,26-Jun-22,Production Technician I,WBL,Terminated,Part-Time,Zone B,Temporary,Production       ,Isp
1832,03-Nov-19,Production Technician I,NEL,Active,Contract,Zone A,Part-Time,Production       ,Engineers
1833,01-Jan-23,Production Technician I,PL,Active,Part-Time,Zone B,Full-Time,Production       ,Field Operations
1834,31-Jul-20,Production Technician II,CCDR,Active,Contract,Zone C,Full-Time,Production       ,Project Management - Con
1835,10-Sep-21,Production Technician II,EW,Active,Part-Time,Zone B,Temporary,Production       ,Field Operations
1836,19-Jun-19,Production Technician II,MSC,Active,Part-Time,Zone B,Temporary,Production       ,Field Operations
1837,16-Aug-21,Production Technician II,NEL,Active,Part-Time,Zone B,Full-Time,Production       ,Project Management - Con
1838,08-Jul-19,Production Technician I,TNS,Active,Part-Time,Zone A,Temporary,Production       ,Aerial
1839,17-Aug-21,Production Technician I,PYZ,Active,Full-Time,Zone A,Part-Time,Production       ,People Services
1840,08-Jan-21,Production Technician I,WBL,Active,Full-Time,Zone B,Part-Time,Production       ,General - Eng
1841,14-Aug-18,Production Technician I,NEL,Active,Contract,Zone B,Part-Time,Production       ,Field Operations
1842,30-Jul-21,Production Technician I,PL,Active,Part-Time,Zone B,Temporary,Production       ,General - Con
1843,08-Apr-23,Production Technician I,BPC,Active,Full-Time,Zone C,Temporary,Production       ,Engineers
1844,11-Sep-19,Production Technician I,CCDR,Active,Part-Time,Zone A,Part-Time,Production       ,General - Con
1845,05-Mar-20,Production Technician I,SVG,Active,Part-Time,Zone A,Temporary,Production       ,Aerial
1846,02-Dec-19,Production Technician I,EW,Active,Full-Time,Zone C,Temporary,Production       ,Aerial
1847,03-Dec-22,Production Technician I,MSC,Active,Full-Time,Zone C,Part-Time,Production       ,Project Management - Con
1848,23-Dec-21,Production Technician I,TNS,Active,Contract,Zone C,Part-Time,Production       ,Engineers
1849,28-Jan-22,Production Technician I,PYZ,Active,Part-Time,Zone B,Full-Time,Production       ,Project Management - Con
1850,15-Dec-19,Production Technician I,WBL,Terminated,Contract,Zone A,Full-Time,Production       ,Aerial
1851,11-Nov-21,Production Technician I,NEL,Terminated,Full-Time,Zone B,Temporary,Production       ,General - Con
1852,15-Feb-19,Production Technician I,PL,Terminated,Full-Time,Zone A,Part-Time,Production       ,General - Con
1853,31-Mar-22,Production Technician II,PYZ,Active,Contract,Zone B,Temporary,Production       ,Wireline Construction
1854,25-Oct-20,Production Technician II,WBL,Active,Contract,Zone A,Full-Time,Production       ,Shop (Fleet)
1855,25-Jul-22,Production Technician II,NEL,Terminated,Part-Time,Zone B,Part-Time,Production       ,General - Con
1856,02-Aug-21,Production Technician II,PL,Active,Full-Time,Zone A,Full-Time,Production       ,Field Operations
1857,13-Nov-21,Production Technician II,BPC,Terminated,Contract,Zone C,Temporary,Production       ,Billable Consultants
1858,07-May-19,Production Technician I,TNS,Active,Contract,Zone A,Full-Time,Production       ,Wireline Construction
1859,31-Dec-20,Production Technician I,PYZ,Active,Contract,Zone A,Part-Time,Production       ,Field Operations
1860,10-Dec-19,Production Technician I,WBL,Terminated,Part-Time,Zone B,Full-Time,Production       ,Project Management - Con
1861,11-Jun-20,Production Technician I,NEL,Active,Contract,Zone A,Full-Time,Production       ,Wireline Construction
1862,30-Aug-21,Production Technician I,PL,Active,Full-Time,Zone C,Temporary,Production       ,Aerial
1863,04-Nov-19,Production Technician I,BPC,Active,Part-Time,Zone C,Full-Time,Production       ,Engineers
1864,03-Jun-23,Production Technician I,CCDR,Active,Full-Time,Zone A,Temporary,Production       ,Field Operations
1865,14-Feb-21,Production Technician I,SVG,Active,Part-Time,Zone C,Part-Time,Production       ,Field Operations
1866,28-Feb-23,Production Technician I,EW,Active,Contract,Zone A,Temporary,Production       ,Field Operations
1867,09-Jan-21,Production Technician I,MSC,Active,Full-Time,Zone B,Temporary,Production       ,Engineers
1868,22-Mar-22,Production Technician I,TNS,Active,Part-Time,Zone A,Full-Time,Production       ,Field Operations
1869,11-Nov-19,Production Technician I,PYZ,Active,Part-Time,Zone C,Temporary,Production       ,Catv
1870,04-Oct-22,Production Technician I,WBL,Active,Contract,Zone B,Full-Time,Production       ,Engineers
1871,23-Aug-21,Production Technician I,NEL,Active,Contract,Zone C,Full-Time,Production       ,Wireline Construction
1872,05-Dec-22,Production Technician I,PL,Active,Full-Time,Zone B,Temporary,Production       ,Field Operations
1873,20-Jul-19,Production Technician II,BPC,Active,Contract,Zone C,Temporary,Production       ,Engineers
1874,05-Nov-21,Production Technician II,CCDR,Active,Full-Time,Zone B,Part-Time,Production       ,Technology / It
1875,04-Jan-21,Production Technician II,EW,Terminated,Full-Time,Zone C,Full-Time,Production       ,General - Con
1877,30-Oct-21,Production Technician II,NEL,Active,Part-Time,Zone A,Full-Time,Production       ,General - Con
1878,02-Oct-22,Production Technician I,WBL,Active,Part-Time,Zone B,Part-Time,Production       ,Splicing
1879,25-Nov-18,Production Technician I,BPC,Terminated,Part-Time,Zone B,Temporary,Production       ,Engineers
1880,09-Jul-21,Production Technician I,CCDR,Terminated,Full-Time,Zone A,Full-Time,Production       ,Project Management - Con
1881,01-May-19,Production Technician I,EW,Active,Full-Time,Zone B,Part-Time,Production       ,Field Operations
1882,09-Nov-21,Production Technician I,MSC,Active,Full-Time,Zone A,Part-Time,Production       ,Fielders
1883,27-Aug-18,Production Technician I,NEL,Active,Full-Time,Zone B,Temporary,Production       ,Project Management - Con
1884,16-Mar-19,Production Technician I,PL,Active,Part-Time,Zone C,Part-Time,Production       ,General - Eng
1885,07-Jan-22,Production Technician I,PYZ,Active,Contract,Zone B,Full-Time,Production       ,General - Con
1886,04-Oct-22,Production Technician I,SVG,Active,Contract,Zone A,Temporary,Production       ,Executive
1887,23-Mar-22,Production Technician I,TNS,Active,Full-Time,Zone C,Full-Time,Production       ,Field Operations
1888,05-May-20,Production Technician I,WBL,Active,Full-Time,Zone B,Temporary,Production       ,Engineers
1889,23-Nov-20,Production Technician I,PYZ,Active,Contract,Zone B,Temporary,Production       ,General - Con
1890,28-Mar-22,Production Technician I,WBL,Active,Contract,Zone B,Full-Time,Production       ,Splicing
1891,25-Mar-20,Production Technician I,NEL,Active,Full-Time,Zone C,Full-Time,Production       ,Aerial
1892,07-Aug-18,Production Technician II,TNS,Active,Contract,Zone A,Temporary,Production       ,Aerial
1893,11-Feb-20,Production Technician II,BPC,Active,Contract,Zone A,Full-Time,Production       ,General - Con
1894,01-Jan-23,Production Technician II,CCDR,Active,Full-Time,Zone A,Full-Time,Production       ,Field Operations
1895,07-Dec-22,Production Technician II,EW,Active,Part-Time,Zone A,Part-Time,Production       ,Wireline Construction
1896,13-Mar-23,Production Technician II,MSC,Active,Full-Time,Zone A,Part-Time,Production       ,Engineers
1897,14-Nov-21,Production Technician II,NEL,Active,Full-Time,Zone C,Temporary,Production       ,Field Operations
1898,05-Jun-19,Production Technician I,MSC,Active,Full-Time,Zone C,Temporary,Production       ,Field Operations
1899,12-Dec-20,Production Technician I,TNS,Active,Contract,Zone C,Full-Time,Production       ,Field Operations
1900,06-Apr-20,Production Technician I,PYZ,Active,Full-Time,Zone B,Full-Time,Production       ,General - Con
1901,30-Jan-23,Production Technician I,WBL,Active,Full-Time,Zone B,Full-Time,Production       ,Engineers
1902,08-Sep-20,Production Technician I,NEL,Active,Full-Time,Zone A,Temporary,Production       ,Engineers
1903,14-Dec-20,Production Technician I,PL,Active,Part-Time,Zone C,Part-Time,Production       ,Field Operations
1904,07-Nov-22,Production Technician I,BPC,Active,Contract,Zone C,Part-Time,Production       ,General - Con
1905,06-Apr-22,Production Technician I,CCDR,Active,Part-Time,Zone B,Temporary,Production       ,Wireline Construction
1906,22-Feb-21,Production Technician I,SVG,Active,Part-Time,Zone B,Full-Time,Production       ,Field Operations
1907,16-May-22,Production Technician I,EW,Active,Full-Time,Zone C,Part-Time,Production       ,Field Operations
1908,18-Jan-20,Production Technician I,MSC,Active,Contract,Zone B,Part-Time,Production       ,Field Operations
1909,21-Oct-21,Production Technician I,TNS,Active,Full-Time,Zone A,Part-Time,Production       ,General - Con
1910,05-Jan-19,Production Technician I,PYZ,Active,Full-Time,Zone C,Full-Time,Production       ,General - Eng
1911,24-Jan-21,Production Technician I,WBL,Terminated,Part-Time,Zone B,Temporary,Production       ,Wireline Construction
1912,06-Mar-20,Production Technician II,TNS,Active,Part-Time,Zone B,Temporary,Production       ,Engineers
1913,19-Nov-22,Production Technician II,PYZ,Terminated,Full-Time,Zone B,Full-Time,Production       ,General - Con
1914,15-Mar-19,Production Technician II,WBL,Terminated,Part-Time,Zone B,Full-Time,Production       ,Engineers
1917,29-May-19,Production Technician I,EW,Active,Contract,Zone B,Full-Time,Production       ,General - Eng
1918,09-Jan-23,Production Technician I,MSC,Active,Contract,Zone B,Temporary,Production       ,Field Operations
1919,01-May-22,Production Technician I,TNS,Terminated,Contract,Zone A,Full-Time,Production       ,Shop (Fleet)
1920,26-Jan-21,Production Technician I,PYZ,Terminated,Full-Time,Zone B,Full-Time,Production       ,Field Operations
1921,06-Sep-21,Production Technician I,WBL,Active,Contract,Zone C,Full-Time,Production       ,Engineers
1922,29-Jul-20,Production Technician I,NEL,Active,Full-Time,Zone A,Part-Time,Production       ,General - Con
1923,31-Mar-23,Production Technician I,PL,Active,Full-Time,Zone B,Full-Time,Production       ,People Services
1924,16-May-23,Production Technician I,BPC,Active,Part-Time,Zone B,Full-Time,Production       ,Field Operations
1925,29-Apr-23,Production Technician I,CCDR,Active,Contract,Zone B,Full-Time,Production       ,Splicing
1926,27-Nov-19,Production Technician I,SVG,Active,Contract,Zone A,Temporary,Production       ,Field Operations
1927,03-Nov-22,Production Technician I,EW,Active,Full-Time,Zone C,Full-Time,Production       ,Field Operations
1928,08-Aug-22,Production Technician I,MSC,Active,Full-Time,Zone A,Part-Time,Production       ,General - Con
1929,27-Jul-23,Production Technician I,TNS,Active,Contract,Zone A,Full-Time,Production       ,Field Operations
1930,15-Jul-23,Production Technician I,PYZ,Active,Full-Time,Zone C,Temporary,Production       ,General - Con
1931,09-Nov-22,Production Technician I,WBL,Active,Full-Time,Zone B,Temporary,Production       ,Fielders
1932,24-Dec-19,Sales Manager,BPC,Active,Full-Time,Zone A,Temporary,Sales,General - Sga
1933,08-Mar-19,Sales Manager,NEL,Active,Contract,Zone C,Part-Time,Sales,Aerial
1934,25-Jun-19,Sales Manager,WBL,Terminated,Contract,Zone B,Full-Time,Sales,General - Eng
1935,03-Jan-19,Production Technician II,TNS,Active,Part-Time,Zone A,Temporary,Sales,Yard (Material Handling)
1936,02-Feb-23,Production Technician II,BPC,Active,Full-Time,Zone B,Part-Time,Sales,Field Operations
1937,30-Mar-22,Production Technician II,CCDR,Terminated,Full-Time,Zone A,Temporary,Sales,Engineers
1938,23-Mar-20,Production Technician II,TNS,Active,Part-Time,Zone A,Full-Time,Sales,Splicing
1939,06-Jun-19,Production Technician II,PYZ,Active,Contract,Zone C,Temporary,Sales,Field Operations
1940,28-May-23,Production Technician II,TNS,Active,Contract,Zone A,Temporary,Sales,Engineers
1941,03-Feb-21,Production Technician II,PYZ,Active,Contract,Zone A,Part-Time,Sales,Engineers
1942,30-Jul-19,Production Technician II,TNS,Terminated,Part-Time,Zone A,Part-Time,Sales,Wireline Construction
1943,08-May-22,Production Technician II,PYZ,Terminated,Contract,Zone A,Part-Time,Sales,Shop (Fleet)
1944,12-May-20,Production Technician II,TNS,Active,Part-Time,Zone A,Full-Time,Sales,Field Operations
1945,28-Mar-19,Sales Manager,TNS,Terminated,Full-Time,Zone A,Temporary,Sales,Engineers
1946,22-Jul-19,Production Technician II,WBL,Active,Full-Time,Zone A,Full-Time,Sales,Aerial
1947,17-Sep-20,Sales Manager,MSC,Active,Part-Time,Zone C,Temporary,Sales,General - Sga
1948,02-Jul-22,Production Technician II,TNS,Terminated,Part-Time,Zone B,Temporary,Sales,Splicing
1949,30-Nov-19,Sales Manager,MSC,Active,Contract,Zone A,Part-Time,Sales,Field Operations
1950,21-Jul-23,Production Technician II,TNS,Terminated,Contract,Zone C,Temporary,Production       ,Splicing
1951,26-Aug-20,Sales Manager,SVG,Terminated,Full-Time,Zone A,Temporary,Sales,Aerial
1952,16-May-20,Sales Manager,TNS,Active,Full-Time,Zone A,Full-Time,Sales,Underground
1953,06-Apr-23,Production Technician I,PL,Active,Full-Time,Zone B,Full-Time,Production       ,Finance & Accounting
1954,18-Feb-19,Production Technician II,SVG,Terminated,Part-Time,Zone C,Temporary,Production       ,Finance & Accounting
1955,10-Oct-20,Production Technician I,MSC,Active,Full-Time,Zone A,Temporary,Production       ,Field Operations
1956,15-May-21,Production Technician I,PL,Active,Part-Time,Zone A,Full-Time,Production       ,Billable Consultants
1957,13-May-19,Production Technician I,TNS,Terminated,Part-Time,Zone C,Full-Time,Production       ,Field Operations
1958,04-Jul-19,Production Technician I,PYZ,Active,Contract,Zone B,Full-Time,Production       ,Sales & Marketing
1959,01-Apr-22,Production Technician I,CCDR,Active,Part-Time,Zone B,Temporary,Production       ,Project Management - Con
1960,03-Nov-18,Production Technician I,PYZ,Active,Full-Time,Zone A,Part-Time,Production       ,Aerial
1961,11-Oct-18,Production Technician I,TNS,Terminated,Part-Time,Zone A,Full-Time,Production       ,General - Eng
1962,25-Jun-23,Production Technician II,CCDR,Active,Contract,Zone C,Part-Time,Production       ,General - Con
1963,14-Sep-20,Production Technician I,CCDR,Terminated,Contract,Zone B,Full-Time,Production       ,General - Con
1964,20-Dec-22,Production Technician I,EW,Terminated,Part-Time,Zone B,Part-Time,Production       ,Executive
1965,23-Feb-22,Production Technician II,CCDR,Active,Full-Time,Zone A,Temporary,Production       ,General - Con
1966,31-May-19,Production Technician II,TNS,Active,Full-Time,Zone C,Part-Time,Production       ,General - Con
1967,29-Jan-19,Production Technician I,PL,Active,Part-Time,Zone A,Part-Time,Production       ,General - Con
1968,01-Sep-19,Production Technician I,NEL,Active,Full-Time,Zone B,Temporary,Production       ,General - Con
1970,21-Apr-22,Production Technician I,PYZ,Active,Part-Time,Zone C,Temporary,Production       ,Field Operations
1971,15-Sep-18,Production Technician II,MSC,Terminated,Part-Time,Zone C,Full-Time,Production       ,General - Con
1972,04-Dec-21,Production Technician II,EW,Active,Contract,Zone A,Temporary,Production       ,Field Operations
1973,14-Nov-19,Production Technician II,BPC,Active,Full-Time,Zone B,Full-Time,Production       ,General - Con
1974,14-Apr-21,Production Technician I,NEL,Active,Part-Time,Zone A,Temporary,Production       ,Aerial
1975,14-Apr-19,Production Technician I,SVG,Active,Contract,Zone A,Temporary,Production       ,Project Management - Con
1976,09-Jan-21,Production Technician I,EW,Active,Full-Time,Zone C,Full-Time,Production       ,Finance & Accounting
1977,26-Dec-22,Production Technician I,MSC,Terminated,Contract,Zone B,Full-Time,Production       ,Field Operations
1978,05-Oct-21,Production Technician I,TNS,Terminated,Full-Time,Zone B,Part-Time,Production       ,Finance & Accounting
1979,25-Sep-22,Production Technician I,PYZ,Active,Part-Time,Zone B,Temporary,Production       ,Engineers
1980,10-Nov-21,Production Technician I,WBL,Active,Part-Time,Zone C,Full-Time,Production       ,General - Con
1981,08-Apr-21,Production Technician I,NEL,Active,Contract,Zone A,Temporary,Production       ,General - Con
1982,14-Nov-18,Production Technician I,PL,Active,Full-Time,Zone C,Temporary,Production       ,General - Sga
1983,14-Mar-20,Production Technician I,BPC,Active,Part-Time,Zone C,Full-Time,Production       ,General - Con
1984,24-Jun-20,Production Technician I,CCDR,Active,Full-Time,Zone B,Temporary,Production       ,Catv
1985,19-Mar-23,Production Technician I,SVG,Active,Contract,Zone B,Temporary,Production       ,General - Con
1986,15-Aug-22,Production Technician I,EW,Active,Contract,Zone C,Full-Time,Production       ,Executive
1987,09-Nov-18,Production Technician I,MSC,Active,Full-Time,Zone C,Part-Time,Production       ,General - Sga
1988,23-Nov-18,Production Technician I,TNS,Active,Contract,Zone A,Temporary,Production       ,Field Operations
1989,25-Feb-20,Production Technician II,PL,Active,Full-Time,Zone A,Temporary,Production       ,Field Operations
1990,16-May-20,Production Technician II,BPC,Active,Full-Time,Zone C,Temporary,Production       ,Field Operations
1991,18-Jun-19,Production Technician II,CCDR,Active,Contract,Zone B,Temporary,Production       ,General - Con
1992,20-May-19,Production Technician II,SVG,Active,Contract,Zone A,Part-Time,Production       ,General - Con
1993,16-Oct-20,Production Technician II,EW,Active,Full-Time,Zone A,Full-Time,Production       ,Field Operations
1994,01-Jul-22,Production Technician II,MSC,Active,Full-Time,Zone A,Full-Time,Production       ,General - Con
1995,17-Dec-22,Production Technician II,TNS,Active,Contract,Zone A,Full-Time,Production       ,Field Operations
1996,24-Oct-21,Production Technician II,PYZ,Active,Part-Time,Zone A,Temporary,Production       ,Aerial
1997,28-Feb-19,Production Technician II,WBL,Active,Part-Time,Zone B,Full-Time,Production       ,Wireline Construction
1998,24-Mar-22,Production Technician II,NEL,Active,Full-Time,Zone C,Part-Time,Production       ,General - Con
1999,17-Oct-21,Production Technician II,PL,Active,Contract,Zone A,Temporary,Production       ,Field Operations
2000,13-May-22,Production Technician I,PYZ,Active,Full-Time,Zone A,Part-Time,Production       ,General - Con
2001,09-Oct-19,Production Technician I,SVG,Terminated,Contract,Zone B,Full-Time,Production       ,Yard (Material Handling)
2002,12-Oct-18,Production Technician I,TNS,Terminated,Contract,Zone B,Temporary,Production       ,General - Con
2003,13-Apr-20,Production Technician I,WBL,Terminated,Contract,Zone B,Part-Time,Production       ,Shop (Fleet)
2004,25-Apr-21,Production Technician I,PYZ,Active,Contract,Zone B,Full-Time,Production       ,Engineers
2005,21-Dec-18,Production Technician I,WBL,Active,Part-Time,Zone B,Part-Time,Production       ,Splicing
2006,19-Sep-21,Production Technician I,NEL,Active,Contract,Zone C,Temporary,Production       ,Executive
2007,15-Dec-20,Production Technician I,PL,Active,Full-Time,Zone C,Temporary,Production       ,Splicing
2008,15-Jul-19,Production Technician I,BPC,Active,Part-Time,Zone A,Temporary,Production       ,Field Operations
2009,17-Nov-21,Production Technician I,CCDR,Active,Contract,Zone C,Temporary,Production       ,Project Management - Con
2010,04-Feb-23,Production Technician I,SVG,Active,Part-Time,Zone B,Part-Time,Production       ,Catv
2011,03-Jul-22,Production Technician I,EW,Active,Contract,Zone B,Temporary,Production       ,Finance & Accounting
2012,24-Jan-20,Production Technician I,MSC,Active,Contract,Zone B,Full-Time,Production       ,General - Sga
2013,07-Jul-19,Production Technician I,TNS,Active,Contract,Zone A,Temporary,Production       ,General - Con
2014,13-Mar-22,Production Technician II,EW,Active,Part-Time,Zone B,Temporary,Production       ,Splicing
2015,02-Jun-23,Production Technician II,MSC,Active,Part-Time,Zone B,Part-Time,Production       ,Engineers
2016,08-Apr-21,Production Technician II,NEL,Active,Contract,Zone C,Full-Time,Production       ,Field Operations
2017,02-Dec-19,Production Technician II,PL,Active,Full-Time,Zone B,Part-Time,Production       ,Aerial
2018,09-Mar-22,Production Technician II,PYZ,Active,Contract,Zone C,Temporary,Production       ,Yard (Material Handling)
2019,26-Mar-22,Production Technician II,SVG,Active,Full-Time,Zone C,Temporary,Production       ,Field Operations
2020,08-May-21,Production Technician II,TNS,Active,Part-Time,Zone A,Full-Time,Production       ,Wireline Construction
2021,29-Nov-22,Production Technician II,WBL,Active,Part-Time,Zone A,Temporary,Production       ,Field Operations
2022,24-May-19,Production Technician II,BPC,Active,Contract,Zone B,Part-Time,Production       ,Wireless
2023,29-Jan-22,Production Technician II,CCDR,Active,Part-Time,Zone C,Part-Time,Production       ,General - Con
2024,06-Jul-21,Production Technician II,EW,Active,Full-Time,Zone C,Full-Time,Production       ,Field Operations
2025,29-Jan-21,Production Technician II,MSC,Active,Part-Time,Zone C,Temporary,Production       ,Field Operations
2026,13-May-23,Production Technician I,SVG,Active,Contract,Zone A,Full-Time,Production       ,Field Operations
2027,22-May-19,Production Technician I,EW,Active,Part-Time,Zone A,Full-Time,Production       ,Fielders
2028,30-Sep-21,Production Technician I,MSC,Terminated,Full-Time,Zone C,Temporary,Production       ,Field Operations
2029,09-Sep-19,Production Technician I,TNS,Active,Contract,Zone C,Full-Time,Production       ,General - Eng
2030,26-Apr-19,Production Technician I,PYZ,Active,Full-Time,Zone B,Full-Time,Production       ,Wireline Construction
2031,19-Feb-22,Production Technician I,WBL,Active,Full-Time,Zone C,Full-Time,Production       ,Project Management - Con
2032,16-Apr-22,Production Technician I,NEL,Active,Contract,Zone C,Part-Time,Production       ,Field Operations
2033,12-May-22,Production Technician I,PL,Active,Full-Time,Zone A,Full-Time,Production       ,General - Con
2034,26-Aug-21,Production Technician I,BPC,Active,Full-Time,Zone C,Part-Time,Production       ,Field Operations
2035,06-Jun-20,Production Technician I,CCDR,Active,Full-Time,Zone C,Full-Time,Production       ,Aerial
2036,26-Jun-22,Production Technician I,SVG,Active,Contract,Zone A,Part-Time,Production       ,Aerial
2037,09-Jan-21,Production Technician I,EW,Active,Contract,Zone C,Full-Time,Production       ,General - Con
2038,02-Sep-18,Production Technician I,MSC,Active,Part-Time,Zone A,Temporary,Production       ,Splicing
2039,22-Apr-22,Production Technician I,TNS,Active,Full-Time,Zone B,Full-Time,Production       ,Field Operations
2041,13-Sep-22,Production Technician II,PL,Active,Part-Time,Zone C,Part-Time,Production       ,General - Con
2042,24-Nov-19,Production Technician II,BPC,Active,Part-Time,Zone C,Part-Time,Production       ,General - Con
2043,19-Mar-20,Production Technician II,CCDR,Active,Contract,Zone C,Part-Time,Production       ,Isp
2044,14-Sep-22,Production Technician II,SVG,Active,Contract,Zone C,Full-Time,Production       ,Wireline Construction
2045,21-Sep-21,Production Technician II,EW,Active,Part-Time,Zone A,Part-Time,Production       ,Fielders
2046,22-May-20,Production Technician II,MSC,Active,Part-Time,Zone C,Part-Time,Production       ,Project Management - Con
2047,13-Dec-22,Production Technician II,TNS,Active,Contract,Zone A,Part-Time,Production       ,Aerial
2048,07-Feb-22,Production Technician II,PYZ,Active,Contract,Zone B,Part-Time,Production       ,Aerial
2049,06-Oct-20,Production Technician II,WBL,Active,Contract,Zone A,Full-Time,Production       ,Field Operations
2050,11-Jan-22,Production Technician II,NEL,Active,Full-Time,Zone C,Full-Time,Production       ,Wireless
2051,26-Feb-22,Production Technician I,CCDR,Active,Part-Time,Zone C,Temporary,Production       ,Field Operations
2052,10-Jun-20,Production Technician I,SVG,Active,Part-Time,Zone B,Part-Time,Production       ,Field Operations
2053,27-Sep-21,Production Technician I,EW,Active,Part-Time,Zone B,Temporary,Production       ,Engineers
2054,25-Oct-18,Production Technician I,MSC,Active,Contract,Zone C,Temporary,Production       ,Project Management - Con
2055,25-Nov-20,Production Technician I,TNS,Active,Contract,Zone A,Full-Time,Production       ,Engineers
2056,17-Apr-20,Production Technician I,PYZ,Active,Contract,Zone A,Full-Time,Production       ,Field Operations
2057,15-Apr-21,Production Technician I,WBL,Active,Contract,Zone C,Part-Time,Production       ,Field Operations
2058,17-Apr-22,Production Technician I,NEL,Active,Full-Time,Zone A,Temporary,Production       ,Field Operations
2059,29-Jul-23,Production Technician I,PL,Terminated,Full-Time,Zone C,Temporary,Production       ,General - Con
2060,26-Jan-23,Production Technician I,BPC,Active,Part-Time,Zone C,Part-Time,Production       ,Field Operations
2061,12-Dec-18,Production Technician I,CCDR,Active,Full-Time,Zone A,Full-Time,Production       ,Engineers
2062,25-Oct-18,Production Technician I,SVG,Active,Contract,Zone C,Temporary,Production       ,Project Management - Con
2063,20-May-21,Production Technician I,EW,Active,Contract,Zone B,Full-Time,Production       ,Aerial
2064,28-Aug-20,Production Technician I,MSC,Active,Part-Time,Zone C,Full-Time,Production       ,Finance & Accounting
2065,10-May-20,Production Technician II,EW,Active,Contract,Zone C,Full-Time,Production       ,Field Operations
2066,04-Aug-23,Production Technician II,MSC,Active,Contract,Zone A,Full-Time,Production       ,Project Management - Con
2067,22-Apr-22,Production Technician II,NEL,Active,Full-Time,Zone C,Part-Time,Production       ,Engineers
2068,05-Jun-21,Production Technician II,PL,Active,Contract,Zone C,Part-Time,Production       ,Field Operations
2069,29-Jun-22,Production Technician II,PYZ,Active,Full-Time,Zone C,Temporary,Production       ,Wireline Construction
2070,02-Jul-22,Production Technician II,SVG,Active,Contract,Zone A,Full-Time,Production       ,Field Operations
2071,04-Jan-23,Production Technician II,TNS,Active,Contract,Zone A,Full-Time,Production       ,Wireline Construction
2072,08-Jul-23,Production Technician II,WBL,Active,Contract,Zone A,Temporary,Production       ,Project Management - Con
2073,03-Mar-23,Production Technician II,PYZ,Active,Part-Time,Zone B,Full-Time,Production       ,Field Operations
2074,19-Aug-19,Production Technician II,WBL,Active,Part-Time,Zone B,Full-Time,Production       ,Field Operations
2075,30-Oct-18,Production Technician I,NEL,Active,Contract,Zone A,Full-Time,Production       ,Project Management - Con
2076,07-Dec-21,Production Technician I,PL,Active,Full-Time,Zone A,Full-Time,Production       ,Field Operations
2077,18-Nov-20,Production Technician I,PYZ,Active,Full-Time,Zone A,Temporary,Production       ,General - Con
2078,26-Sep-18,Production Technician I,SVG,Terminated,Full-Time,Zone B,Temporary,Production       ,Field Operations
2079,19-Jun-22,Production Technician I,TNS,Active,Part-Time,Zone B,Part-Time,Production       ,General - Con
2080,15-Sep-22,Production Technician I,WBL,Active,Contract,Zone B,Temporary,Production       ,Catv
2081,09-May-20,Production Technician I,BPC,Active,Part-Time,Zone A,Temporary,Production       ,Engineers
2082,17-Feb-21,Production Technician I,CCDR,Active,Contract,Zone C,Temporary,Production       ,Field Operations
2083,12-Apr-20,Production Technician I,EW,Active,Contract,Zone C,Temporary,Production       ,Engineers
2084,30-Mar-21,Production Technician I,MSC,Active,Contract,Zone B,Full-Time,Production       ,Sales & Marketing
2085,05-May-19,Production Technician I,NEL,Active,Contract,Zone C,Full-Time,Production       ,Engineers
2086,31-May-21,Production Technician I,PL,Active,Contract,Zone A,Part-Time,Production       ,General - Con
2087,21-Nov-19,Production Technician I,PYZ,Active,Part-Time,Zone A,Full-Time,Production       ,Field Operations
2088,19-Jul-19,Production Technician I,SVG,Active,Contract,Zone B,Full-Time,Production       ,Yard (Material Handling)
2089,29-Dec-18,Production Technician I,TNS,Active,Contract,Zone C,Part-Time,Production       ,Technology / It
2090,12-Jan-23,Production Technician II,EW,Active,Part-Time,Zone B,Full-Time,Production       ,General - Sga
2091,25-Nov-22,Production Technician II,MSC,Active,Contract,Zone C,Part-Time,Production       ,Field Operations
2092,13-Nov-19,Production Technician II,NEL,Active,Part-Time,Zone C,Full-Time,Production       ,Field Operations
2093,08-Sep-20,Production Technician II,PL,Active,Contract,Zone A,Temporary,Production       ,General - Con
2094,16-Jun-19,Production Technician II,PYZ,Active,Part-Time,Zone C,Part-Time,Production       ,Field Operations
2095,14-Jul-23,Production Technician II,SVG,Active,Full-Time,Zone A,Full-Time,Production       ,Project Management - Con
2096,18-Jul-23,Production Technician II,TNS,Active,Contract,Zone C,Full-Time,Production       ,Field Operations
2097,06-Dec-18,Production Technician II,WBL,Active,Part-Time,Zone C,Full-Time,Production       ,Aerial
2098,15-Jul-20,Production Technician II,BPC,Active,Part-Time,Zone B,Temporary,Production       ,Catv
2099,30-Oct-18,Production Technician I,BPC,Active,Full-Time,Zone B,Part-Time,Production       ,General - Sga
2100,13-Sep-22,Production Technician I,CCDR,Active,Contract,Zone A,Temporary,Production       ,Aerial
2101,28-Dec-22,Production Technician I,SVG,Terminated,Full-Time,Zone B,Temporary,Production       ,Fielders
2102,24-Mar-23,Production Technician I,EW,Active,Part-Time,Zone B,Part-Time,Production       ,Field Operations
2103,02-Oct-20,Production Technician I,MSC,Active,Contract,Zone A,Full-Time,Production       ,Field Operations
2104,14-Sep-20,Production Technician I,TNS,Active,Contract,Zone A,Temporary,Production       ,Field Operations
2105,19-Jan-20,Production Technician I,PYZ,Active,Part-Time,Zone C,Part-Time,Production       ,General - Sga
2106,14-Apr-19,Production Technician I,WBL,Active,Contract,Zone C,Temporary,Production       ,Wireline Construction
2107,02-Jun-23,Production Technician I,NEL,Active,Contract,Zone B,Temporary,Production       ,Field Operations
2108,09-May-22,Production Technician I,PL,Terminated,Part-Time,Zone A,Temporary,Production       ,Field Operations
2109,23-Feb-21,Production Technician I,BPC,Active,Part-Time,Zone C,Part-Time,Production       ,Field Operations
2110,04-Jun-21,Production Technician I,CCDR,Active,Contract,Zone C,Temporary,Production       ,General - Sga
2111,29-Mar-22,Production Technician I,SVG,Active,Full-Time,Zone A,Temporary,Production       ,General - Con
2112,30-Jul-19,Production Technician I,EW,Active,Part-Time,Zone B,Temporary,Production       ,Engineers
2113,09-Jul-20,Production Technician I,MSC,Active,Part-Time,Zone B,Full-Time,Production       ,General - Con
2114,24-Aug-19,Production Technician II,NEL,Active,Contract,Zone C,Part-Time,Production       ,Engineers
2115,15-Apr-19,Production Technician II,PL,Active,Contract,Zone A,Part-Time,Production       ,Billable Consultants
2116,21-Aug-21,Production Technician II,BPC,Active,Part-Time,Zone C,Full-Time,Production       ,Engineers
2117,22-Jun-20,Production Technician II,CCDR,Active,Full-Time,Zone B,Full-Time,Production       ,Field Operations
2118,28-Jan-20,Production Technician II,SVG,Active,Part-Time,Zone C,Temporary,Production       ,Project Management - Eng
2119,29-Mar-19,Production Technician II,EW,Active,Part-Time,Zone A,Temporary,Production       ,General - Con
2120,05-Oct-18,Production Technician II,MSC,Active,Contract,Zone C,Full-Time,Production       ,Wireline Construction
2121,20-Aug-20,Production Technician II,TNS,Active,Part-Time,Zone A,Full-Time,Production       ,Splicing
2122,11-Jun-21,Production Technician I,BPC,Active,Full-Time,Zone C,Temporary,Production       ,General - Con
2123,10-Sep-21,Production Technician I,CCDR,Active,Contract,Zone B,Temporary,Production       ,Catv
2124,21-Feb-23,Production Technician I,SVG,Terminated,Contract,Zone B,Temporary,Production       ,Wireline Construction
2125,09-Aug-19,Production Technician I,EW,Active,Full-Time,Zone B,Part-Time,Production       ,Engineers
2126,08-Mar-21,Production Technician I,MSC,Active,Part-Time,Zone C,Temporary,Production       ,Technology / It
2127,20-Jul-19,Production Technician I,TNS,Active,Contract,Zone A,Part-Time,Production       ,Field Operations
2128,27-Mar-23,Production Technician I,PYZ,Active,Full-Time,Zone A,Temporary,Production       ,Field Operations
2129,07-Oct-19,Production Technician I,WBL,Active,Part-Time,Zone B,Temporary,Production       ,Field Operations
2130,13-Dec-22,Production Technician I,NEL,Active,Contract,Zone C,Part-Time,Production       ,Field Operations
2131,06-Jun-20,Production Technician I,PL,Terminated,Part-Time,Zone C,Part-Time,Production       ,Field Operations
2132,25-Apr-22,Production Technician I,BPC,Active,Full-Time,Zone A,Full-Time,Production       ,Fielders
2133,28-Jul-20,Production Technician I,CCDR,Active,Contract,Zone A,Full-Time,Production       ,Field Operations
2134,28-Feb-22,Production Technician I,SVG,Active,Part-Time,Zone B,Temporary,Production       ,Aerial
2135,25-Oct-21,Production Technician I,EW,Active,Contract,Zone A,Part-Time,Production       ,Engineers
2136,12-Sep-18,Production Technician I,MSC,Active,Part-Time,Zone A,Part-Time,Production       ,Underground
2138,04-Nov-21,Production Technician II,EW,Active,Contract,Zone C,Temporary,Production       ,Project Management - Con
2139,05-May-20,Production Technician II,MSC,Active,Part-Time,Zone B,Full-Time,Production       ,Aerial
2140,08-Dec-20,Production Technician II,NEL,Active,Contract,Zone A,Part-Time,Production       ,Engineers
2141,29-Sep-18,Production Technician II,PL,Active,Contract,Zone C,Full-Time,Production       ,Aerial
2142,09-Jan-20,Production Technician II,PYZ,Active,Contract,Zone A,Temporary,Production       ,Engineers
2144,25-Aug-22,Production Technician II,TNS,Active,Full-Time,Zone B,Temporary,Production       ,Field Operations
2145,27-Feb-19,Production Technician II,WBL,Active,Full-Time,Zone A,Full-Time,Production       ,General - Sga
2146,25-Dec-19,Production Technician I,MSC,Terminated,Full-Time,Zone A,Temporary,Production       ,Splicing
2147,14-Aug-20,Production Technician I,NEL,Active,Contract,Zone B,Temporary,Production       ,Aerial
2148,30-Jul-21,Production Technician I,PL,Active,Full-Time,Zone A,Full-Time,Production       ,Splicing
2149,02-May-21,Production Technician I,PYZ,Terminated,Full-Time,Zone A,Temporary,Production       ,Project Management - Con
2150,21-Jan-23,Production Technician I,SVG,Active,Full-Time,Zone B,Full-Time,Production       ,Splicing
2151,20-Jan-21,Production Technician I,TNS,Active,Contract,Zone B,Temporary,Production       ,Fielders
2152,07-Oct-20,Production Technician I,WBL,Active,Part-Time,Zone C,Temporary,Production       ,Engineers
2153,15-Jun-19,Production Technician I,BPC,Active,Contract,Zone C,Part-Time,Production       ,Project Management - Con
2154,28-Apr-22,Production Technician I,CCDR,Active,Part-Time,Zone A,Temporary,Production       ,Field Operations
2155,29-Jun-19,Production Technician I,EW,Terminated,Part-Time,Zone B,Full-Time,Production       ,Finance & Accounting
2156,11-Sep-18,Production Technician I,MSC,Active,Part-Time,Zone B,Temporary,Production       ,Executive
2157,15-May-20,Production Technician I,NEL,Active,Contract,Zone A,Full-Time,Production       ,General - Sga
2158,23-Feb-23,Production Technician I,PL,Active,Full-Time,Zone B,Full-Time,Production       ,Field Operations
2159,23-Mar-21,Production Technician I,PYZ,Active,Full-Time,Zone C,Temporary,Production       ,Aerial
2160,07-Nov-22,Production Technician I,SVG,Active,Full-Time,Zone A,Part-Time,Production       ,General - Con
2161,19-May-21,Production Technician I,TNS,Active,Contract,Zone C,Full-Time,Production       ,Project Management - Con
2162,02-Jan-21,Production Technician II,WBL,Active,Full-Time,Zone B,Temporary,Production       ,Project Management - Con
2163,26-Mar-19,Production Technician II,NEL,Active,Contract,Zone B,Full-Time,Production       ,General - Sga
2164,28-Sep-20,Production Technician II,PL,Active,Part-Time,Zone C,Full-Time,Production       ,General - Eng
2165,16-Mar-19,Production Technician II,BPC,Active,Contract,Zone C,Full-Time,Production       ,Field Operations
2166,20-Mar-19,Production Technician II,CCDR,Active,Contract,Zone B,Part-Time,Production       ,Field Operations
2168,08-Aug-18,Production Technician II,EW,Active,Part-Time,Zone B,Full-Time,Production       ,Field Operations
2169,04-Jul-20,Production Technician II,MSC,Active,Full-Time,Zone A,Full-Time,Production       ,General - Con
2170,29-Jan-23,Production Technician I,PL,Active,Full-Time,Zone C,Part-Time,Production       ,Wireline Construction
2171,09-Aug-21,Production Technician I,BPC,Active,Full-Time,Zone A,Part-Time,Production       ,Executive
2172,16-May-21,Production Technician I,CCDR,Terminated,Part-Time,Zone C,Temporary,Production       ,Field Operations
2173,14-Aug-21,Production Technician I,SVG,Terminated,Contract,Zone A,Part-Time,Production       ,Engineers
2174,08-Feb-22,Production Technician I,EW,Active,Full-Time,Zone B,Temporary,Production       ,General - Eng
2175,16-Dec-19,Production Technician I,MSC,Active,Contract,Zone C,Temporary,Production       ,Field Operations
2176,07-Oct-21,Production Technician I,TNS,Active,Full-Time,Zone B,Full-Time,Production       ,Field Operations
2177,23-Dec-20,Production Technician I,PYZ,Active,Full-Time,Zone A,Full-Time,Production       ,Catv
2178,01-Nov-22,Production Technician I,WBL,Active,Contract,Zone B,Part-Time,Production       ,Fielders
2179,28-Oct-22,Production Technician I,NEL,Terminated,Contract,Zone B,Full-Time,Production       ,Project Management - Con
2180,03-Nov-18,Production Technician I,PL,Active,Full-Time,Zone A,Full-Time,Production       ,Field Operations
2181,05-Mar-19,Production Technician I,BPC,Active,Contract,Zone A,Temporary,Production       ,Field Operations
2182,14-Mar-21,Production Technician I,CCDR,Active,Full-Time,Zone A,Part-Time,Production       ,General - Eng
2183,13-Dec-18,Production Technician I,SVG,Active,Contract,Zone C,Full-Time,Production       ,Finance & Accounting
2184,05-Sep-21,Production Technician I,EW,Active,Full-Time,Zone C,Part-Time,Production       ,Aerial
2185,17-May-20,Production Technician II,WBL,Terminated,Contract,Zone A,Full-Time,Production       ,Aerial
2186,03-Mar-23,Production Technician II,NEL,Active,Part-Time,Zone A,Temporary,Production       ,Field Operations
2187,28-Feb-20,Production Technician II,PL,Active,Part-Time,Zone B,Full-Time,Production       ,Engineers
2188,11-Feb-21,Production Technician II,BPC,Active,Part-Time,Zone A,Part-Time,Production       ,Field Operations
2189,25-Jan-19,Production Technician II,CCDR,Active,Part-Time,Zone B,Temporary,Production       ,Shop (Fleet)
2190,25-Apr-23,Production Technician II,SVG,Active,Part-Time,Zone C,Full-Time,Production       ,General - Con
2191,14-Feb-21,Production Technician II,EW,Active,Contract,Zone C,Part-Time,Production       ,Engineers
2192,07-Oct-20,Production Technician II,MSC,Active,Part-Time,Zone C,Part-Time,Production       ,General - Con
2193,28-Feb-19,Production Technician I,NEL,Terminated,Part-Time,Zone A,Part-Time,Production       ,Field Operations
2194,27-Jul-19,Production Technician I,PL,Active,Full-Time,Zone B,Temporary,Production       ,Field Operations
2195,02-Jun-23,Production Technician I,BPC,Active,Contract,Zone C,Part-Time,Production       ,Underground
2196,14-Nov-22,Production Technician I,CCDR,Terminated,Full-Time,Zone A,Full-Time,Production       ,Underground
2197,22-Aug-18,Production Technician I,SVG,Terminated,Contract,Zone C,Full-Time,Production       ,Wireline Construction
2198,15-Dec-22,Production Technician I,EW,Active,Contract,Zone B,Temporary,Production       ,Field Operations
2199,31-May-20,Production Technician I,MSC,Active,Full-Time,Zone C,Full-Time,Production       ,General - Con
2200,19-Jul-22,Production Technician I,TNS,Active,Contract,Zone A,Full-Time,Production       ,Field Operations
2201,01-Jul-20,Production Technician I,PYZ,Active,Contract,Zone C,Part-Time,Production       ,Project Management - Con
2202,18-Nov-20,Production Technician I,WBL,Active,Contract,Zone A,Part-Time,Production       ,Project Management - Con
2203,29-Feb-20,Production Technician I,NEL,Terminated,Contract,Zone A,Part-Time,Production       ,General - Con
2204,24-Sep-21,Production Technician I,PL,Active,Part-Time,Zone B,Part-Time,Production       ,Shop (Fleet)
2205,13-Apr-22,Production Technician I,BPC,Active,Full-Time,Zone B,Full-Time,Production       ,General - Sga
2206,25-Oct-22,Production Technician I,CCDR,Active,Contract,Zone A,Temporary,Production       ,Field Operations
2207,27-Jan-21,Production Technician I,SVG,Active,Full-Time,Zone C,Full-Time,Production       ,Field Operations
2208,21-Sep-18,IT Support,WBL,Active,Full-Time,Zone B,Full-Time,IT/IS,Fielders
2209,14-Apr-20,IT Support,PYZ,Active,Part-Time,Zone C,Part-Time,IT/IS,Wireline Construction
2210,31-May-21,IT Support,PL,Active,Part-Time,Zone C,Temporary,IT/IS,Wireline Construction
2211,10-Apr-20,IT Support,WBL,Active,Contract,Zone C,Temporary,IT/IS,Field Operations
2212,03-Jul-22,IT Support,MSC,Active,Full-Time,Zone C,Part-Time,IT/IS,Field Operations
2213,15-Mar-23,IT Support,EW,Active,Part-Time,Zone A,Full-Time,IT/IS,Shop (Fleet)
2214,29-Jul-21,IT Support,CCDR,Active,Contract,Zone C,Full-Time,IT/IS,Field Operations
2215,05-Feb-22,IT Support,BPC,Active,Contract,Zone B,Temporary,IT/IS,Engineers
2216,09-Nov-22,IT Manager - Support,WBL,Active,Part-Time,Zone B,Temporary,IT/IS,General - Con
2217,23-Nov-20,IT Manager - Infra,TNS,Active,Part-Time,Zone A,Temporary,IT/IS,People Services
2218,21-Feb-19,IT Manager - DB,SVG,Active,Part-Time,Zone B,Part-Time,IT/IS,Field Operations
2219,25-Sep-22,IT Support,SVG,Active,Part-Time,Zone C,Part-Time,IT/IS,Wireline Construction
2220,17-Sep-22,IT Support,EW,Active,Contract,Zone B,Temporary,IT/IS,General - Eng
2221,31-May-19,IT Support,MSC,Active,Contract,Zone C,Part-Time,IT/IS,Field Operations
2222,21-Jul-20,IT Support,TNS,Active,Part-Time,Zone A,Temporary,IT/IS,Wireline Construction
2223,04-Jul-20,IT Manager - Support,BPC,Active,Full-Time,Zone C,Temporary,IT/IS,Executive
2224,13-Oct-20,IT Manager - Infra,CCDR,Active,Full-Time,Zone A,Temporary,IT/IS,Wireline Construction
2225,01-May-23,IT Manager - DB,EW,Active,Part-Time,Zone A,Full-Time,IT/IS,Engineers
2226,22-Mar-19,IT Support,SVG,Active,Contract,Zone A,Full-Time,IT/IS,General - Eng
2227,27-Dec-21,IT Support,EW,Active,Contract,Zone B,Full-Time,IT/IS,Aerial
2228,12-Aug-18,IT Support,MSC,Active,Part-Time,Zone B,Part-Time,IT/IS,Wireless
2229,28-Dec-22,IT Support,TNS,Active,Part-Time,Zone A,Temporary,IT/IS,Underground
2230,25-Nov-18,IT Manager - Support,PYZ,Active,Part-Time,Zone A,Full-Time,IT/IS,General - Con
2231,26-Dec-20,IT Manager - Infra,WBL,Active,Full-Time,Zone A,Part-Time,IT/IS,General - Con
2232,16-Dec-22,IT Manager - DB,NEL,Active,Part-Time,Zone A,Full-Time,IT/IS,Field Operations
2233,27-Sep-19,IT Support,MSC,Active,Contract,Zone B,Full-Time,IT/IS,Splicing
2234,20-Feb-21,IT Support,EW,Active,Part-Time,Zone C,Full-Time,IT/IS,Wireline Construction
2235,26-Feb-22,IT Support,CCDR,Active,Full-Time,Zone B,Full-Time,IT/IS,Shop (Fleet)
2236,23-Dec-18,IT Support,BPC,Active,Full-Time,Zone A,Temporary,IT/IS,Engineers
2237,10-Jan-22,IT Manager - Support,WBL,Active,Full-Time,Zone B,Temporary,IT/IS,Underground
2238,04-Mar-21,IT Manager - Infra,TNS,Active,Part-Time,Zone B,Temporary,IT/IS,Project Management - Con
2239,10-Mar-23,IT Manager - DB,SVG,Active,Full-Time,Zone C,Part-Time,IT/IS,Catv
2240,05-Dec-18,IT Support,SVG,Active,Part-Time,Zone B,Part-Time,IT/IS,Finance & Accounting
2241,24-Jun-21,IT Support,EW,Active,Part-Time,Zone C,Part-Time,IT/IS,Technology / It
2242,10-May-22,IT Support,MSC,Active,Full-Time,Zone C,Temporary,IT/IS,Field Operations
2243,13-Apr-23,IT Support,TNS,Active,Full-Time,Zone A,Part-Time,IT/IS,Finance & Accounting
2244,04-Aug-22,IT Manager - Support,PYZ,Active,Contract,Zone C,Temporary,IT/IS,Field Operations
2245,28-Feb-21,IT Manager - Infra,WBL,Active,Part-Time,Zone C,Part-Time,IT/IS,Engineers
2246,14-Oct-20,IT Manager - DB,NEL,Active,Contract,Zone B,Part-Time,IT/IS,Field Operations
2247,10-Sep-18,IT Support,SVG,Active,Part-Time,Zone B,Temporary,IT/IS,Fielders
2248,16-Dec-22,IT Support,EW,Active,Part-Time,Zone B,Temporary,IT/IS,Field Operations
2249,28-Sep-18,IT Support,MSC,Active,Contract,Zone C,Part-Time,IT/IS,Field Operations
2250,08-Mar-22,IT Support,TNS,Active,Contract,Zone C,Temporary,IT/IS,Aerial
2251,12-Jan-22,IT Manager - Support,PYZ,Active,Part-Time,Zone B,Temporary,IT/IS,Project Management - Con
2252,08-Dec-20,IT Manager - Infra,WBL,Active,Contract,Zone B,Part-Time,IT/IS,Field Operations
2253,17-Nov-20,IT Support,PYZ,Active,Full-Time,Zone A,Full-Time,IT/IS,Field Operations
2254,18-Jan-21,IT Support,SVG,Active,Full-Time,Zone A,Part-Time,IT/IS,General - Sga
2255,15-Sep-20,IT Support,TNS,Active,Full-Time,Zone C,Part-Time,IT/IS,Wireline Construction
2256,11-Dec-19,IT Support,WBL,Active,Part-Time,Zone C,Full-Time,IT/IS,Field Operations
2257,29-Apr-21,IT Manager - Support,WBL,Active,Contract,Zone B,Full-Time,IT/IS,General - Eng
2258,03-Apr-21,IT Manager - Infra,TNS,Active,Full-Time,Zone C,Part-Time,IT/IS,Engineers
2259,01-Feb-22,IT Support,SVG,Active,Part-Time,Zone A,Temporary,IT/IS,General - Eng
2260,17-Jan-20,IT Support,EW,Active,Part-Time,Zone B,Temporary,IT/IS,Engineers
2261,01-Jun-22,IT Support,MSC,Active,Full-Time,Zone B,Part-Time,IT/IS,Wireline Construction
2262,17-Mar-19,IT Support,TNS,Active,Contract,Zone A,Temporary,IT/IS,Engineers
2263,07-Jan-20,IT Manager - Support,PYZ,Active,Contract,Zone B,Temporary,IT/IS,General - Sga
2264,24-Feb-21,IT Manager - Infra,WBL,Active,Part-Time,Zone A,Part-Time,IT/IS,Executive
2265,30-Dec-19,IT Support,SVG,Active,Contract,Zone C,Part-Time,IT/IS,Field Operations
2266,12-May-20,IT Support,EW,Active,Full-Time,Zone B,Temporary,IT/IS,Field Operations
2267,04-Apr-23,IT Support,MSC,Active,Full-Time,Zone A,Part-Time,IT/IS,General - Con
2268,04-Jan-21,IT Support,TNS,Active,Contract,Zone C,Full-Time,IT/IS,General - Con
2269,28-Apr-20,IT Manager - Support,PYZ,Active,Full-Time,Zone C,Full-Time,IT/IS,Executive
2270,16-Apr-19,IT Support,PYZ,Active,Contract,Zone C,Part-Time,IT/IS,Project Management - Con
2271,09-Jul-22,IT Support,SVG,Active,Full-Time,Zone A,Temporary,IT/IS,Field Operations
2272,29-Aug-22,IT Support,TNS,Active,Part-Time,Zone C,Full-Time,IT/IS,Field Operations
2273,26-Jan-20,IT Support,WBL,Active,Full-Time,Zone A,Part-Time,IT/IS,Project Management - Eng
2274,18-Feb-20,IT Manager - Support,BPC,Active,Full-Time,Zone A,Temporary,IT/IS,Aerial
2275,25-Jan-22,Production Manager,EW,Active,Part-Time,Zone B,Full-Time,Production       ,Yard (Material Handling)
2276,10-Jul-23,Production Manager,TNS,Active,Full-Time,Zone B,Temporary,Production       ,Project Management - Con
2277,14-Apr-22,Production Manager,CCDR,Active,Contract,Zone B,Temporary,Production       ,Field Operations
2278,10-Jul-22,Production Manager,CCDR,Active,Part-Time,Zone B,Temporary,Production       ,Wireless
2279,27-Jun-22,Production Manager,EW,Active,Contract,Zone C,Full-Time,Production       ,Safety
2280,04-Dec-18,Production Manager,PYZ,Terminated,Contract,Zone A,Temporary,Production       ,Catv
2281,10-Sep-19,Production Manager,PL,Active,Full-Time,Zone C,Full-Time,Production       ,Field Operations
2282,25-Apr-19,Production Manager,PL,Active,Part-Time,Zone A,Full-Time,Production       ,Fielders
2283,03-Oct-18,Shared Services Manager,WBL,Terminated,Part-Time,Zone B,Temporary,Admin Offices,Field Operations
2284,14-Jun-22,CIO,EW,Active,Part-Time,Zone C,Part-Time,IT/IS,Wireline Construction
2285,15-Feb-22,Production Manager,BPC,Active,Full-Time,Zone C,Temporary,Production       ,Project Management - Con
2286,24-Sep-18,Production Manager,NEL,Active,Contract,Zone B,Temporary,Production       ,General - Eng
2287,09-Mar-22,Production Manager,PYZ,Active,Contract,Zone B,Part-Time,Production       ,General - Con
2288,07-Nov-18,Production Manager,NEL,Active,Full-Time,Zone A,Temporary,Production       ,Fielders
2289,31-Aug-19,Shared Services Manager,BPC,Active,Full-Time,Zone A,Part-Time,Admin Offices,Field Operations
2290,27-Nov-20,Director of Sales,EW,Active,Full-Time,Zone B,Temporary,Sales,Wireline Construction
2291,07-Jul-20,Director of Operations,NEL,Active,Contract,Zone B,Part-Time,Production       ,General - Con
2292,11-Jan-20,Production Manager,TNS,Active,Contract,Zone C,Temporary,Production       ,Aerial
2293,15-Jun-20,Production Manager,CCDR,Active,Contract,Zone B,Full-Time,Production       ,Field Operations
2294,10-Oct-20,Production Manager,PYZ,Active,Contract,Zone A,Part-Time,Production       ,Field Operations
2295,19-May-22,Production Manager,SVG,Active,Full-Time,Zone B,Temporary,Production       ,Field Operations
2296,25-Aug-21,Production Manager,TNS,Active,Full-Time,Zone B,Temporary,Production       ,Field Operations
2297,18-Dec-18,Production Manager,WBL,Terminated,Part-Time,Zone C,Full-Time,Production       ,Aerial
2298,05-Aug-23,Production Manager,WBL,Active,Full-Time,Zone B,Full-Time,Production       ,Field Operations
2299,13-Apr-22,Production Manager,TNS,Active,Part-Time,Zone A,Temporary,Production       ,Field Operations
2300,26-Sep-20,Production Manager,SVG,Active,Full-Time,Zone A,Full-Time,Production       ,Underground
2301,12-Feb-21,Production Manager,PYZ,Active,Part-Time,Zone C,Temporary,Production       ,Underground
2302,02-Jan-19,Production Manager,PL,Terminated,Contract,Zone C,Temporary,Production       ,Wireline Construction
2303,26-Oct-19,Production Manager,NEL,Terminated,Contract,Zone C,Temporary,Production       ,Field Operations
2304,11-Apr-21,President & CEO,MSC,Active,Full-Time,Zone B,Part-Time,Production       ,General - Con
2305,11-Dec-19,Network Engineer,EW,Active,Part-Time,Zone A,Full-Time,Production       ,Field Operations
2306,21-Oct-20,Network Engineer,CCDR,Active,Part-Time,Zone B,Full-Time,Production       ,Project Management - Con
2307,08-May-20,Network Engineer,BPC,Active,Part-Time,Zone C,Part-Time,Executive Office,Project Management - Con
2308,24-May-22,Data Analyst,EW,Active,Full-Time,Zone A,Full-Time,Production       ,Field Operations
2309,05-Jun-19,Data Analyst,CCDR,Active,Part-Time,Zone A,Part-Time,Production       ,General - Con
2310,21-Apr-22,Data Analyst ,BPC,Active,Part-Time,Zone B,Part-Time,Production       ,Fielders
2311,10-Dec-19,Data Analyst,PYZ,Active,Part-Time,Zone A,Full-Time,Production       ,Field Operations
2312,26-Nov-19,Data Analyst,WBL,Active,Full-Time,Zone C,Part-Time,IT/IS,Field Operations
2313,13-Sep-21,Data Analyst,NEL,Active,Part-Time,Zone C,Full-Time,IT/IS,Shop (Fleet)
2314,19-Aug-19,Data Analyst,PL,Active,Part-Time,Zone C,Part-Time,IT/IS,Field Operations
2315,12-Jun-22,Production Manager,CCDR,Active,Full-Time,Zone A,Full-Time,Production       ,Project Management - Con
2316,21-Jul-21,Production Manager,SVG,Active,Full-Time,Zone B,Full-Time,Production       ,Field Operations
2317,13-Nov-20,Production Manager,EW,Active,Full-Time,Zone A,Temporary,Production       ,Yard (Material Handling)
2318,20-Feb-22,Production Manager,MSC,Active,Part-Time,Zone A,Temporary,Production       ,Field Operations
2319,28-Mar-19,Production Manager,TNS,Terminated,Contract,Zone A,Part-Time,Production       ,General - Sga
2320,26-Oct-22,Production Manager,PYZ,Terminated,Part-Time,Zone A,Full-Time,Production       ,Fielders
2321,10-May-23,Production Manager,WBL,Active,Full-Time,Zone C,Full-Time,Production       ,Field Operations
2322,01-Sep-22,Production Manager,NEL,Active,Contract,Zone C,Part-Time,Production       ,Field Operations
2323,21-Apr-21,Production Manager,PL,Active,Part-Time,Zone C,Temporary,Production       ,Project Management - Con
2324,23-Jul-21,Production Manager,BPC,Terminated,Part-Time,Zone A,Temporary,Production       ,General - Con
2325,29-Dec-20,Production Manager,CCDR,Active,Part-Time,Zone A,Temporary,Production       ,Field Operations
2326,08-Aug-22,President & CEO,SVG,Active,Contract,Zone A,Temporary,Production       ,Project Management - Con
2327,30-Jul-20,Network Engineer,EW,Active,Full-Time,Zone A,Part-Time,Production       ,Field Operations
2328,18-Mar-19,Network Engineer,MSC,Active,Full-Time,Zone B,Part-Time,Production       ,General - Con
2329,25-Jul-19,Network Engineer,TNS,Active,Full-Time,Zone A,Full-Time,Executive Office,Aerial
2330,16-Oct-21,Data Analyst,SVG,Active,Full-Time,Zone C,Part-Time,Production       ,Executive
2331,06-Dec-19,Data Analyst,TNS,Active,Contract,Zone C,Part-Time,Production       ,Wireline Construction
2332,29-Jun-19,Data Analyst ,WBL,Active,Contract,Zone C,Full-Time,Production       ,Fielders
2333,03-Apr-19,Data Analyst,BPC,Active,Full-Time,Zone C,Temporary,IT/IS,Yard (Material Handling)
2334,21-Jul-21,Data Analyst,CCDR,Active,Contract,Zone A,Temporary,IT/IS,Engineers
2335,27-Jul-22,Data Analyst,EW,Active,Full-Time,Zone C,Temporary,IT/IS,General - Con
2336,06-Oct-19,Production Manager,CCDR,Active,Contract,Zone A,Full-Time,Production       ,General - Con
2337,16-Apr-21,Production Manager,SVG,Active,Full-Time,Zone C,Part-Time,Production       ,Engineers
2338,10-Oct-18,Production Manager,EW,Active,Part-Time,Zone C,Temporary,Production       ,Project Management - Con
2339,25-Jul-22,Production Manager,MSC,Terminated,Full-Time,Zone B,Part-Time,Production       ,General - Sga
2340,17-Mar-21,Production Manager,TNS,Terminated,Contract,Zone A,Temporary,Production       ,General - Con
2341,13-Oct-18,Production Manager,PYZ,Active,Full-Time,Zone A,Full-Time,Production       ,General - Sga
2342,09-Jan-20,Production Manager,WBL,Active,Part-Time,Zone C,Temporary,Production       ,Field Operations
2343,18-Sep-19,Production Manager,NEL,Active,Full-Time,Zone B,Temporary,Production       ,Wireless
2344,26-Oct-19,Production Manager,PL,Active,Contract,Zone C,Temporary,Production       ,Yard (Material Handling)
2345,14-Sep-20,Production Manager,BPC,Terminated,Full-Time,Zone B,Temporary,Production       ,Field Operations
2346,09-Apr-23,Production Manager,CCDR,Active,Part-Time,Zone A,Full-Time,Production       ,Field Operations
2347,25-Oct-19,President & CEO,SVG,Active,Full-Time,Zone A,Part-Time,Production       ,Field Operations
2348,25-Jun-22,Network Engineer,EW,Active,Part-Time,Zone C,Full-Time,Production       ,Field Operations
2349,26-Jan-23,Network Engineer,MSC,Active,Part-Time,Zone C,Full-Time,Production       ,General - Con
2350,19-Feb-20,Network Engineer,TNS,Active,Part-Time,Zone A,Temporary,Executive Office,Wireline Construction
2351,24-Dec-19,Data Analyst,EW,Active,Contract,Zone B,Temporary,Production       ,Engineers
2352,16-Oct-20,Data Analyst,MSC,Active,Full-Time,Zone B,Temporary,Production       ,General - Con
2353,07-Sep-18,Data Analyst ,TNS,Active,Part-Time,Zone B,Full-Time,IT/IS,Field Operations
2354,07-Jan-22,Data Analyst,PYZ,Active,Part-Time,Zone C,Full-Time,IT/IS,Wireline Construction
2355,25-Mar-19,Data Analyst,WBL,Active,Contract,Zone C,Temporary,IT/IS,Field Operations
2356,18-Nov-21,Data Analyst,NEL,Active,Part-Time,Zone C,Temporary,IT/IS,Catv
2357,31-Dec-22,Production Manager,PL,Active,Contract,Zone B,Temporary,Production       ,General - Con
2358,14-May-20,Production Manager,PYZ,Active,Part-Time,Zone B,Temporary,Production       ,Executive
2359,13-Dec-20,Production Manager,SVG,Active,Full-Time,Zone B,Part-Time,Production       ,Engineers
2360,16-Nov-21,Production Manager,TNS,Terminated,Part-Time,Zone B,Part-Time,Production       ,Fielders
2361,01-Dec-22,Production Manager,WBL,Terminated,Full-Time,Zone C,Full-Time,Production       ,Project Management - Con
2362,30-Oct-20,Production Manager,BPC,Active,Full-Time,Zone C,Part-Time,Production       ,Field Operations
2363,08-Feb-21,Production Manager,CCDR,Active,Full-Time,Zone C,Temporary,Production       ,Wireline Construction
2364,05-Aug-19,Production Manager,EW,Active,Full-Time,Zone A,Temporary,Production       ,Field Operations
2365,29-Nov-18,Production Manager,MSC,Terminated,Contract,Zone A,Temporary,Production       ,Engineers
2366,16-Nov-18,Production Manager,NEL,Terminated,Full-Time,Zone B,Part-Time,Production       ,Fielders
2367,23-Aug-20,Production Manager,PL,Active,Contract,Zone C,Part-Time,Production       ,Wireline Construction
2368,22-Aug-20,President & CEO,PYZ,Active,Full-Time,Zone B,Temporary,Production       ,Wireline Construction
2369,19-Oct-21,Network Engineer,SVG,Active,Part-Time,Zone B,Full-Time,Production       ,Field Operations
2370,21-Feb-20,Network Engineer,TNS,Active,Contract,Zone B,Full-Time,Production       ,Field Operations
2371,21-Nov-22,Data Analyst,EW,Active,Contract,Zone B,Temporary,Production       ,Field Operations
2372,05-Aug-19,Data Analyst,CCDR,Active,Full-Time,Zone A,Part-Time,Production       ,Field Operations
2373,05-Nov-20,Data Analyst ,BPC,Active,Full-Time,Zone A,Full-Time,IT/IS,Catv
2374,12-Jun-21,Data Analyst,WBL,Active,Part-Time,Zone A,Part-Time,IT/IS,Field Operations
2375,13-Sep-18,Data Analyst,TNS,Active,Contract,Zone B,Full-Time,IT/IS,General - Con
2376,09-Apr-23,Production Manager,CCDR,Active,Full-Time,Zone A,Temporary,Production       ,Field Operations
2377,09-Jan-21,Production Manager,SVG,Active,Contract,Zone B,Part-Time,Production       ,Executive
2378,23-Mar-20,Production Manager,EW,Active,Part-Time,Zone A,Full-Time,Production       ,Project Management - Eng
2379,19-Oct-19,Production Manager,MSC,Terminated,Full-Time,Zone C,Part-Time,Production       ,Fielders
2380,02-Jul-23,Production Manager,TNS,Active,Full-Time,Zone A,Temporary,Production       ,General - Con
2381,29-Aug-19,Production Manager,PYZ,Active,Part-Time,Zone B,Part-Time,Production       ,Catv
2382,17-Jul-23,Production Manager,WBL,Active,Part-Time,Zone C,Temporary,Production       ,Catv
2383,02-Feb-20,Production Manager,NEL,Active,Full-Time,Zone A,Full-Time,Production       ,Field Operations
2384,14-Oct-21,Production Manager,PL,Terminated,Full-Time,Zone A,Temporary,Production       ,Field Operations
2385,10-Apr-20,Production Manager,BPC,Active,Contract,Zone A,Part-Time,Production       ,Yard (Material Handling)
2386,14-Dec-18,Production Manager,CCDR,Active,Part-Time,Zone B,Part-Time,Production       ,Finance & Accounting
2387,27-Jun-22,President & CEO,SVG,Active,Contract,Zone C,Temporary,Production       ,Safety
2388,07-Sep-20,Network Engineer,EW,Active,Contract,Zone C,Temporary,Production       ,Fielders
2389,03-Nov-19,Data Analyst,EW,Active,Contract,Zone C,Part-Time,Production       ,General - Eng
2390,15-May-20,Data Analyst,MSC,Active,Part-Time,Zone C,Part-Time,Production       ,Engineers
2391,28-Apr-23,Data Analyst ,TNS,Active,Part-Time,Zone B,Full-Time,IT/IS,Splicing
2392,05-Aug-19,Data Analyst,BPC,Active,Full-Time,Zone A,Full-Time,IT/IS,People Services
2393,05-Dec-18,Production Manager,NEL,Active,Full-Time,Zone C,Part-Time,Production       ,Engineers
2394,25-Apr-22,Production Manager,PL,Active,Full-Time,Zone C,Full-Time,Production       ,Field Operations
2395,10-Dec-19,Production Manager,PYZ,Active,Part-Time,Zone C,Part-Time,Production       ,General - Eng
2396,30-Jun-22,Production Manager,SVG,Terminated,Contract,Zone C,Part-Time,Production       ,General - Eng
2397,19-Sep-18,Production Manager,TNS,Active,Part-Time,Zone B,Full-Time,Production       ,Field Operations
2398,08-Jul-19,Production Manager,WBL,Active,Contract,Zone C,Temporary,Production       ,General - Con
2399,25-May-23,Production Manager,PYZ,Active,Full-Time,Zone B,Part-Time,Production       ,Wireline Construction
2400,03-Nov-18,Production Manager,WBL,Active,Contract,Zone A,Part-Time,Production       ,General - Sga
2401,09-Nov-22,Production Manager,NEL,Terminated,Full-Time,Zone C,Part-Time,Production       ,Field Operations
2402,14-Apr-22,Production Manager,PL,Terminated,Full-Time,Zone C,Full-Time,Production       ,Shop (Fleet)
2403,06-Aug-20,Production Manager,BPC,Active,Full-Time,Zone C,Temporary,Production       ,Finance & Accounting
2404,26-Jun-19,Production Manager,CCDR,Active,Contract,Zone C,Temporary,Production       ,General - Con
2405,13-Sep-20,President & CEO,SVG,Terminated,Full-Time,Zone B,Part-Time,Production       ,Field Operations
2406,13-Nov-18,Network Engineer,EW,Active,Part-Time,Zone B,Part-Time,Production       ,Engineers
2407,06-Oct-19,Data Analyst,EW,Active,Full-Time,Zone C,Temporary,Production       ,Finance & Accounting
2408,15-Sep-21,Data Analyst,MSC,Active,Full-Time,Zone B,Part-Time,IT/IS,Field Operations
2409,06-Feb-20,Data Analyst ,TNS,Active,Full-Time,Zone B,Full-Time,IT/IS,Engineers
2410,21-Oct-22,Data Analyst,PYZ,Active,Full-Time,Zone B,Part-Time,IT/IS,Engineers
2411,11-Oct-22,Production Manager,NEL,Active,Part-Time,Zone B,Temporary,Production       ,General - Con
2412,30-Jan-22,Production Manager,PL,Active,Full-Time,Zone B,Part-Time,Production       ,Engineers
2413,27-Jul-22,Production Manager,PYZ,Active,Full-Time,Zone B,Temporary,Production       ,General - Con
2414,26-May-22,Production Manager,SVG,Active,Part-Time,Zone B,Part-Time,Production       ,General - Con
2415,08-Feb-21,Production Manager,TNS,Active,Full-Time,Zone B,Full-Time,Production       ,Field Operations
2416,06-Jun-22,Production Manager,WBL,Active,Contract,Zone C,Full-Time,Production       ,General - Con
2417,27-Feb-21,Production Manager,BPC,Active,Contract,Zone C,Full-Time,Production       ,Engineers
2418,26-Jan-22,Production Manager,CCDR,Terminated,Contract,Zone B,Temporary,Production       ,Project Management - Con
2419,01-Apr-20,Production Manager,EW,Active,Part-Time,Zone A,Temporary,Production       ,Wireline Construction
2420,03-Jun-20,Production Manager,MSC,Active,Contract,Zone B,Full-Time,Production       ,Project Management - Con
2421,20-Nov-21,Production Manager,NEL,Active,Full-Time,Zone C,Part-Time,Production       ,Engineers
2422,21-Dec-21,Production Manager,PL,Terminated,Part-Time,Zone A,Temporary,Production       ,General - Con
2423,10-Oct-18,President & CEO,PYZ,Active,Contract,Zone A,Full-Time,Production       ,General - Con
2424,26-Feb-19,Network Engineer,SVG,Active,Full-Time,Zone C,Full-Time,Executive Office,Engineers
2425,19-Jun-22,Director of Operations,MSC,Active,Contract,Zone C,Full-Time,Production       ,Wireline Construction
2426,20-Jul-20,Data Analyst,EW,Active,Full-Time,Zone C,Part-Time,Production       ,General - Con
2427,17-Jan-20,Data Analyst,CCDR,Active,Part-Time,Zone C,Full-Time,IT/IS,Field Operations
2428,04-Jun-21,Data Analyst ,BPC,Active,Part-Time,Zone B,Temporary,IT/IS,Yard (Material Handling)
2429,19-Apr-19,Production Manager,BPC,Active,Part-Time,Zone C,Temporary,Production       ,Field Operations
2430,17-Nov-18,Production Manager,CCDR,Active,Full-Time,Zone B,Part-Time,Production       ,General - Con
2431,18-Aug-22,Production Manager,SVG,Active,Contract,Zone A,Full-Time,Production       ,General - Con
2432,10-Feb-23,Production Manager,EW,Terminated,Contract,Zone C,Full-Time,Production       ,Yard (Material Handling)
2433,22-Apr-20,Production Manager,MSC,Active,Contract,Zone C,Temporary,Production       ,Engineers
2434,14-Jan-23,Production Manager,TNS,Active,Part-Time,Zone A,Full-Time,Production       ,General - Con
2435,13-Mar-23,Production Manager,PYZ,Terminated,Full-Time,Zone C,Part-Time,Production       ,Engineers
2436,30-Dec-22,Production Manager,WBL,Terminated,Full-Time,Zone B,Part-Time,Production       ,Field Operations
2437,04-Jun-20,Production Manager,NEL,Terminated,Full-Time,Zone A,Full-Time,Production       ,Shop (Fleet)
2438,13-Mar-22,Production Manager,PL,Active,Contract,Zone A,Full-Time,Production       ,Wireless
2439,21-Aug-21,Production Manager,BPC,Active,Contract,Zone B,Part-Time,Production       ,Engineers
2440,15-May-21,Production Manager,CCDR,Active,Contract,Zone B,Temporary,Production       ,General - Con
2441,14-Jul-21,President & CEO,SVG,Active,Contract,Zone B,Part-Time,Production       ,General - Sga
2442,31-Jan-23,Director of Operations,SVG,Active,Contract,Zone C,Full-Time,Production       ,Executive
2443,27-Jul-20,Data Analyst,EW,Active,Part-Time,Zone B,Full-Time,Production       ,Wireline Construction
2444,16-Apr-23,Data Analyst,MSC,Active,Part-Time,Zone C,Part-Time,IT/IS,Wireline Construction
2445,30-Dec-19,Production Manager,MSC,Active,Contract,Zone B,Temporary,Production       ,General - Con
2446,06-Dec-21,Production Manager,NEL,Active,Contract,Zone C,Full-Time,Production       ,Executive
2447,02-Feb-20,Production Manager,PL,Active,Full-Time,Zone A,Full-Time,Production       ,Engineers
2448,23-Oct-20,Production Manager,PYZ,Terminated,Full-Time,Zone C,Part-Time,Production       ,General - Eng
2449,29-Apr-20,Production Manager,SVG,Terminated,Part-Time,Zone B,Temporary,Production       ,Aerial
2450,18-Aug-22,Production Manager,TNS,Active,Full-Time,Zone A,Part-Time,Production       ,Aerial
2451,08-Sep-20,Production Manager,WBL,Active,Contract,Zone A,Temporary,Production       ,Splicing
2452,14-Oct-22,Production Manager,BPC,Active,Full-Time,Zone C,Part-Time,Production       ,Project Management - Con
2453,13-May-23,Production Manager,CCDR,Active,Full-Time,Zone C,Full-Time,Production       ,Underground
2454,28-Feb-21,Production Manager,EW,Active,Full-Time,Zone A,Part-Time,Production       ,Fielders
2455,03-Mar-20,Production Manager,MSC,Active,Full-Time,Zone B,Full-Time,Production       ,General - Con
2456,29-Nov-21,Production Manager,NEL,Active,Full-Time,Zone A,Full-Time,Production       ,Wireline Construction
2457,24-Aug-18,Production Manager,PL,Active,Part-Time,Zone A,Part-Time,Production       ,Field Operations
2458,21-Oct-20,President & CEO,PYZ,Active,Part-Time,Zone B,Temporary,Production       ,Shop (Fleet)
2459,15-Dec-20,Director of Operations,SVG,Active,Full-Time,Zone A,Temporary,Production       ,Field Operations
2460,05-Sep-18,Data Analyst,EW,Active,Contract,Zone C,Full-Time,IT/IS,Finance & Accounting
2461,27-Sep-21,Shared Services Manager,EW,Active,Part-Time,Zone A,Full-Time,Admin Offices,Splicing
2462,09-Jan-20,Production Manager,NEL,Active,Part-Time,Zone C,Full-Time,Production       ,General - Con
2463,06-Dec-18,Production Manager,PL,Active,Part-Time,Zone A,Part-Time,Production       ,Fielders
2464,11-Aug-22,Production Manager,BPC,Active,Full-Time,Zone B,Temporary,Production       ,Field Operations
2465,13-Apr-20,Production Manager,CCDR,Active,Contract,Zone A,Full-Time,Production       ,Field Operations
2466,14-Nov-21,Production Manager,SVG,Terminated,Contract,Zone A,Full-Time,Production       ,Fielders
2467,17-Mar-22,Production Manager,EW,Terminated,Full-Time,Zone B,Full-Time,Production       ,Engineers
2468,06-May-19,Production Manager,MSC,Active,Part-Time,Zone A,Part-Time,Production       ,General - Con
2469,27-Nov-21,Production Manager,TNS,Active,Part-Time,Zone C,Part-Time,Production       ,Field Operations
2470,09-Feb-21,Production Manager,BPC,Active,Full-Time,Zone C,Temporary,Production       ,General - Con
2471,06-Jan-22,Production Manager,CCDR,Active,Part-Time,Zone C,Part-Time,Production       ,Fielders
2472,28-Jul-23,Production Manager,EW,Active,Full-Time,Zone B,Temporary,Production       ,Aerial
2473,27-Mar-21,Production Manager,MSC,Active,Contract,Zone B,Full-Time,Production       ,Corp Operations
2474,12-Mar-23,Production Manager,NEL,Active,Contract,Zone A,Temporary,Production       ,Field Operations
2475,05-Oct-22,Production Manager,PL,Terminated,Part-Time,Zone C,Temporary,Production       ,General - Con
2476,01-Oct-21,President & CEO,PYZ,Active,Part-Time,Zone B,Full-Time,Executive Office,Yard (Material Handling)
2477,31-Jan-22,Director of Sales,PL,Active,Contract,Zone A,Full-Time,Sales,Field Operations
2478,01-Jun-20,Director of Operations,PYZ,Active,Full-Time,Zone A,Temporary,Production       ,General - Con
2479,18-Apr-23,Data Analyst,SVG,Active,Contract,Zone C,Part-Time,IT/IS,General - Con
2480,25-Jul-20,IT Director,CCDR,Active,Part-Time,Zone C,Part-Time,IT/IS,Splicing
2481,12-Dec-18,IT Manager - DB,PL,Active,Full-Time,Zone A,Part-Time,IT/IS,Aerial
2482,01-Sep-18,IT Manager - Support,PYZ,Active,Contract,Zone C,Full-Time,IT/IS,Isp
2483,24-Nov-19,IT Manager - Infra,WBL,Active,Part-Time,Zone A,Temporary,IT/IS,Fielders
2484,26-Dec-21,BI Director,SVG,Active,Part-Time,Zone A,Part-Time,IT/IS,Field Operations
2485,04-Mar-20,Software Engineering Manager,NEL,Active,Part-Time,Zone B,Part-Time,Software Engineering,Wireless
2486,03-May-20,IT Manager - DB,TNS,Active,Part-Time,Zone A,Temporary,IT/IS,General - Con
2487,20-Jul-19,IT Manager - DB,PYZ,Active,Part-Time,Zone A,Temporary,IT/IS,Splicing
2488,26-May-22,IT Director,PL,Active,Contract,Zone A,Full-Time,IT/IS,Field Operations
2489,24-Jul-21,Director of Sales,NEL,Active,Contract,Zone A,Part-Time,IT/IS,Field Operations
2490,27-Sep-21,Director of Operations,MSC,Active,Contract,Zone A,Part-Time,IT/IS,General - Con
2491,07-Apr-19,Software Engineer,BPC,Active,Contract,Zone A,Full-Time,Software Engineering,General - Con
2492,20-Jul-19,Software Engineer,CCDR,Active,Full-Time,Zone C,Temporary,Software Engineering,General - Con
2493,03-Dec-22,Software Engineer,SVG,Active,Contract,Zone C,Full-Time,Software Engineering,Field Operations
2494,04-Apr-20,IT Manager - DB,MSC,Active,Contract,Zone A,Temporary,IT/IS,Field Operations
2495,08-Mar-20,IT Director,NEL,Active,Contract,Zone B,Part-Time,IT/IS,Fielders
2496,28-Sep-20,Director of Sales,PL,Active,Part-Time,Zone B,Temporary,IT/IS,Underground
2497,14-Jul-21,Director of Operations,PYZ,Active,Full-Time,Zone C,Temporary,IT/IS,Field Operations
2498,17-Oct-19,BI Developer,PYZ,Terminated,Full-Time,Zone A,Temporary,IT/IS,Field Operations
2499,08-Apr-23,Software Engineer,PL,Active,Contract,Zone B,Full-Time,Software Engineering,Project Management - Con
2500,25-Jul-19,Software Engineer,BPC,Active,Full-Time,Zone C,Part-Time,Software Engineering,Field Operations
2501,25-Dec-22,Software Engineer,CCDR,Active,Full-Time,Zone A,Temporary,Software Engineering,Finance & Accounting
2502,27-Jan-19,Software Engineer,SVG,Active,Part-Time,Zone C,Temporary,Software Engineering,Wireline Construction
2503,26-Dec-21,IT Manager - DB,PL,Active,Contract,Zone C,Temporary,IT/IS,General - Con
2504,12-Jan-23,IT Director,BPC,Active,Full-Time,Zone A,Part-Time,IT/IS,Engineers
2505,02-Jul-19,Director of Sales,CCDR,Active,Contract,Zone B,Temporary,IT/IS,Splicing
2506,30-Jun-22,Director of Operations,SVG,Active,Full-Time,Zone C,Full-Time,IT/IS,Field Operations
2507,05-Jan-23,BI Developer,CCDR,Terminated,Part-Time,Zone B,Temporary,IT/IS,Aerial
2508,18-Nov-18,BI Developer,SVG,Active,Full-Time,Zone A,Part-Time,IT/IS,Field Operations
2509,21-Sep-20,Software Engineer,EW,Active,Part-Time,Zone C,Full-Time,Software Engineering,Billable Consultants
2510,25-Nov-19,Software Engineer,MSC,Active,Contract,Zone C,Temporary,Software Engineering,Aerial
2511,05-Feb-21,Software Engineer,NEL,Active,Full-Time,Zone C,Part-Time,Software Engineering,Engineers
2512,16-Apr-23,Software Engineer,PL,Active,Part-Time,Zone B,Temporary,Software Engineering,Field Operations
2513,19-Aug-21,IT Manager - DB,PYZ,Active,Full-Time,Zone A,Full-Time,IT/IS,General - Eng
2514,14-Jan-22,IT Director,PL,Active,Part-Time,Zone A,Full-Time,IT/IS,Engineers
2515,11-Sep-18,Director of Sales,NEL,Active,Contract,Zone A,Full-Time,IT/IS,General - Sga
2516,18-Feb-22,Director of Operations,MSC,Active,Full-Time,Zone C,Temporary,IT/IS,Field Operations
2517,01-Dec-19,BI Developer,CCDR,Active,Full-Time,Zone A,Full-Time,IT/IS,Aerial
2518,28-Feb-21,BI Developer,SVG,Active,Full-Time,Zone A,Full-Time,IT/IS,Wireline Construction
2519,13-Nov-21,Software Engineer,NEL,Active,Part-Time,Zone A,Part-Time,Software Engineering,Splicing
2520,27-Sep-20,Software Engineer,PL,Active,Part-Time,Zone C,Part-Time,Software Engineering,Project Management - Con
2521,03-Sep-22,Software Engineer,BPC,Active,Contract,Zone C,Temporary,Software Engineering,Engineers
2522,09-Oct-20,IT Manager - DB,PL,Active,Full-Time,Zone C,Temporary,IT/IS,Field Operations
2523,06-Nov-21,IT Director,BPC,Active,Full-Time,Zone A,Temporary,IT/IS,General - Con
2524,24-Jun-23,Director of Sales,CCDR,Active,Contract,Zone A,Part-Time,IT/IS,Finance & Accounting
2525,15-Sep-21,Director of Operations,SVG,Active,Full-Time,Zone B,Full-Time,Sales,General - Con
2526,14-Oct-22,BI Developer,NEL,Active,Contract,Zone C,Part-Time,IT/IS,Engineers
2527,22-Jul-19,BI Developer,PL,Active,Full-Time,Zone A,Temporary,IT/IS,Engineers
2528,20-Mar-23,BI Developer,PYZ,Active,Part-Time,Zone C,Part-Time,IT/IS,Project Management - Con
2529,02-May-22,Software Engineer,NEL,Active,Full-Time,Zone B,Part-Time,Software Engineering,Underground
2530,20-Oct-22,Software Engineer,PL,Active,Part-Time,Zone C,Temporary,Software Engineering,Yard (Material Handling)
2531,24-Jul-23,Software Engineer,BPC,Active,Part-Time,Zone B,Full-Time,Software Engineering,Executive
2532,18-Jul-20,IT Manager - DB,NEL,Active,Contract,Zone A,Part-Time,IT/IS,General - Con
2533,05-May-21,IT Manager - DB,PL,Active,Full-Time,Zone A,Temporary,IT/IS,Field Operations
2534,15-Apr-19,IT Director,BPC,Active,Part-Time,Zone B,Temporary,IT/IS,Project Management - Con
2535,24-Aug-20,Director of Sales,CCDR,Active,Contract,Zone B,Part-Time,Sales,Field Operations
2536,31-Dec-22,Director of Operations,SVG,Active,Contract,Zone C,Temporary,Sales,Field Operations
2537,18-Sep-22,BI Developer,PL,Active,Full-Time,Zone A,Full-Time,IT/IS,Field Operations
2538,14-Sep-19,BI Developer,BPC,Active,Full-Time,Zone C,Part-Time,IT/IS,Wireline Construction
2539,19-Mar-19,BI Developer,CCDR,Active,Part-Time,Zone B,Temporary,IT/IS,Wireline Construction
2540,18-Oct-22,Software Engineering Manager,CCDR,Active,Contract,Zone B,Part-Time,Software Engineering,Finance & Accounting
2541,31-Jul-22,Software Engineer,EW,Active,Full-Time,Zone B,Temporary,Software Engineering,Engineers
2542,06-Mar-23,Software Engineer,MSC,Active,Part-Time,Zone A,Part-Time,Software Engineering,Engineers
2543,30-Jan-19,Software Engineer,NEL,Terminated,Full-Time,Zone A,Full-Time,Software Engineering,General - Con
2544,22-May-23,IT Manager - DB,SVG,Active,Full-Time,Zone C,Temporary,IT/IS,Splicing
2545,22-Dec-18,IT Manager - DB,PYZ,Active,Contract,Zone B,Full-Time,IT/IS,Project Management - Con
2546,08-Nov-22,IT Director,PL,Active,Part-Time,Zone A,Part-Time,IT/IS,Finance & Accounting
2547,03-Jul-21,Director of Sales,NEL,Active,Full-Time,Zone A,Temporary,Sales,General - Con
2548,14-Nov-18,BI Developer,PYZ,Active,Contract,Zone A,Temporary,IT/IS,General - Sga
2549,18-Sep-21,BI Developer,PL,Active,Contract,Zone A,Part-Time,IT/IS,Field Operations
2550,19-Nov-20,Software Engineering Manager,WBL,Active,Contract,Zone A,Part-Time,Software Engineering,General - Con
2551,04-May-23,Software Engineer,NEL,Active,Full-Time,Zone B,Temporary,Software Engineering,General - Con
2552,21-Jan-23,Software Engineer,PL,Active,Full-Time,Zone B,Temporary,Software Engineering,Project Management - Con
2553,19-Aug-22,IT Manager - DB,NEL,Active,Contract,Zone B,Part-Time,IT/IS,Aerial
2554,18-Jul-22,IT Manager - DB,PL,Active,Part-Time,Zone A,Full-Time,IT/IS,General - Eng
2555,14-Aug-19,IT Director,BPC,Active,Full-Time,Zone A,Temporary,IT/IS,Wireless
2556,10-Dec-20,Director of Sales,CCDR,Active,Part-Time,Zone A,Full-Time,Sales,Project Management - Eng
2557,20-Sep-19,BI Developer,MSC,Active,Full-Time,Zone B,Temporary,IT/IS,Engineers
2558,19-Nov-21,Software Engineering Manager,WBL,Active,Full-Time,Zone B,Full-Time,Software Engineering,Field Operations
2559,29-Apr-22,Software Engineer,NEL,Active,Part-Time,Zone B,Full-Time,Software Engineering,Field Operations
2560,30-Jun-21,IT Manager - Infra,WBL,Active,Part-Time,Zone A,Part-Time,IT/IS,Field Operations
2561,15-Jul-21,IT Manager - DB,NEL,Active,Contract,Zone B,Temporary,IT/IS,General - Con
2562,12-Apr-21,IT Manager - DB,PL,Active,Contract,Zone B,Full-Time,IT/IS,Field Operations
2563,08-Dec-20,IT Director,BPC,Active,Contract,Zone B,Temporary,IT/IS,Fielders
2564,31-Oct-19,Director of Sales,CCDR,Active,Contract,Zone B,Full-Time,Sales,General - Con
2565,22-Jan-20,BI Developer,PL,Active,Contract,Zone C,Temporary,IT/IS,Field Operations
2566,20-Sep-22,Software Engineering Manager,CCDR,Active,Full-Time,Zone B,Full-Time,Software Engineering,General - Con
2567,22-Dec-22,IT Manager - Infra,CCDR,Active,Full-Time,Zone B,Part-Time,IT/IS,Field Operations
2568,12-Mar-19,IT Manager - DB,EW,Active,Full-Time,Zone C,Full-Time,IT/IS,Aerial
2569,07-Oct-21,IT Manager - DB,MSC,Active,Full-Time,Zone C,Temporary,IT/IS,General - Con
2570,16-Jun-19,IT Director,NEL,Active,Contract,Zone A,Full-Time,IT/IS,Field Operations
2571,17-Mar-21,BI Director,SVG,Active,Part-Time,Zone A,Full-Time,IT/IS,Field Operations
2572,07-Aug-22,BI Developer,PYZ,Active,Contract,Zone A,Temporary,IT/IS,Engineers
2573,17-Jan-20,Area Sales Manager,NEL,Terminated,Contract,Zone A,Temporary,Sales,Field Operations
2574,11-Jun-22,Area Sales Manager,EW,Active,Full-Time,Zone C,Full-Time,Sales,Billable Consultants
2575,03-Mar-21,Area Sales Manager,PYZ,Active,Contract,Zone C,Temporary,Sales,Splicing
2576,16-Apr-20,Area Sales Manager,CCDR,Active,Contract,Zone B,Part-Time,Sales,General - Sga
2577,22-Sep-22,Area Sales Manager,PYZ,Active,Full-Time,Zone A,Temporary,Sales,Wireline Construction
2578,30-May-23,Area Sales Manager,MSC,Active,Part-Time,Zone A,Full-Time,Sales,Shop (Fleet)
2579,14-Jan-21,Area Sales Manager,MSC,Active,Full-Time,Zone C,Full-Time,Sales,General - Eng
2580,29-Apr-20,Area Sales Manager,BPC,Active,Full-Time,Zone A,Part-Time,Sales,Finance & Accounting
2581,07-Jul-21,Area Sales Manager,MSC,Active,Full-Time,Zone A,Full-Time,Sales,Field Operations
2582,28-Jul-20,Area Sales Manager,MSC,Active,Part-Time,Zone C,Temporary,Sales,Wireline Construction
2583,16-Sep-20,Area Sales Manager,PYZ,Active,Contract,Zone B,Temporary,Sales,Engineers
2584,23-Apr-23,Area Sales Manager,TNS,Active,Part-Time,Zone C,Part-Time,Sales,Engineers
2585,04-Jun-21,Area Sales Manager,PYZ,Active,Contract,Zone A,Temporary,Sales,General - Con
2586,15-Apr-20,Area Sales Manager,CCDR,Active,Full-Time,Zone B,Temporary,Sales,Field Operations
2587,04-Sep-19,Area Sales Manager,NEL,Active,Full-Time,Zone A,Part-Time,Sales,Field Operations
2588,18-Aug-20,Area Sales Manager,PL,Active,Full-Time,Zone C,Full-Time,Sales,Field Operations
2589,05-Dec-20,Area Sales Manager,BPC,Active,Contract,Zone A,Temporary,Sales,Fielders
2590,13-Jan-23,Area Sales Manager,CCDR,Active,Part-Time,Zone A,Full-Time,Sales,Engineers
2591,17-Sep-19,Area Sales Manager,SVG,Active,Full-Time,Zone B,Full-Time,Sales,General - Con
2592,15-Oct-20,Area Sales Manager,EW,Active,Contract,Zone B,Part-Time,Sales,Field Operations
2593,01-Dec-18,Area Sales Manager,MSC,Active,Contract,Zone A,Temporary,Sales,General - Con
2594,24-Jul-23,Area Sales Manager,TNS,Active,Part-Time,Zone C,Temporary,Sales,Fielders
2595,08-Oct-19,Area Sales Manager,PYZ,Active,Part-Time,Zone A,Full-Time,Sales,Aerial
2596,16-Oct-21,Area Sales Manager,WBL,Active,Contract,Zone A,Full-Time,Sales,Corp Operations
2597,03-Apr-20,Area Sales Manager,NEL,Active,Contract,Zone A,Full-Time,Sales,Field Operations
2598,08-Jan-20,Area Sales Manager,PL,Active,Part-Time,Zone A,Temporary,Sales,General - Con
2599,27-Mar-22,Administrative Assistant,BPC,Active,Contract,Zone A,Temporary,Sales,Yard (Material Handling)
2600,18-Sep-18,Administrative Assistant,CCDR,Active,Full-Time,Zone C,Temporary,Sales,Aerial
2601,29-Nov-19,Administrative Assistant,SVG,Active,Full-Time,Zone C,Part-Time,Sales,General - Con
2602,16-Apr-19,Accountant I,EW,Active,Full-Time,Zone C,Full-Time,Admin Offices,Wireline Construction
2603,05-Mar-19,Area Sales Manager,NEL,Active,Part-Time,Zone A,Full-Time,Sales,Splicing
2604,20-Dec-18,Area Sales Manager,PL,Active,Contract,Zone C,Full-Time,Sales,Aerial
2605,08-Mar-21,Area Sales Manager,BPC,Active,Full-Time,Zone C,Part-Time,Sales,Wireline Construction
2606,23-Oct-20,Area Sales Manager,CCDR,Active,Full-Time,Zone C,Part-Time,Sales,Project Management - Con
2607,29-Mar-19,Area Sales Manager,SVG,Active,Contract,Zone B,Part-Time,Sales,Fielders
2608,25-Oct-20,Area Sales Manager,EW,Active,Contract,Zone A,Full-Time,Sales,Field Operations
2609,06-Dec-19,Area Sales Manager,MSC,Active,Part-Time,Zone B,Temporary,Sales,General - Sga
2610,23-Sep-22,Area Sales Manager,TNS,Active,Full-Time,Zone B,Full-Time,Sales,General - Con
2611,26-Dec-19,Area Sales Manager,PYZ,Active,Part-Time,Zone A,Temporary,Sales,Wireline Construction
2612,27-Aug-18,Area Sales Manager,WBL,Active,Part-Time,Zone B,Part-Time,Sales,Field Operations
2613,12-Dec-22,Area Sales Manager,NEL,Active,Part-Time,Zone B,Full-Time,Sales,Project Management - Eng
2614,13-May-21,Area Sales Manager,PL,Active,Part-Time,Zone A,Full-Time,Sales,Field Operations
2615,31-Mar-21,Administrative Assistant,BPC,Active,Contract,Zone B,Part-Time,Sales,Finance & Accounting
2616,14-Aug-19,Administrative Assistant,CCDR,Active,Full-Time,Zone A,Part-Time,Sales,Engineers
2617,02-Aug-20,Administrative Assistant,SVG,Active,Full-Time,Zone C,Full-Time,Sales,Catv
2618,04-Jun-19,Accountant I,EW,Active,Part-Time,Zone A,Full-Time,Admin Offices,Wireline Construction
2619,17-Jun-20,Area Sales Manager,WBL,Active,Contract,Zone A,Temporary,Sales,Field Operations
2620,04-Mar-21,Area Sales Manager,NEL,Active,Full-Time,Zone B,Full-Time,Sales,General - Con
2621,14-Sep-18,Area Sales Manager,PL,Active,Part-Time,Zone B,Temporary,Sales,Technology / It
2622,20-Jul-20,Area Sales Manager,BPC,Active,Contract,Zone B,Full-Time,Sales,Executive
2623,21-May-20,Area Sales Manager,CCDR,Active,Contract,Zone C,Full-Time,Sales,Field Operations
2624,11-Jun-23,Area Sales Manager,SVG,Active,Part-Time,Zone C,Temporary,Sales,Wireline Construction
2625,27-Nov-22,Area Sales Manager,EW,Active,Full-Time,Zone B,Full-Time,Sales,Splicing
2626,02-Mar-20,Area Sales Manager,MSC,Active,Full-Time,Zone C,Temporary,Sales,Project Management - Con
2627,29-Jan-23,Area Sales Manager,TNS,Active,Full-Time,Zone C,Part-Time,Sales,Wireline Construction
2628,07-Dec-21,Area Sales Manager,BPC,Active,Part-Time,Zone A,Temporary,Sales,Sales & Marketing
2629,19-Mar-23,Area Sales Manager,CCDR,Active,Contract,Zone B,Temporary,Sales,Underground
2630,10-Jun-22,Area Sales Manager,EW,Active,Part-Time,Zone B,Full-Time,Sales,Field Operations
2631,03-Mar-21,Area Sales Manager,MSC,Active,Full-Time,Zone C,Full-Time,Sales,Catv
2632,06-Mar-22,Administrative Assistant,NEL,Active,Contract,Zone C,Part-Time,Sales,Field Operations
2633,08-Aug-22,Administrative Assistant,PL,Active,Part-Time,Zone C,Full-Time,Sales,Project Management - Con
2634,12-Mar-23,Administrative Assistant,PYZ,Active,Part-Time,Zone B,Temporary,Sales,Field Operations
2635,01-May-19,Accountant I,SVG,Active,Full-Time,Zone B,Temporary,Admin Offices,General - Con
2636,13-Sep-18,Area Sales Manager,PYZ,Active,Full-Time,Zone B,Temporary,Sales,General - Eng
2637,16-Nov-22,Area Sales Manager,WBL,Active,Contract,Zone A,Temporary,Sales,Project Management - Con
2638,20-Nov-21,Area Sales Manager,NEL,Active,Contract,Zone B,Full-Time,Sales,Catv
2639,29-Sep-20,Area Sales Manager,PL,Active,Part-Time,Zone C,Temporary,Sales,Project Management - Con
2640,28-Aug-21,Area Sales Manager,BPC,Active,Contract,Zone B,Full-Time,Sales,Wireline Construction
2641,28-Apr-21,Area Sales Manager,CCDR,Active,Full-Time,Zone A,Full-Time,Sales,Aerial
2642,15-Jun-22,Area Sales Manager,SVG,Active,Full-Time,Zone C,Full-Time,Sales,Field Operations
2643,15-Apr-22,Area Sales Manager,EW,Active,Full-Time,Zone A,Temporary,Sales,Wireline Construction
2644,19-Jul-20,Area Sales Manager,MSC,Active,Full-Time,Zone C,Part-Time,Sales,Aerial
2645,02-Jul-20,Area Sales Manager,TNS,Active,Contract,Zone C,Temporary,Sales,Wireline Construction
2646,04-Aug-19,Area Sales Manager,PYZ,Active,Contract,Zone A,Part-Time,Sales,Project Management - Con
2647,09-Jan-19,Area Sales Manager,WBL,Active,Contract,Zone A,Temporary,Sales,Project Management - Con
2648,01-Oct-22,Area Sales Manager,NEL,Active,Part-Time,Zone A,Part-Time,Sales,Fielders
2649,28-Sep-20,Area Sales Manager,PL,Active,Part-Time,Zone A,Full-Time,Sales,Project Management - Con
2650,15-Nov-18,Administrative Assistant,BPC,Active,Part-Time,Zone B,Full-Time,Sales,Project Management - Con
2651,24-Nov-20,Administrative Assistant,CCDR,Active,Contract,Zone C,Full-Time,Sales,Project Management - Con
2652,09-Jul-23,Administrative Assistant,SVG,Active,Contract,Zone C,Temporary,Sales,General - Sga
2653,20-Apr-23,Area Sales Manager,PYZ,Active,Full-Time,Zone C,Part-Time,Sales,Wireline Construction
2654,22-Aug-19,Area Sales Manager,WBL,Active,Full-Time,Zone C,Temporary,Sales,General - Con
2655,02-Aug-22,Area Sales Manager,NEL,Active,Contract,Zone A,Part-Time,Sales,General - Con
2656,31-Oct-18,Area Sales Manager,PL,Active,Part-Time,Zone B,Part-Time,Sales,Aerial
2657,23-Nov-21,Area Sales Manager,BPC,Active,Contract,Zone B,Temporary,Sales,Isp
2658,01-Jul-23,Area Sales Manager,CCDR,Active,Full-Time,Zone A,Temporary,Sales,Engineers
2659,18-Jul-22,Area Sales Manager,SVG,Active,Part-Time,Zone B,Temporary,Sales,General - Con
2660,09-Aug-19,Area Sales Manager,EW,Active,Part-Time,Zone C,Part-Time,Sales,Shop (Fleet)
2661,06-Jul-21,Area Sales Manager,MSC,Active,Part-Time,Zone A,Temporary,Sales,Engineers
2662,02-Feb-21,Area Sales Manager,TNS,Active,Contract,Zone A,Part-Time,Sales,General - Con
2663,06-Jan-23,Area Sales Manager,PYZ,Active,Part-Time,Zone B,Part-Time,Sales,Splicing
2664,13-Nov-21,Area Sales Manager,WBL,Active,Full-Time,Zone C,Full-Time,Sales,Project Management - Con
2665,15-Mar-20,Area Sales Manager,NEL,Active,Contract,Zone A,Part-Time,Sales,Splicing
2666,07-Nov-18,Area Sales Manager,PL,Active,Part-Time,Zone C,Full-Time,Sales,Yard (Material Handling)
2667,03-Oct-19,Administrative Assistant,BPC,Active,Full-Time,Zone B,Part-Time,Sales,Billable Consultants
2668,12-Aug-22,Administrative Assistant,CCDR,Active,Contract,Zone C,Part-Time,Sales,General - Con
2669,22-Dec-18,Administrative Assistant,SVG,Active,Part-Time,Zone C,Full-Time,Sales,Field Operations
2670,27-Mar-21,Area Sales Manager,PYZ,Active,Part-Time,Zone A,Full-Time,Sales,Engineers
2671,18-Jul-22,Area Sales Manager,WBL,Active,Part-Time,Zone C,Temporary,Sales,Field Operations
2672,09-Apr-20,Area Sales Manager,NEL,Active,Contract,Zone A,Full-Time,Sales,Fielders
2673,07-Jan-22,Area Sales Manager,PL,Active,Full-Time,Zone B,Full-Time,Sales,Splicing
2674,15-Jul-22,Area Sales Manager,BPC,Active,Part-Time,Zone A,Part-Time,Sales,Fielders
2675,29-Nov-20,Area Sales Manager,CCDR,Active,Part-Time,Zone C,Part-Time,Sales,Engineers
2676,20-Mar-19,Area Sales Manager,SVG,Active,Part-Time,Zone C,Part-Time,Sales,Engineers
2677,16-Mar-19,Area Sales Manager,EW,Active,Contract,Zone B,Full-Time,Sales,Splicing
2678,30-May-21,Area Sales Manager,MSC,Active,Full-Time,Zone C,Part-Time,Sales,Field Operations
2679,17-Nov-22,Area Sales Manager,TNS,Active,Contract,Zone A,Part-Time,Sales,General - Con
2680,25-Dec-20,Area Sales Manager,PYZ,Active,Contract,Zone A,Full-Time,Sales,Billable Consultants
2681,16-Jun-20,Area Sales Manager,WBL,Active,Part-Time,Zone C,Full-Time,Sales,Field Operations
2682,28-Jul-20,Area Sales Manager,NEL,Active,Contract,Zone A,Temporary,Sales,Field Operations
2683,31-Dec-21,Area Sales Manager,PL,Active,Contract,Zone A,Temporary,Sales,General - Con
2684,07-Feb-22,Administrative Assistant,BPC,Active,Full-Time,Zone C,Part-Time,Sales,General - Sga
2685,23-Nov-21,Administrative Assistant,CCDR,Active,Full-Time,Zone B,Temporary,Sales,General - Sga
2686,15-Aug-21,Area Sales Manager,PYZ,Active,Contract,Zone C,Part-Time,Sales,Project Management - Con
2687,21-Jun-21,Area Sales Manager,WBL,Active,Part-Time,Zone A,Full-Time,Sales,Engineers
2688,13-Feb-21,Area Sales Manager,NEL,Active,Contract,Zone B,Full-Time,Sales,Engineers
2689,28-Dec-20,Area Sales Manager,PL,Active,Part-Time,Zone C,Part-Time,Sales,Wireline Construction
2690,12-Apr-22,Area Sales Manager,BPC,Active,Part-Time,Zone B,Part-Time,Sales,Project Management - Con
2691,02-Jan-19,Area Sales Manager,CCDR,Active,Part-Time,Zone C,Full-Time,Sales,General - Sga
2692,01-Aug-20,Area Sales Manager,SVG,Active,Full-Time,Zone A,Full-Time,Sales,Underground
2693,14-Oct-20,Area Sales Manager,EW,Active,Part-Time,Zone C,Temporary,Sales,General - Sga
2694,26-May-23,Area Sales Manager,MSC,Active,Full-Time,Zone C,Full-Time,Sales,Engineers
2695,26-Aug-21,Area Sales Manager,TNS,Active,Full-Time,Zone A,Temporary,Sales,Underground
2696,20-Nov-22,Area Sales Manager,PYZ,Active,Contract,Zone A,Temporary,Sales,Project Management - Con
2697,22-Feb-20,Area Sales Manager,WBL,Active,Full-Time,Zone A,Full-Time,Sales,Splicing
2698,04-Apr-21,Area Sales Manager,NEL,Active,Contract,Zone B,Full-Time,Sales,Field Operations
2699,05-Aug-23,Area Sales Manager,PL,Active,Contract,Zone C,Temporary,Sales,Engineers
2700,10-Jan-23,Administrative Assistant,BPC,Active,Full-Time,Zone B,Temporary,Sales,Project Management - Con
2701,19-Apr-19,Administrative Assistant,CCDR,Active,Contract,Zone A,Full-Time,Sales,Field Operations
2702,02-Oct-19,Area Sales Manager,BPC,Active,Contract,Zone B,Full-Time,Sales,Aerial
2703,14-Nov-18,Area Sales Manager,CCDR,Active,Full-Time,Zone A,Part-Time,Sales,General - Con
2704,27-Jan-20,Area Sales Manager,EW,Active,Part-Time,Zone A,Full-Time,Sales,Field Operations
2705,04-Nov-18,Area Sales Manager,MSC,Active,Full-Time,Zone B,Temporary,Sales,General - Con
2706,13-Dec-18,Area Sales Manager,NEL,Active,Part-Time,Zone A,Part-Time,Sales,Field Operations
2707,28-Nov-22,Area Sales Manager,PL,Active,Full-Time,Zone B,Part-Time,Sales,General - Con
2708,08-Jun-22,Area Sales Manager,PYZ,Active,Full-Time,Zone C,Part-Time,Sales,General - Con
2709,03-Apr-22,Area Sales Manager,SVG,Active,Full-Time,Zone A,Full-Time,Sales,Field Operations
2710,28-Feb-22,Area Sales Manager,TNS,Active,Part-Time,Zone C,Full-Time,Sales,Field Operations
2711,19-Aug-21,Area Sales Manager,WBL,Active,Contract,Zone C,Temporary,Sales,Field Operations
2712,19-Aug-18,Area Sales Manager,PYZ,Active,Full-Time,Zone A,Full-Time,Sales,General - Con
2713,15-Oct-19,Area Sales Manager,WBL,Active,Full-Time,Zone A,Full-Time,Sales,Aerial
2714,23-Feb-23,Area Sales Manager,NEL,Active,Part-Time,Zone C,Temporary,Sales,Field Operations
2715,01-Feb-23,Area Sales Manager,PL,Active,Full-Time,Zone B,Temporary,Sales,Field Operations
2716,07-May-23,Administrative Assistant,BPC,Active,Contract,Zone A,Temporary,Sales,Executive
2717,26-May-20,Area Sales Manager,PYZ,Active,Full-Time,Zone A,Temporary,Sales,Field Operations
2718,09-Feb-22,Area Sales Manager,WBL,Active,Part-Time,Zone A,Part-Time,Sales,Aerial
2719,20-Jun-22,Area Sales Manager,NEL,Active,Contract,Zone C,Temporary,Sales,Finance & Accounting
2720,08-Jan-22,Area Sales Manager,PL,Active,Contract,Zone A,Temporary,Sales,Field Operations
2721,01-Mar-20,Area Sales Manager,BPC,Active,Full-Time,Zone A,Full-Time,Sales,Shop (Fleet)
2722,05-Oct-20,Area Sales Manager,CCDR,Active,Contract,Zone C,Temporary,Sales,General - Con
2723,12-May-21,Area Sales Manager,SVG,Active,Part-Time,Zone C,Temporary,Sales,Field Operations
2724,01-Jan-23,Area Sales Manager,EW,Active,Part-Time,Zone B,Temporary,Sales,Catv
2725,18-Nov-19,Area Sales Manager,MSC,Active,Contract,Zone B,Full-Time,Sales,Field Operations
2726,12-May-21,Area Sales Manager,TNS,Active,Contract,Zone B,Full-Time,Sales,Wireline Construction
2727,14-Feb-20,Area Sales Manager,PYZ,Active,Contract,Zone C,Full-Time,Sales,General - Con
2728,08-May-20,Area Sales Manager,WBL,Active,Full-Time,Zone B,Full-Time,Sales,Splicing
2729,10-Dec-18,Area Sales Manager,NEL,Active,Part-Time,Zone B,Full-Time,Sales,Engineers
2730,08-Dec-21,Area Sales Manager,PL,Active,Contract,Zone B,Part-Time,Sales,Underground
2731,31-Jan-19,Administrative Assistant,BPC,Active,Part-Time,Zone C,Full-Time,Sales,General - Con
2732,31-Aug-22,Area Sales Manager,PYZ,Active,Contract,Zone A,Full-Time,Sales,Shop (Fleet)
2733,01-Feb-22,Area Sales Manager,WBL,Active,Contract,Zone A,Temporary,Sales,General - Sga
2734,02-Dec-20,Area Sales Manager,NEL,Active,Contract,Zone C,Part-Time,Sales,General - Con
2735,16-Oct-20,Area Sales Manager,PL,Active,Contract,Zone B,Part-Time,Sales,Field Operations
2736,27-May-20,Area Sales Manager,BPC,Active,Contract,Zone A,Full-Time,Sales,General - Con
2737,20-Aug-21,Area Sales Manager,CCDR,Active,Full-Time,Zone C,Temporary,Sales,General - Con
2738,07-Feb-19,Area Sales Manager,SVG,Active,Full-Time,Zone C,Full-Time,Sales,Field Operations
2739,18-Feb-21,Area Sales Manager,EW,Active,Contract,Zone A,Part-Time,Sales,General - Con
2740,02-Dec-22,Area Sales Manager,MSC,Active,Full-Time,Zone B,Part-Time,Sales,General - Sga
2741,29-Jul-21,Area Sales Manager,TNS,Active,Full-Time,Zone A,Part-Time,Sales,Wireline Construction
2742,23-Apr-22,Area Sales Manager,PYZ,Active,Full-Time,Zone B,Full-Time,Sales,Field Operations
2743,31-Jul-21,Area Sales Manager,WBL,Active,Full-Time,Zone B,Temporary,Sales,Field Operations
2744,12-Jun-20,Area Sales Manager,NEL,Active,Contract,Zone C,Full-Time,Sales,Field Operations
2745,25-Jan-19,Area Sales Manager,PL,Active,Contract,Zone B,Part-Time,Sales,Executive
2746,24-Oct-20,Administrative Assistant,BPC,Terminated,Full-Time,Zone A,Full-Time,Sales,Project Management - Con
2747,18-Aug-18,Production Technician I,SVG,Active,Part-Time,Zone B,Part-Time,Production       ,General - Con
2748,11-Jul-22,Production Technician I,PYZ,Active,Full-Time,Zone C,Full-Time,Production       ,General - Sga
2749,15-Nov-18,Production Technician I,BPC,Terminated,Full-Time,Zone B,Part-Time,Production       ,Technology / It
2750,04-Jun-22,Production Technician II,TNS,Active,Full-Time,Zone B,Full-Time,Production       ,Field Operations
2752,21-Oct-22,Production Technician I,TNS,Active,Part-Time,Zone A,Temporary,Production       ,General - Con
2753,13-Jan-23,Production Technician I,CCDR,Active,Contract,Zone B,Part-Time,Production       ,Field Operations
2754,05-Apr-20,Production Technician I,SVG,Active,Full-Time,Zone C,Full-Time,Production       ,Engineers
2755,26-May-22,Production Technician I,EW,Active,Contract,Zone B,Temporary,Production       ,General - Con
2756,05-May-21,Production Technician II,TNS,Active,Part-Time,Zone A,Part-Time,Production       ,Field Operations
2758,20-Dec-18,Production Technician I,TNS,Terminated,Part-Time,Zone A,Full-Time,Production       ,Wireline Construction
2759,26-Aug-18,Production Technician I,PYZ,Active,Full-Time,Zone B,Full-Time,Production       ,Aerial
2760,06-Dec-20,Production Technician II,BPC,Active,Part-Time,Zone B,Temporary,Production       ,Fielders
2761,13-Dec-21,Production Technician I,EW,Active,Contract,Zone C,Temporary,Production       ,Wireline Construction
2762,27-Jun-21,Production Technician II,CCDR,Terminated,Part-Time,Zone A,Temporary,Production       ,Field Operations
2763,19-Oct-19,Production Technician I,NEL,Active,Part-Time,Zone C,Full-Time,Production       ,Field Operations
2764,26-Nov-22,Production Technician I,WBL,Active,Part-Time,Zone C,Full-Time,Production       ,Engineers
2765,19-Aug-19,Production Technician I,PL,Active,Full-Time,Zone C,Full-Time,Production       ,Wireline Construction
2766,22-Aug-18,Production Technician II,EW,Terminated,Part-Time,Zone A,Full-Time,Production       ,Engineers
2767,04-May-22,Production Technician I,BPC,Active,Full-Time,Zone A,Full-Time,Production       ,Field Operations
2768,12-Jun-22,Production Technician I,WBL,Active,Part-Time,Zone B,Temporary,Production       ,Underground
2769,08-Nov-18,Production Technician I,NEL,Active,Contract,Zone A,Part-Time,Production       ,Aerial
2770,05-Jul-21,Production Technician I,PL,Active,Part-Time,Zone A,Part-Time,Production       ,Field Operations
2771,08-Jul-20,Production Technician I,BPC,Terminated,Full-Time,Zone A,Temporary,Production       ,Wireline Construction
2772,13-Mar-20,Production Technician I,CCDR,Active,Full-Time,Zone A,Temporary,Production       ,Wireline Construction
2773,28-Dec-22,Production Technician I,SVG,Active,Full-Time,Zone B,Full-Time,Production       ,Splicing
2774,17-Mar-20,Production Technician I,EW,Active,Full-Time,Zone B,Part-Time,Production       ,Field Operations
2775,07-Jan-23,Production Technician I,MSC,Active,Part-Time,Zone B,Temporary,Production       ,Field Operations
2776,22-Dec-21,Production Technician I,TNS,Active,Full-Time,Zone B,Part-Time,Production       ,General - Eng
2777,29-Apr-20,Production Technician I,PYZ,Active,Part-Time,Zone B,Full-Time,Production       ,General - Con
2778,02-Dec-20,Production Technician I,WBL,Active,Part-Time,Zone C,Temporary,Production       ,Wireless
2779,08-Dec-21,Production Technician I,NEL,Active,Contract,Zone A,Part-Time,Production       ,Field Operations
2780,13-Apr-22,Production Technician I,PL,Active,Contract,Zone B,Part-Time,Production       ,General - Con
2781,23-Dec-20,Production Technician I,BPC,Terminated,Contract,Zone A,Part-Time,Production       ,Field Operations
2782,31-Mar-19,Production Technician I,CCDR,Active,Full-Time,Zone C,Temporary,Production       ,General - Con
2783,11-Jun-23,Production Technician II,SVG,Active,Part-Time,Zone A,Temporary,Production       ,Wireline Construction
2784,20-May-21,Production Technician II,TNS,Active,Contract,Zone B,Full-Time,Production       ,Field Operations
2785,14-Nov-20,Production Technician II,WBL,Active,Full-Time,Zone C,Full-Time,Production       ,Field Operations
2786,29-Dec-18,Production Technician II,PYZ,Active,Contract,Zone A,Full-Time,Production       ,Field Operations
2787,22-Apr-21,Production Technician II,WBL,Active,Contract,Zone A,Full-Time,Production       ,Executive
2788,03-Jun-23,Production Technician II,NEL,Terminated,Contract,Zone C,Full-Time,Production       ,Project Management - Con
2789,26-Apr-21,Production Technician I,CCDR,Active,Contract,Zone B,Temporary,Production       ,Wireless
2790,30-Apr-19,Production Technician I,EW,Active,Contract,Zone B,Part-Time,Production       ,Catv
2791,04-Jul-21,Production Technician I,MSC,Active,Contract,Zone B,Temporary,Production       ,Field Operations
2792,24-Feb-23,Production Technician I,NEL,Active,Part-Time,Zone A,Temporary,Production       ,Engineers
2793,02-Mar-21,Production Technician I,PL,Active,Full-Time,Zone A,Full-Time,Production       ,Yard (Material Handling)
2794,27-Dec-21,Production Technician I,PYZ,Active,Contract,Zone B,Temporary,Production       ,Field Operations
2795,10-Jul-22,Production Technician I,SVG,Active,Part-Time,Zone C,Temporary,Production       ,General - Eng
2796,19-Sep-22,Production Technician I,TNS,Active,Contract,Zone A,Full-Time,Production       ,Engineers
2797,30-May-21,Production Technician I,WBL,Active,Contract,Zone A,Temporary,Production       ,Aerial
2798,07-Apr-20,Production Technician I,BPC,Active,Contract,Zone A,Part-Time,Production       ,Engineers
2799,20-Apr-21,Production Technician I,CCDR,Active,Part-Time,Zone A,Part-Time,Production       ,Engineers
2800,02-Aug-19,Production Technician I,EW,Active,Contract,Zone B,Temporary,Production       ,General - Con
2801,11-Jan-22,Production Technician I,MSC,Active,Full-Time,Zone C,Temporary,Production       ,Field Operations
2802,15-Nov-20,Production Technician I,NEL,Active,Contract,Zone C,Part-Time,Production       ,General - Con
2803,08-May-20,Production Technician I,PL,Active,Part-Time,Zone B,Part-Time,Production       ,General - Con
2804,10-Mar-19,Production Technician II,SVG,Active,Part-Time,Zone B,Full-Time,Production       ,Project Management - Con
2805,19-Apr-22,Production Technician II,TNS,Active,Full-Time,Zone C,Part-Time,Production       ,Field Operations
2806,30-Nov-19,Production Technician II,WBL,Active,Full-Time,Zone A,Part-Time,Production       ,Catv
2807,06-Jul-21,Production Technician II,BPC,Terminated,Part-Time,Zone A,Part-Time,Production       ,Wireline Construction
2808,27-Nov-18,Production Technician II,CCDR,Active,Part-Time,Zone B,Temporary,Production       ,Billable Consultants
2809,30-Jan-23,Production Technician I,WBL,Active,Full-Time,Zone C,Part-Time,Production       ,Splicing
2810,17-Nov-22,Production Technician I,NEL,Active,Full-Time,Zone A,Part-Time,Production       ,Field Operations
2811,13-Aug-18,Production Technician I,PL,Active,Part-Time,Zone A,Full-Time,Production       ,Field Operations
2812,02-Jul-21,Production Technician I,BPC,Terminated,Part-Time,Zone B,Temporary,Production       ,General - Eng
2813,28-Jun-22,Production Technician I,CCDR,Active,Contract,Zone B,Full-Time,Production       ,Wireline Construction
2814,25-Jan-19,Production Technician I,SVG,Active,Part-Time,Zone A,Temporary,Production       ,Field Operations
2815,23-Jul-23,Production Technician I,EW,Active,Contract,Zone C,Part-Time,Production       ,Project Management - Con
2816,25-Jul-22,Production Technician I,MSC,Active,Full-Time,Zone C,Temporary,Production       ,General - Con
2817,11-Jan-23,Production Technician I,TNS,Active,Contract,Zone A,Part-Time,Production       ,Field Operations
2818,28-Jul-23,Production Technician I,PYZ,Active,Part-Time,Zone B,Temporary,Production       ,Fielders
2819,06-May-23,Production Technician I,WBL,Active,Full-Time,Zone C,Part-Time,Production       ,General - Con
2820,18-Sep-22,Production Technician I,NEL,Active,Full-Time,Zone C,Temporary,Production       ,Wireline Construction
2821,08-Sep-19,Production Technician I,PL,Active,Full-Time,Zone B,Temporary,Production       ,Field Operations
2822,30-Aug-19,Production Technician I,BPC,Active,Part-Time,Zone B,Part-Time,Production       ,Aerial
2823,22-May-23,Production Technician I,CCDR,Active,Contract,Zone B,Part-Time,Production       ,General - Con
2824,02-Mar-21,Production Technician II,EW,Active,Part-Time,Zone A,Full-Time,Production       ,Wireline Construction
2825,13-Feb-23,Production Technician II,MSC,Active,Full-Time,Zone C,Temporary,Production       ,Project Management - Eng
2827,19-Feb-20,Production Technician II,PYZ,Terminated,Full-Time,Zone A,Full-Time,Production       ,Field Operations
2828,15-Oct-21,Production Technician II,WBL,Terminated,Full-Time,Zone A,Temporary,Production       ,Field Operations
2829,16-Nov-22,Production Technician I,WBL,Active,Part-Time,Zone B,Part-Time,Production       ,Engineers
2830,30-Jun-22,Production Technician I,NEL,Active,Full-Time,Zone B,Part-Time,Production       ,General - Eng
2831,28-Jul-21,Production Technician I,PL,Active,Full-Time,Zone C,Full-Time,Production       ,Aerial
2832,21-Nov-21,Production Technician I,BPC,Active,Contract,Zone C,Full-Time,Production       ,Field Operations
2833,12-Oct-20,Production Technician I,CCDR,Active,Contract,Zone A,Full-Time,Production       ,General - Con
2834,02-Oct-18,Production Technician I,SVG,Active,Full-Time,Zone A,Full-Time,Production       ,General - Con
2835,17-Jul-21,Production Technician I,EW,Active,Contract,Zone C,Part-Time,Production       ,Engineers
2836,13-Apr-22,Production Technician I,MSC,Active,Contract,Zone C,Part-Time,Production       ,Catv
2837,20-Mar-21,Production Technician I,TNS,Active,Part-Time,Zone C,Temporary,Production       ,Splicing
2838,09-Sep-21,Production Technician I,PYZ,Active,Part-Time,Zone A,Temporary,Production       ,General - Sga
2839,06-Dec-19,Production Technician I,WBL,Active,Part-Time,Zone C,Part-Time,Production       ,General - Con
2840,26-Apr-23,Production Technician I,NEL,Active,Contract,Zone B,Part-Time,Production       ,Fielders
2841,06-Apr-19,Production Technician I,PL,Active,Contract,Zone B,Temporary,Production       ,General - Con
2842,19-Oct-20,Production Technician I,BPC,Terminated,Part-Time,Zone B,Temporary,Production       ,General - Con
2843,22-Nov-21,Production Technician II,SVG,Active,Full-Time,Zone C,Temporary,Production       ,General - Con
2845,03-Sep-20,Production Technician II,WBL,Active,Full-Time,Zone B,Part-Time,Production       ,General - Con
2846,14-Oct-19,Production Technician II,BPC,Terminated,Contract,Zone C,Full-Time,Production       ,Wireless
2848,13-Mar-22,Production Technician I,BPC,Terminated,Full-Time,Zone A,Temporary,Production       ,Project Management - Con
2849,02-Oct-18,Production Technician I,CCDR,Active,Part-Time,Zone C,Full-Time,Production       ,General - Con
2850,06-Oct-22,Production Technician I,EW,Active,Full-Time,Zone C,Part-Time,Production       ,General - Con
2851,21-Sep-20,Production Technician I,MSC,Active,Full-Time,Zone B,Part-Time,Production       ,Field Operations
2852,06-Dec-21,Production Technician I,NEL,Active,Part-Time,Zone C,Temporary,Production       ,Field Operations
2853,16-Nov-22,Production Technician I,PL,Terminated,Contract,Zone B,Part-Time,Production       ,General - Con
2854,02-Aug-22,Production Technician I,PYZ,Active,Part-Time,Zone A,Full-Time,Production       ,Executive
2855,19-Jan-22,Production Technician I,SVG,Active,Part-Time,Zone C,Full-Time,Production       ,Field Operations
2856,09-Apr-22,Production Technician I,TNS,Active,Full-Time,Zone A,Temporary,Production       ,Sales & Marketing
2857,19-Jul-19,Production Technician I,WBL,Active,Full-Time,Zone A,Part-Time,Production       ,General - Con
2858,02-Sep-21,Production Technician I,BPC,Active,Full-Time,Zone C,Temporary,Production       ,Engineers
2859,01-Feb-19,Production Technician I,CCDR,Active,Full-Time,Zone C,Part-Time,Production       ,Field Operations
2860,13-Apr-23,Production Technician I,EW,Active,Part-Time,Zone C,Part-Time,Production       ,General - Con
2861,06-Oct-18,Production Technician I,MSC,Active,Full-Time,Zone C,Full-Time,Production       ,General - Con
2862,24-Mar-20,Production Technician II,SVG,Active,Part-Time,Zone B,Part-Time,Production       ,Engineers
2863,08-Oct-21,Production Technician II,EW,Active,Full-Time,Zone B,Temporary,Production       ,Yard (Material Handling)
2864,16-May-22,Production Technician II,MSC,Active,Part-Time,Zone B,Full-Time,Production       ,Field Operations
2865,10-May-22,Production Technician II,TNS,Terminated,Part-Time,Zone C,Part-Time,Production       ,General - Con
2866,16-Nov-21,Production Technician II,BPC,Active,Part-Time,Zone C,Temporary,Production       ,Field Operations
2867,25-Feb-19,Production Technician II,CCDR,Active,Part-Time,Zone A,Temporary,Production       ,Technology / It
2868,01-Jul-22,Production Technician I,TNS,Active,Full-Time,Zone A,Temporary,Production       ,Executive
2869,17-Dec-22,Production Technician I,PYZ,Active,Contract,Zone A,Full-Time,Production       ,Aerial
2870,26-Jul-23,Production Technician I,WBL,Active,Part-Time,Zone B,Part-Time,Production       ,Sales & Marketing
2871,11-Mar-22,Production Technician I,NEL,Active,Contract,Zone A,Part-Time,Production       ,Catv
2872,29-Jun-20,Production Technician I,PL,Active,Contract,Zone B,Full-Time,Production       ,Wireline Construction
2873,28-Mar-22,Production Technician I,BPC,Active,Part-Time,Zone A,Full-Time,Production       ,Field Operations
2874,14-Feb-22,Production Technician I,CCDR,Active,Part-Time,Zone A,Full-Time,Production       ,Fielders
2875,25-Dec-20,Production Technician I,SVG,Active,Full-Time,Zone C,Temporary,Production       ,General - Con
2876,27-Apr-23,Production Technician I,EW,Active,Part-Time,Zone A,Temporary,Production       ,Field Operations
2877,11-Nov-22,Production Technician I,MSC,Active,Contract,Zone B,Part-Time,Production       ,Project Management - Con
2878,04-May-21,Production Technician I,TNS,Active,Part-Time,Zone A,Part-Time,Production       ,General - Sga
2879,20-Dec-18,Production Technician I,PYZ,Active,Full-Time,Zone A,Full-Time,Production       ,Executive
2880,11-Jun-21,Production Technician I,WBL,Active,Contract,Zone A,Temporary,Production       ,General - Con
2881,07-Jun-23,Production Technician I,NEL,Active,Contract,Zone B,Full-Time,Production       ,Field Operations
2882,21-May-19,Production Technician I,PL,Terminated,Part-Time,Zone B,Full-Time,Production       ,Shop (Fleet)
2883,01-Mar-19,Production Technician II,CCDR,Active,Part-Time,Zone C,Full-Time,Production       ,General - Con
2884,26-Feb-22,Production Technician II,SVG,Active,Part-Time,Zone A,Part-Time,Production       ,Wireline Construction
2886,06-Aug-20,Production Technician II,MSC,Active,Contract,Zone A,Temporary,Production       ,Field Operations
2887,28-Jan-20,Production Technician II,TNS,Terminated,Full-Time,Zone A,Temporary,Production       ,Shop (Fleet)
2890,07-Oct-22,Production Technician I,TNS,Active,Full-Time,Zone A,Full-Time,Production       ,General - Sga
2891,11-Aug-21,Production Technician I,PYZ,Active,Contract,Zone A,Temporary,Production       ,Wireline Construction
2892,10-Apr-21,Production Technician I,WBL,Active,Contract,Zone A,Full-Time,Production       ,Catv
2893,24-Feb-22,Production Technician I,NEL,Active,Full-Time,Zone A,Temporary,Production       ,Field Operations
2894,01-Jul-22,Production Technician I,PL,Active,Part-Time,Zone B,Full-Time,Production       ,Field Operations
2895,04-Apr-23,Production Technician I,BPC,Terminated,Full-Time,Zone A,Temporary,Production       ,Field Operations
2896,25-Oct-21,Production Technician I,CCDR,Active,Full-Time,Zone B,Part-Time,Production       ,Field Operations
2897,04-Mar-22,Production Technician I,SVG,Active,Full-Time,Zone C,Part-Time,Production       ,Field Operations
2898,20-Dec-19,Production Technician I,EW,Active,Contract,Zone A,Full-Time,Production       ,Field Operations
2899,11-Sep-20,Production Technician I,MSC,Active,Part-Time,Zone B,Part-Time,Production       ,Project Management - Con
2900,31-Oct-21,Production Technician I,TNS,Active,Part-Time,Zone B,Temporary,Production       ,General - Con
2901,21-Oct-18,Production Technician I,PYZ,Active,Part-Time,Zone A,Part-Time,Production       ,Wireline Construction
2902,07-Jan-21,Production Technician I,WBL,Active,Part-Time,Zone B,Part-Time,Production       ,Field Operations
2903,09-Feb-23,Production Technician I,NEL,Active,Part-Time,Zone A,Full-Time,Production       ,Engineers
2904,15-Feb-20,Production Technician I,PL,Terminated,Full-Time,Zone A,Part-Time,Production       ,Project Management - Con
2905,14-Oct-22,Production Technician II,PL,Active,Full-Time,Zone C,Full-Time,Production       ,Yard (Material Handling)
2906,02-Oct-18,Production Technician II,PYZ,Active,Contract,Zone B,Part-Time,Production       ,Field Operations
2907,22-Jun-20,Production Technician II,SVG,Active,Full-Time,Zone C,Part-Time,Production       ,Yard (Material Handling)
2908,19-Mar-21,Production Technician II,TNS,Active,Contract,Zone C,Temporary,Production       ,Project Management - Con
2909,28-Mar-19,Production Technician II,WBL,Active,Full-Time,Zone C,Part-Time,Production       ,Field Operations
2910,01-May-22,Production Technician II,BPC,Active,Part-Time,Zone A,Full-Time,Production       ,Field Operations
2911,07-Aug-18,Production Technician I,TNS,Active,Part-Time,Zone A,Full-Time,Production       ,Finance & Accounting
2912,01-May-22,Production Technician I,PYZ,Active,Full-Time,Zone C,Temporary,Production       ,Project Management - Con
2913,03-Dec-19,Production Technician I,WBL,Active,Full-Time,Zone B,Part-Time,Production       ,Splicing
2914,02-Jan-20,Production Technician I,NEL,Active,Full-Time,Zone C,Part-Time,Production       ,Splicing
2915,30-Apr-22,Production Technician I,PL,Terminated,Full-Time,Zone B,Part-Time,Production       ,Field Operations
2916,04-Jul-20,Production Technician I,BPC,Terminated,Part-Time,Zone C,Temporary,Production       ,General - Sga
2917,05-Feb-20,Production Technician I,CCDR,Active,Contract,Zone A,Part-Time,Production       ,Field Operations
2918,22-Dec-18,Production Technician I,SVG,Active,Part-Time,Zone B,Full-Time,Production       ,Field Operations
2919,21-Apr-19,Production Technician I,EW,Active,Full-Time,Zone A,Part-Time,Production       ,Field Operations
2920,03-Apr-20,Production Technician I,MSC,Active,Full-Time,Zone A,Part-Time,Production       ,Field Operations
2921,22-Sep-18,Production Technician I,TNS,Active,Full-Time,Zone B,Part-Time,Production       ,Aerial
2922,14-Oct-22,Production Technician I,BPC,Active,Part-Time,Zone B,Full-Time,Production       ,General - Con
2923,12-Feb-22,Production Technician I,CCDR,Active,Part-Time,Zone A,Part-Time,Production       ,Field Operations
2924,23-Mar-21,Production Technician I,EW,Terminated,Contract,Zone B,Part-Time,Production       ,Field Operations
2925,30-Aug-18,Production Technician II,CCDR,Active,Part-Time,Zone B,Temporary,Production       ,General - Sga
2928,10-Jan-21,Production Technician II,MSC,Active,Full-Time,Zone B,Part-Time,Production       ,General - Con
2929,19-Aug-20,Production Technician II,TNS,Terminated,Full-Time,Zone B,Temporary,Production       ,Field Operations
2930,21-Apr-23,Production Technician II,PYZ,Active,Part-Time,Zone A,Full-Time,Production       ,Wireless
2931,29-Jan-20,Production Technician I,MSC,Terminated,Full-Time,Zone B,Temporary,Production       ,Field Operations
2932,19-Aug-21,Production Technician I,TNS,Terminated,Part-Time,Zone A,Full-Time,Production       ,Finance & Accounting
2933,18-Mar-21,Production Technician I,PYZ,Active,Full-Time,Zone A,Part-Time,Production       ,Wireline Construction
2934,24-Oct-21,Production Technician I,WBL,Active,Contract,Zone B,Temporary,Production       ,Field Operations
2935,03-Oct-20,Production Technician I,NEL,Active,Contract,Zone B,Part-Time,Production       ,Wireline Construction
2936,21-Feb-23,Production Technician I,PL,Active,Contract,Zone C,Part-Time,Production       ,General - Con
2937,01-Aug-20,Production Technician I,BPC,Active,Contract,Zone A,Temporary,Production       ,Yard (Material Handling)
2938,08-Jan-23,Production Technician I,CCDR,Active,Full-Time,Zone C,Full-Time,Production       ,Aerial
2939,26-Jul-22,Production Technician I,SVG,Active,Contract,Zone B,Full-Time,Production       ,General - Eng
2940,31-Aug-20,Production Technician I,EW,Active,Contract,Zone A,Part-Time,Production       ,Yard (Material Handling)
2941,05-Nov-22,Production Technician I,MSC,Active,Part-Time,Zone B,Full-Time,Production       ,Engineers
2942,30-May-19,Production Technician I,TNS,Active,Full-Time,Zone C,Part-Time,Production       ,General - Sga
2943,09-Dec-19,Production Technician I,PYZ,Active,Full-Time,Zone B,Part-Time,Production       ,General - Sga
2944,10-May-19,Production Technician I,WBL,Active,Part-Time,Zone C,Part-Time,Production       ,General - Eng
2945,03-Sep-19,Production Technician I,NEL,Terminated,Full-Time,Zone B,Temporary,Production       ,Aerial
2946,13-Sep-18,Production Technician II,BPC,Active,Contract,Zone A,Full-Time,Production       ,Splicing
2947,10-Jun-21,Production Technician II,CCDR,Active,Part-Time,Zone C,Temporary,Production       ,Wireline Construction
2950,14-Sep-18,Production Technician II,MSC,Terminated,Part-Time,Zone C,Temporary,Production       ,People Services
2951,26-May-19,Production Technician II,TNS,Active,Full-Time,Zone C,Part-Time,Production       ,General - Con
2952,05-Jul-19,Production Technician II,PYZ,Active,Contract,Zone C,Full-Time,Production       ,General - Eng
2953,05-Nov-19,Production Technician I,TNS,Active,Full-Time,Zone B,Full-Time,Production       ,Field Operations
2954,22-Jul-19,Production Technician I,WBL,Active,Part-Time,Zone B,Part-Time,Production       ,Field Operations
2955,21-Sep-20,Production Technician I,PYZ,Active,Full-Time,Zone A,Part-Time,Production       ,General - Con
2956,11-Nov-19,Production Technician I,WBL,Active,Part-Time,Zone C,Full-Time,Production       ,Engineers
2957,08-Feb-21,Production Technician I,NEL,Active,Part-Time,Zone B,Temporary,Production       ,Field Operations
2958,01-Jun-20,Production Technician I,PL,Active,Contract,Zone C,Full-Time,Production       ,People Services
2959,26-Oct-22,Production Technician I,BPC,Terminated,Part-Time,Zone A,Temporary,Production       ,Aerial
2960,12-Feb-19,Production Technician I,CCDR,Active,Full-Time,Zone C,Part-Time,Production       ,General - Con
2961,19-Oct-22,Production Technician I,SVG,Active,Full-Time,Zone A,Full-Time,Production       ,Field Operations
2962,12-Dec-19,Production Technician I,EW,Active,Full-Time,Zone A,Full-Time,Production       ,Engineers
2963,29-Nov-21,Production Technician I,MSC,Active,Full-Time,Zone B,Full-Time,Production       ,Field Operations
2964,15-May-21,Production Technician I,TNS,Active,Part-Time,Zone B,Full-Time,Production       ,Field Operations
2965,27-Jan-23,Production Technician I,PYZ,Active,Contract,Zone B,Temporary,Production       ,Field Operations
2966,03-Jul-20,Production Technician I,WBL,Active,Full-Time,Zone A,Temporary,Production       ,Aerial
2967,26-Dec-22,Production Technician I,NEL,Active,Full-Time,Zone A,Part-Time,Production       ,Field Operations
2968,23-Dec-18,Production Technician I,CCDR,Active,Part-Time,Zone B,Temporary,Production       ,General - Con
2969,28-Sep-20,Production Technician II,WBL,Terminated,Contract,Zone A,Part-Time,Production       ,General - Con
2970,16-Sep-20,Production Technician I,MSC,Active,Full-Time,Zone B,Temporary,Production       ,General - Con
2971,09-Feb-20,Production Technician II,TNS,Active,Contract,Zone C,Temporary,Production       ,Aerial
2972,13-Feb-23,Production Technician I,TNS,Active,Full-Time,Zone B,Part-Time,Production       ,General - Con
2973,01-Dec-19,Production Technician I,SVG,Active,Part-Time,Zone C,Part-Time,Production       ,General - Con
2974,04-Nov-22,Production Technician I,SVG,Active,Full-Time,Zone C,Part-Time,Production       ,Field Operations
2975,14-Apr-21,Production Technician I,WBL,Active,Full-Time,Zone A,Temporary,Production       ,Billable Consultants
2977,28-Aug-20,Production Technician II,NEL,Active,Part-Time,Zone A,Temporary,Production       ,Yard (Material Handling)
2978,16-Aug-22,Production Technician I,CCDR,Active,Full-Time,Zone C,Part-Time,Production       ,Yard (Material Handling)
2979,26-Feb-22,Production Technician I,PL,Active,Full-Time,Zone A,Temporary,Production       ,Field Operations
2980,30-Dec-19,Production Technician I,SVG,Active,Part-Time,Zone A,Temporary,Production       ,General - Con
2981,23-Jul-22,Production Technician I,TNS,Active,Part-Time,Zone B,Full-Time,Production       ,Aerial
2982,14-Oct-18,Production Technician II,WBL,Active,Full-Time,Zone B,Temporary,Production       ,Field Operations
2983,20-Feb-21,Production Technician II,PL,Active,Full-Time,Zone C,Temporary,Production       ,Splicing
2984,28-Mar-20,Production Technician II,PYZ,Active,Contract,Zone B,Temporary,Production       ,Engineers
2985,05-Feb-19,Production Technician I,SVG,Active,Contract,Zone A,Part-Time,Production       ,General - Sga
2986,19-Apr-23,Production Technician I,NEL,Active,Full-Time,Zone B,Temporary,Production       ,General - Eng
2987,24-Sep-20,Production Technician I,TNS,Active,Contract,Zone B,Full-Time,Production       ,Shop (Fleet)
2988,14-Nov-20,Production Technician I,MSC,Active,Full-Time,Zone A,Part-Time,Production       ,General - Con
2989,16-Sep-21,Production Technician I,TNS,Active,Contract,Zone B,Temporary,Production       ,Engineers
2990,21-Apr-19,Production Technician I,PYZ,Active,Full-Time,Zone C,Part-Time,Production       ,General - Con
2991,13-Mar-20,Production Technician I,WBL,Active,Contract,Zone A,Full-Time,Production       ,General - Con
2992,16-Apr-22,Production Technician I,NEL,Active,Full-Time,Zone A,Part-Time,Production       ,Field Operations
2993,18-Mar-19,Production Technician I,PL,Active,Full-Time,Zone A,Full-Time,Production       ,General - Con
2994,18-Feb-22,Production Technician I,BPC,Active,Part-Time,Zone B,Temporary,Production       ,Engineers
2995,03-Sep-18,Production Technician I,CCDR,Active,Full-Time,Zone A,Full-Time,Production       ,General - Con
2996,15-Jun-22,Production Technician I,SVG,Active,Contract,Zone B,Temporary,Production       ,General - Con
2997,14-Feb-22,Production Technician I,EW,Active,Contract,Zone B,Part-Time,Production       ,General - Con
2998,09-Jul-23,Production Technician I,MSC,Active,Contract,Zone C,Part-Time,Production       ,General - Con
2999,28-Oct-18,Production Technician I,TNS,Active,Contract,Zone B,Part-Time,Production       ,Field Operations
3000,09-Jul-22,Production Technician I,PYZ,Active,Contract,Zone B,Full-Time,Production       ,Isp
3001,27-Sep-18,Production Technician I,WBL,Active,Full-Time,Zone C,Part-Time,Production       ,General - Con
3002,27-Oct-20,Production Technician II,BPC,Active,Full-Time,Zone A,Part-Time,Production       ,General - Con
3003,01-Oct-21,Production Technician II,CCDR,Active,Full-Time,Zone A,Part-Time,Production       ,Field Operations
3004,29-Aug-19,Production Technician II,EW,Active,Full-Time,Zone B,Full-Time,Production       ,General - Con
3005,29-Dec-20,Production Technician II,MSC,Active,Contract,Zone C,Part-Time,Production       ,General - Con
3006,04-Oct-22,Production Technician II,NEL,Active,Part-Time,Zone C,Full-Time,Production       ,Field Operations
3007,21-Mar-19,Production Technician II,PL,Active,Part-Time,Zone A,Full-Time,Production       ,General - Con
3008,03-Apr-20,Production Technician II,PYZ,Active,Full-Time,Zone A,Full-Time,Production       ,General - Sga
3009,02-Jun-19,Production Technician I,EW,Active,Part-Time,Zone C,Part-Time,Production       ,Billable Consultants
3013,18-May-19,Production Technician I,CCDR,Active,Full-Time,Zone C,Full-Time,Production       ,Splicing
3014,23-Nov-22,Production Technician I,EW,Active,Contract,Zone B,Temporary,Production       ,Field Operations
3015,02-Dec-20,Production Technician I,MSC,Active,Part-Time,Zone C,Part-Time,Production       ,General - Sga
3016,05-Jan-22,Production Technician I,NEL,Active,Part-Time,Zone A,Part-Time,Production       ,Finance & Accounting
3017,16-Apr-23,Production Technician I,PL,Active,Full-Time,Zone B,Full-Time,Production       ,Field Operations
3018,10-Oct-20,Production Technician I,PYZ,Active,Contract,Zone C,Part-Time,Production       ,Project Management - Con
3019,15-Apr-22,Production Technician I,SVG,Active,Contract,Zone B,Full-Time,Production       ,Finance & Accounting
3020,25-Jul-23,Production Technician I,TNS,Active,Part-Time,Zone C,Part-Time,Production       ,General - Con
3021,31-Aug-20,Production Technician I,WBL,Active,Contract,Zone A,Temporary,Production       ,Wireline Construction
3022,10-Oct-18,Production Technician I,BPC,Active,Full-Time,Zone C,Full-Time,Production       ,Splicing
3023,15-Jan-19,Production Technician II,TNS,Terminated,Contract,Zone B,Part-Time,Production       ,General - Con
3024,26-Dec-21,Production Technician II,BPC,Active,Contract,Zone A,Full-Time,Production       ,Project Management - Con
3025,23-May-22,Production Technician II,CCDR,Active,Contract,Zone C,Temporary,Production       ,Project Management - Con
3026,23-Aug-22,Production Technician II,EW,Active,Contract,Zone C,Part-Time,Production       ,Project Management - Con
3027,27-May-23,Production Technician II,MSC,Active,Part-Time,Zone A,Full-Time,Production       ,General - Eng
3028,10-Aug-18,Production Technician II,NEL,Terminated,Contract,Zone B,Temporary,Production       ,Engineers
3029,24-Oct-21,Production Technician II,PL,Active,Contract,Zone C,Full-Time,Production       ,Finance & Accounting
3030,05-Jul-22,Production Technician II,PYZ,Active,Full-Time,Zone C,Part-Time,Production       ,Wireline Construction
3031,22-Jan-22,Production Technician I,SVG,Active,Contract,Zone B,Temporary,Production       ,Project Management - Con
3034,16-Oct-21,Production Technician I,TNS,Active,Full-Time,Zone B,Temporary,Production       ,Field Operations
3035,14-Jun-19,Production Technician I,PYZ,Active,Contract,Zone C,Temporary,Production       ,Engineers
3036,05-Jul-20,Production Technician I,WBL,Active,Full-Time,Zone B,Temporary,Production       ,Technology / It
3037,02-Mar-20,Production Technician I,NEL,Active,Full-Time,Zone C,Full-Time,Production       ,Field Operations
3038,11-Nov-20,Production Technician I,PL,Active,Part-Time,Zone B,Temporary,Production       ,Field Operations
3039,22-Dec-19,Production Technician I,BPC,Active,Contract,Zone B,Temporary,Production       ,Project Management - Con
3040,14-Dec-20,Production Technician I,CCDR,Active,Full-Time,Zone A,Full-Time,Production       ,Field Operations
3041,20-Jun-20,Production Technician I,SVG,Active,Contract,Zone C,Full-Time,Production       ,General - Con
3042,09-Jun-23,Production Technician I,EW,Active,Contract,Zone B,Temporary,Production       ,Fielders
3043,25-Sep-22,Production Technician I,MSC,Active,Contract,Zone C,Full-Time,Production       ,Catv
3044,26-Aug-20,Production Technician I,TNS,Active,Contract,Zone B,Part-Time,Production       ,General - Con
3045,28-Aug-19,Production Technician I,PYZ,Active,Full-Time,Zone C,Temporary,Production       ,General - Eng
3046,02-Jun-23,Production Technician II,TNS,Terminated,Part-Time,Zone A,Full-Time,Production       ,Wireline Construction
3047,12-Sep-18,Production Technician II,PYZ,Active,Full-Time,Zone C,Full-Time,Production       ,Engineers
3048,15-Jul-23,Production Technician II,WBL,Active,Contract,Zone B,Part-Time,Production       ,Isp
3049,02-Jul-23,Production Technician II,NEL,Active,Part-Time,Zone A,Temporary,Production       ,General - Con
3050,10-Feb-20,Production Technician II,PL,Active,Contract,Zone C,Full-Time,Production       ,Splicing
3051,27-Aug-21,Production Technician II,BPC,Terminated,Contract,Zone B,Temporary,Production       ,Underground
3052,25-Jan-20,Production Technician II,CCDR,Active,Full-Time,Zone A,Full-Time,Production       ,General - Sga
3053,26-Mar-20,Production Technician II,SVG,Active,Part-Time,Zone A,Full-Time,Production       ,General - Con
3054,23-Oct-20,Production Technician I,SVG,Active,Contract,Zone C,Full-Time,Production       ,Field Operations
3056,21-Jun-22,Production Technician I,MSC,Active,Part-Time,Zone A,Temporary,Production       ,Wireless
3059,28-Mar-21,Production Technician I,WBL,Active,Part-Time,Zone A,Temporary,Production       ,Project Management - Con
3060,29-Aug-20,Production Technician I,NEL,Active,Part-Time,Zone A,Part-Time,Production       ,Yard (Material Handling)
3061,03-Jan-23,Production Technician I,PL,Active,Part-Time,Zone C,Full-Time,Production       ,Wireline Construction
3062,28-Nov-22,Production Technician I,BPC,Active,Part-Time,Zone A,Temporary,Production       ,General - Con
3063,22-Dec-21,Production Technician I,CCDR,Active,Contract,Zone B,Part-Time,Production       ,Field Operations
3064,08-Jul-23,Production Technician I,SVG,Active,Contract,Zone A,Full-Time,Production       ,Field Operations
3065,21-Apr-21,Production Technician I,EW,Active,Part-Time,Zone A,Temporary,Production       ,Field Operations
3066,28-Jul-22,Production Technician I,MSC,Active,Full-Time,Zone B,Full-Time,Production       ,Field Operations
3067,05-Nov-19,Production Technician I,TNS,Active,Part-Time,Zone B,Part-Time,Production       ,Field Operations
3068,22-May-22,Production Technician I,PYZ,Terminated,Full-Time,Zone A,Temporary,Production       ,Finance & Accounting
3069,19-Oct-19,Production Technician II,WBL,Active,Full-Time,Zone A,Temporary,Production       ,General - Con
3070,25-Dec-19,Production Technician II,BPC,Active,Full-Time,Zone C,Temporary,Production       ,Wireline Construction
3071,04-Nov-22,Production Technician II,CCDR,Active,Full-Time,Zone B,Part-Time,Production       ,General - Con
3072,26-Apr-23,Production Technician II,EW,Active,Full-Time,Zone B,Part-Time,Production       ,Wireless
3073,26-Oct-22,Production Technician II,MSC,Terminated,Contract,Zone A,Part-Time,Production       ,General - Con
3074,14-Jul-20,Production Technician II,NEL,Terminated,Contract,Zone A,Full-Time,Production       ,Splicing
3075,12-Mar-23,Production Technician II,PL,Active,Full-Time,Zone B,Part-Time,Production       ,Fielders
3076,26-Apr-23,Production Technician II,PYZ,Active,Part-Time,Zone C,Full-Time,Production       ,General - Con
3077,17-Sep-22,Production Technician I,CCDR,Active,Contract,Zone A,Temporary,Production       ,General - Con
3078,08-Jan-21,Production Technician I,SVG,Active,Contract,Zone B,Part-Time,Production       ,General - Con
3081,20-Oct-20,Production Technician I,TNS,Active,Part-Time,Zone C,Part-Time,Production       ,Finance & Accounting
3082,18-Nov-22,Production Technician I,PYZ,Active,Part-Time,Zone A,Part-Time,Production       ,Field Operations
3083,14-Jan-23,Production Technician I,WBL,Active,Contract,Zone C,Full-Time,Production       ,Aerial
3084,27-Oct-20,Production Technician I,NEL,Active,Part-Time,Zone A,Temporary,Production       ,General - Con
3085,29-Aug-20,Production Technician I,PL,Active,Full-Time,Zone C,Full-Time,Production       ,Field Operations
3086,23-Dec-19,Production Technician I,BPC,Active,Part-Time,Zone B,Temporary,Production       ,Aerial
3087,03-Jul-23,Production Technician I,CCDR,Active,Contract,Zone B,Part-Time,Production       ,Project Management - Con
3088,26-Sep-22,Production Technician I,SVG,Active,Part-Time,Zone B,Part-Time,Production       ,Field Operations
3089,09-May-20,Production Technician I,EW,Active,Contract,Zone A,Temporary,Production       ,Field Operations
3090,08-Mar-23,Production Technician I,MSC,Active,Part-Time,Zone B,Part-Time,Production       ,Field Operations
3091,27-Feb-19,Production Technician I,TNS,Terminated,Contract,Zone B,Part-Time,Production       ,Billable Consultants
3092,12-Jan-20,Production Technician II,TNS,Active,Contract,Zone A,Full-Time,Production       ,Field Operations
3093,29-Jun-19,Production Technician II,PYZ,Active,Full-Time,Zone B,Full-Time,Production       ,Splicing
3094,15-Jul-21,Production Technician II,WBL,Active,Contract,Zone C,Full-Time,Production       ,Engineers
3095,19-Aug-22,Production Technician II,NEL,Active,Contract,Zone A,Part-Time,Production       ,Field Operations
3096,23-Sep-19,Production Technician II,PL,Terminated,Contract,Zone B,Part-Time,Production       ,Engineers
3097,11-Oct-20,Production Technician II,BPC,Terminated,Part-Time,Zone C,Temporary,Production       ,Project Management - Con
3098,18-Aug-21,Production Technician II,CCDR,Active,Full-Time,Zone A,Full-Time,Production       ,Fielders
3099,17-Dec-22,Production Technician I,CCDR,Active,Full-Time,Zone A,Temporary,Production       ,Fielders
3100,25-Oct-20,Production Technician I,SVG,Active,Contract,Zone B,Temporary,Production       ,General - Con
3101,23-Jan-23,Production Technician I,EW,Active,Full-Time,Zone B,Full-Time,Production       ,General - Con
3104,29-May-22,Production Technician I,PYZ,Active,Contract,Zone C,Part-Time,Production       ,General - Con
3105,07-Jun-20,Production Technician I,WBL,Active,Full-Time,Zone B,Temporary,Production       ,Fielders
3106,21-Mar-20,Production Technician I,NEL,Active,Part-Time,Zone A,Temporary,Production       ,Field Operations
3107,21-Jun-21,Production Technician I,PL,Active,Full-Time,Zone A,Temporary,Production       ,Wireline Construction
3108,22-Oct-21,Production Technician I,BPC,Active,Full-Time,Zone B,Temporary,Production       ,General - Con
3109,20-Oct-18,Production Technician I,CCDR,Active,Full-Time,Zone A,Temporary,Production       ,Fielders
3110,16-Mar-22,Production Technician I,SVG,Active,Contract,Zone C,Full-Time,Production       ,Wireline Construction
3111,13-Dec-18,Production Technician I,EW,Active,Part-Time,Zone B,Temporary,Production       ,Field Operations
3112,08-Oct-21,Production Technician I,MSC,Terminated,Part-Time,Zone B,Full-Time,Production       ,Shop (Fleet)
3113,03-Feb-19,Production Technician II,TNS,Active,Contract,Zone C,Full-Time,Production       ,Project Management - Con
3114,30-Sep-18,Production Technician II,PYZ,Active,Contract,Zone C,Full-Time,Production       ,Isp
3115,12-Jul-21,Production Technician II,WBL,Active,Contract,Zone A,Temporary,Production       ,Project Management - Con
3116,04-Mar-21,Production Technician II,NEL,Active,Part-Time,Zone B,Temporary,Production       ,Field Operations
3117,27-Oct-19,Production Technician II,PL,Active,Part-Time,Zone C,Part-Time,Production       ,General - Sga
3118,28-Jan-19,Production Technician II,BPC,Terminated,Part-Time,Zone A,Full-Time,Production       ,Catv
3119,10-Jan-21,Production Technician I,NEL,Active,Part-Time,Zone C,Part-Time,Production       ,General - Con
3120,05-Aug-21,Production Technician I,PL,Active,Part-Time,Zone A,Full-Time,Production       ,Aerial
3121,07-Nov-22,Production Technician I,PYZ,Active,Part-Time,Zone C,Full-Time,Production       ,Project Management - Con
3123,12-Jul-21,Production Technician I,TNS,Active,Full-Time,Zone C,Part-Time,Production       ,Splicing
3126,27-Apr-22,Production Technician I,WBL,Active,Contract,Zone C,Full-Time,Production       ,Project Management - Con
3127,14-Jun-22,Production Technician I,NEL,Active,Part-Time,Zone A,Part-Time,Production       ,Project Management - Con
3128,13-Jan-19,Production Technician I,PL,Active,Part-Time,Zone A,Temporary,Production       ,Field Operations
3129,21-Jun-19,Production Technician I,BPC,Active,Full-Time,Zone A,Part-Time,Production       ,Underground
3130,10-Aug-20,Production Technician I,CCDR,Active,Part-Time,Zone A,Temporary,Production       ,Wireline Construction
3131,13-Apr-21,Production Technician I,SVG,Active,Contract,Zone C,Temporary,Production       ,Wireline Construction
3132,27-Apr-20,Production Technician I,EW,Active,Full-Time,Zone A,Full-Time,Production       ,Field Operations
3133,25-Feb-22,Production Technician I,MSC,Terminated,Contract,Zone C,Part-Time,Production       ,Project Management - Con
3134,06-Dec-18,Production Technician II,TNS,Active,Part-Time,Zone C,Full-Time,Production       ,Fielders
3135,12-Mar-20,Production Technician II,BPC,Active,Part-Time,Zone A,Temporary,Production       ,Project Management - Con
3136,16-Nov-22,Production Technician II,CCDR,Active,Full-Time,Zone B,Full-Time,Production       ,Project Management - Con
3137,09-Dec-18,Production Technician II,EW,Terminated,Contract,Zone B,Temporary,Production       ,Field Operations
3138,25-Dec-22,Production Technician II,MSC,Terminated,Contract,Zone A,Full-Time,Production       ,Field Operations
3139,19-Nov-21,Production Technician II,NEL,Active,Part-Time,Zone A,Temporary,Production       ,Field Operations
3140,01-Mar-22,Production Technician I,PL,Active,Contract,Zone C,Full-Time,Production       ,Catv
3141,17-Mar-21,Production Technician I,BPC,Active,Full-Time,Zone B,Temporary,Production       ,Field Operations
3142,10-Feb-21,Production Technician I,CCDR,Active,Full-Time,Zone B,Part-Time,Production       ,General - Con
3143,28-Sep-18,Production Technician I,SVG,Active,Full-Time,Zone A,Temporary,Production       ,Aerial
3144,09-Feb-21,Production Technician I,EW,Active,Contract,Zone C,Part-Time,Production       ,Engineers
3146,16-Dec-18,Production Technician I,TNS,Active,Part-Time,Zone C,Temporary,Production       ,Project Management - Con
3147,17-Jul-23,Production Technician I,PYZ,Active,Contract,Zone B,Temporary,Production       ,General - Sga
3148,28-May-20,Production Technician I,WBL,Active,Full-Time,Zone C,Temporary,Production       ,Aerial
3149,01-Mar-21,Production Technician I,NEL,Active,Full-Time,Zone A,Part-Time,Production       ,Field Operations
3150,12-Feb-22,Production Technician I,PL,Active,Full-Time,Zone C,Part-Time,Production       ,Aerial
3151,26-Feb-22,Production Technician I,BPC,Active,Part-Time,Zone C,Temporary,Production       ,Field Operations
3152,05-Jul-22,Production Technician I,CCDR,Active,Contract,Zone C,Temporary,Production       ,Field Operations
3153,29-Nov-19,Production Technician I,SVG,Active,Part-Time,Zone A,Full-Time,Production       ,Field Operations
3154,22-Feb-19,Production Technician I,EW,Active,Full-Time,Zone B,Temporary,Production       ,Engineers
3155,16-Jul-20,Production Technician I,MSC,Terminated,Contract,Zone B,Temporary,Production       ,General - Con
3156,18-Jul-19,Production Technician II,MSC,Terminated,Contract,Zone B,Part-Time,Production       ,General - Con
3157,10-Mar-19,Production Technician II,TNS,Active,Contract,Zone A,Full-Time,Production       ,Billable Consultants
3158,30-May-23,Production Technician II,PYZ,Active,Part-Time,Zone A,Full-Time,Production       ,General - Sga
3159,23-Aug-18,Production Technician II,WBL,Active,Full-Time,Zone B,Part-Time,Production       ,Field Operations
3160,06-Mar-19,Production Technician II,NEL,Active,Full-Time,Zone A,Part-Time,Production       ,Splicing
3161,01-Aug-23,Production Technician II,PL,Terminated,Full-Time,Zone C,Full-Time,Production       ,General - Con
3162,24-Feb-20,Production Technician II,BPC,Active,Part-Time,Zone A,Temporary,Production       ,Isp
3163,26-Sep-19,Production Technician I,PL,Active,Contract,Zone A,Full-Time,Production       ,Catv
3164,07-Dec-22,Production Technician I,BPC,Terminated,Full-Time,Zone C,Temporary,Production       ,Field Operations
3165,08-Mar-19,Production Technician I,CCDR,Active,Part-Time,Zone C,Full-Time,Production       ,Field Operations
3166,06-Aug-19,Production Technician I,SVG,Active,Part-Time,Zone A,Full-Time,Production       ,Field Operations
3167,19-Jun-19,Production Technician I,EW,Active,Full-Time,Zone B,Part-Time,Production       ,Splicing
3169,08-Jun-19,Production Technician I,TNS,Active,Part-Time,Zone B,Part-Time,Production       ,Aerial
3170,28-Jan-22,Production Technician I,PYZ,Active,Full-Time,Zone C,Full-Time,Production       ,Field Operations
3171,26-Aug-20,Production Technician I,WBL,Active,Part-Time,Zone A,Part-Time,Production       ,Engineers
3172,22-Apr-19,Production Technician I,NEL,Active,Contract,Zone C,Part-Time,Production       ,Shop (Fleet)
3173,21-Dec-22,Production Technician I,PL,Active,Contract,Zone A,Part-Time,Production       ,Billable Consultants
3174,12-Oct-22,Production Technician I,BPC,Active,Full-Time,Zone C,Part-Time,Production       ,Catv
3175,23-Jul-23,Production Technician I,CCDR,Active,Full-Time,Zone B,Full-Time,Production       ,Fielders
3176,13-Dec-18,Production Technician I,SVG,Active,Full-Time,Zone A,Full-Time,Production       ,Project Management - Con
3177,30-Sep-19,Production Technician I,EW,Terminated,Full-Time,Zone A,Full-Time,Production       ,Project Management - Con
3178,24-Jan-20,Production Technician II,MSC,Terminated,Part-Time,Zone C,Part-Time,Production       ,Field Operations
3179,23-Dec-20,Production Technician II,TNS,Active,Full-Time,Zone C,Full-Time,Production       ,Field Operations
3180,07-Jun-19,Production Technician II,PYZ,Terminated,Full-Time,Zone B,Temporary,Production       ,Field Operations
3181,25-Dec-19,Production Technician II,WBL,Active,Contract,Zone C,Temporary,Production       ,General - Con
3182,26-Jan-23,Production Technician II,NEL,Active,Contract,Zone B,Temporary,Production       ,Field Operations
3183,03-Nov-22,Production Technician II,PL,Terminated,Full-Time,Zone A,Temporary,Production       ,Engineers
3184,13-May-22,Production Technician I,MSC,Active,Part-Time,Zone A,Full-Time,Production       ,Field Operations
3185,23-Sep-20,Production Technician I,NEL,Terminated,Contract,Zone C,Temporary,Production       ,Field Operations
3186,29-Aug-21,Production Technician I,PL,Active,Part-Time,Zone A,Full-Time,Production       ,Aerial
3187,13-Dec-22,Production Technician I,PYZ,Active,Contract,Zone C,Full-Time,Production       ,Wireline Construction
3188,06-Nov-22,Production Technician I,SVG,Active,Part-Time,Zone C,Part-Time,Production       ,Field Operations
3189,04-Aug-23,Production Technician I,TNS,Active,Full-Time,Zone C,Temporary,Production       ,Project Management - Con
3190,15-Nov-20,Production Technician I,WBL,Active,Contract,Zone C,Part-Time,Production       ,General - Con
3191,06-Jul-22,Production Technician I,BPC,Active,Part-Time,Zone A,Part-Time,Production       ,Technology / It
3192,21-Apr-19,Production Technician I,CCDR,Active,Full-Time,Zone A,Part-Time,Production       ,Aerial
3193,28-Aug-21,Production Technician I,EW,Active,Full-Time,Zone C,Temporary,Production       ,General - Con
3194,25-Mar-21,Production Technician I,MSC,Active,Contract,Zone B,Full-Time,Production       ,Field Operations
3195,16-Jul-20,Production Technician I,NEL,Active,Full-Time,Zone A,Full-Time,Production       ,General - Con
3196,28-Nov-18,Production Technician I,PL,Active,Full-Time,Zone B,Temporary,Production       ,Engineers
3197,27-Jun-19,Production Technician I,PYZ,Active,Contract,Zone A,Full-Time,Production       ,General - Con
3198,04-Jan-23,Production Technician I,SVG,Active,Contract,Zone A,Temporary,Production       ,General - Con
3199,22-Nov-18,Production Technician I,BPC,Active,Full-Time,Zone B,Full-Time,Production       ,Engineers
3200,08-Jan-21,Production Technician II,PL,Active,Part-Time,Zone B,Temporary,Production       ,Billable Consultants
3201,18-Nov-22,Production Technician I,EW,Active,Part-Time,Zone A,Part-Time,Production       ,Aerial
3202,21-Jun-20,Production Technician I,WBL,Terminated,Contract,Zone A,Full-Time,Production       ,Engineers
3203,19-Jan-21,Production Technician I,PYZ,Terminated,Contract,Zone C,Part-Time,Production       ,General - Sga
3204,04-Jun-23,Production Technician I,BPC,Active,Contract,Zone C,Full-Time,Production       ,General - Sga
3206,06-Sep-19,Production Technician I,BPC,Active,Part-Time,Zone A,Part-Time,Production       ,Wireline Construction
3207,27-Mar-22,Production Technician I,PYZ,Active,Full-Time,Zone C,Temporary,Production       ,Project Management - Con
3208,25-Dec-20,Production Technician I,CCDR,Terminated,Contract,Zone A,Temporary,Production       ,Field Operations
3209,24-Apr-21,Production Technician II,PL,Active,Contract,Zone A,Full-Time,Production       ,General - Con
3210,12-May-20,Production Technician I,WBL,Active,Full-Time,Zone A,Full-Time,Production       ,Aerial
3211,23-May-23,Production Technician II,SVG,Active,Part-Time,Zone B,Part-Time,Production       ,General - Sga
3212,27-Dec-20,Production Technician II,PYZ,Terminated,Full-Time,Zone C,Part-Time,Production       ,Field Operations
3213,17-Nov-18,Production Technician I,WBL,Active,Full-Time,Zone A,Part-Time,Production       ,Field Operations
3214,16-Jul-19,Production Technician I,PYZ,Active,Part-Time,Zone B,Temporary,Production       ,General - Con
3215,25-Jan-20,Production Technician II,SVG,Active,Contract,Zone A,Part-Time,Production       ,General - Sga
3216,16-Aug-21,Production Technician I,MSC,Active,Part-Time,Zone A,Temporary,Production       ,Fielders
3217,20-Jan-19,Production Technician II,BPC,Terminated,Contract,Zone B,Full-Time,Production       ,General - Con
3218,04-Sep-18,Production Technician I,SVG,Active,Full-Time,Zone C,Part-Time,Production       ,Field Operations
3219,20-Sep-19,Production Technician II,PL,Active,Full-Time,Zone B,Full-Time,Production       ,Executive
3220,24-Jul-23,Production Technician I,SVG,Active,Part-Time,Zone A,Full-Time,Production       ,Field Operations
3221,05-Jul-23,Production Technician I,PL,Active,Full-Time,Zone B,Temporary,Production       ,Wireline Construction
3222,11-Jan-21,Production Technician I,BPC,Active,Contract,Zone A,Part-Time,Production       ,Shop (Fleet)
3223,06-Nov-22,Production Technician I,CCDR,Active,Full-Time,Zone A,Full-Time,Production       ,Splicing
3224,03-Apr-23,Production Technician I,SVG,Active,Part-Time,Zone A,Part-Time,Production       ,People Services
3225,07-Jun-21,Production Technician I,EW,Active,Contract,Zone B,Part-Time,Production       ,General - Con
3226,20-Jan-19,Production Technician I,MSC,Active,Contract,Zone B,Full-Time,Production       ,General - Eng
3228,27-May-19,Production Technician I,PYZ,Terminated,Full-Time,Zone C,Temporary,Production       ,Field Operations
3229,18-Dec-22,Production Technician I,WBL,Active,Contract,Zone C,Temporary,Production       ,Engineers
3231,24-May-21,Production Technician I,PL,Active,Full-Time,Zone C,Part-Time,Production       ,Shop (Fleet)
3234,23-Aug-21,Production Technician I,SVG,Active,Part-Time,Zone B,Temporary,Production       ,General - Con
3235,23-Dec-21,Production Technician I,EW,Active,Contract,Zone C,Temporary,Production       ,Engineers
3236,24-Jan-22,Production Technician II,NEL,Active,Contract,Zone C,Full-Time,Production       ,People Services
3237,21-Nov-22,Production Technician II,PL,Active,Contract,Zone B,Temporary,Production       ,General - Eng
3238,04-Dec-18,Production Technician II,PYZ,Terminated,Contract,Zone A,Part-Time,Production       ,Wireline Construction
3239,02-Jun-19,Production Technician II,SVG,Active,Part-Time,Zone C,Temporary,Production       ,Field Operations
3240,12-Aug-18,Production Technician II,TNS,Terminated,Full-Time,Zone C,Temporary,Production       ,Shop (Fleet)
3241,15-May-22,Production Technician II,WBL,Active,Part-Time,Zone B,Full-Time,Production       ,General - Sga
3242,23-Nov-21,Production Technician I,NEL,Terminated,Contract,Zone C,Full-Time,Production       ,Aerial
3243,13-Dec-20,Production Technician I,PL,Active,Full-Time,Zone C,Full-Time,Production       ,Splicing
3244,28-Jul-21,Production Technician I,BPC,Active,Part-Time,Zone C,Temporary,Production       ,Shop (Fleet)
3245,07-Jun-19,Production Technician I,CCDR,Terminated,Full-Time,Zone A,Full-Time,Production       ,Field Operations
3246,12-Jun-19,Production Technician I,SVG,Terminated,Part-Time,Zone C,Part-Time,Production       ,Safety
3247,20-Apr-23,Production Technician I,EW,Active,Full-Time,Zone C,Part-Time,Production       ,General - Con
3248,07-Aug-18,Production Technician I,MSC,Active,Contract,Zone B,Part-Time,Production       ,General - Con
3249,06-Dec-18,Production Technician I,TNS,Active,Contract,Zone C,Part-Time,Production       ,Underground
3250,25-Mar-21,Production Technician I,PYZ,Active,Full-Time,Zone B,Full-Time,Production       ,Project Management - Con
3251,15-Feb-19,Production Technician I,WBL,Terminated,Contract,Zone A,Part-Time,Production       ,Field Operations
3252,14-Mar-23,Production Technician I,NEL,Active,Full-Time,Zone A,Part-Time,Production       ,Shop (Fleet)
3255,22-Mar-23,Production Technician I,CCDR,Active,Contract,Zone C,Part-Time,Production       ,Yard (Material Handling)
3256,24-Jan-19,Production Technician I,SVG,Active,Part-Time,Zone B,Part-Time,Production       ,General - Con
3257,19-Nov-20,Production Technician II,PL,Active,Full-Time,Zone A,Full-Time,Production       ,Wireline Construction
3258,15-Feb-23,Production Technician II,BPC,Active,Part-Time,Zone B,Temporary,Production       ,Aerial
3259,09-May-22,Production Technician II,CCDR,Terminated,Full-Time,Zone B,Full-Time,Production       ,Field Operations
3260,06-Oct-21,Production Technician II,SVG,Active,Contract,Zone B,Temporary,Production       ,General - Con
3262,22-Mar-22,Production Technician II,MSC,Active,Full-Time,Zone A,Full-Time,Production       ,Catv
3263,20-Apr-22,Production Technician I,NEL,Terminated,Full-Time,Zone A,Part-Time,Production       ,Engineers
3264,31-Dec-21,Production Technician I,PL,Terminated,Part-Time,Zone C,Part-Time,Production       ,General - Eng
3265,31-Oct-18,Production Technician I,BPC,Active,Part-Time,Zone C,Full-Time,Production       ,Aerial
3266,24-Jul-20,Production Technician I,CCDR,Active,Contract,Zone A,Full-Time,Production       ,Wireline Construction
3267,12-Dec-19,Production Technician I,SVG,Active,Contract,Zone C,Part-Time,Production       ,Splicing
3268,22-Jun-23,Production Technician I,EW,Active,Contract,Zone A,Temporary,Production       ,Field Operations
3269,20-Jun-21,Production Technician I,MSC,Active,Full-Time,Zone C,Temporary,Production       ,Field Operations
3270,31-Oct-19,Production Technician I,TNS,Active,Full-Time,Zone B,Full-Time,Production       ,Splicing
3271,02-Jul-19,Production Technician I,PYZ,Terminated,Contract,Zone B,Part-Time,Production       ,Engineers
3272,10-Feb-23,Production Technician I,WBL,Active,Contract,Zone C,Part-Time,Production       ,Aerial
3273,16-Sep-22,Production Technician I,NEL,Active,Full-Time,Zone A,Temporary,Production       ,People Services
3275,16-Nov-22,Production Technician I,BPC,Active,Part-Time,Zone B,Temporary,Production       ,General - Con
3276,25-Jan-21,Production Technician I,CCDR,Active,Contract,Zone A,Temporary,Production       ,Engineers
3277,16-Jun-23,Production Technician II,NEL,Active,Part-Time,Zone B,Temporary,Production       ,Aerial
3278,08-Sep-20,Production Technician II,PL,Active,Contract,Zone A,Part-Time,Production       ,Field Operations
3279,23-Jan-19,Production Technician II,BPC,Active,Full-Time,Zone A,Full-Time,Production       ,Engineers
3280,29-May-23,Production Technician II,CCDR,Terminated,Part-Time,Zone A,Temporary,Production       ,Project Management - Con
3281,16-Aug-19,Production Technician II,SVG,Active,Contract,Zone B,Full-Time,Production       ,General - Con
3282,04-Jun-20,Production Technician II,EW,Active,Full-Time,Zone B,Full-Time,Production       ,Wireline Construction
3283,21-Jul-20,Production Technician II,MSC,Active,Contract,Zone B,Part-Time,Production       ,Wireline Construction
3284,21-Aug-22,Production Technician I,EW,Terminated,Contract,Zone A,Part-Time,Production       ,Fielders
3285,16-Jul-21,Production Technician I,MSC,Terminated,Contract,Zone B,Part-Time,Production       ,Wireline Construction
3286,06-Nov-19,Production Technician I,NEL,Active,Full-Time,Zone C,Temporary,Production       ,Project Management - Con
3287,01-Jan-21,Production Technician I,PL,Active,Part-Time,Zone A,Temporary,Production       ,General - Con
3288,24-Sep-19,Production Technician I,PYZ,Active,Full-Time,Zone A,Temporary,Production       ,Field Operations
3289,17-May-20,Production Technician I,SVG,Active,Contract,Zone A,Full-Time,Production       ,General - Con
3290,07-Aug-18,Production Technician I,TNS,Active,Part-Time,Zone A,Full-Time,Production       ,Field Operations
3291,01-Aug-23,Production Technician I,WBL,Active,Contract,Zone C,Full-Time,Production       ,General - Con
3292,12-Jan-19,Production Technician I,PYZ,Terminated,Part-Time,Zone C,Part-Time,Production       ,Field Operations
3293,09-Apr-21,Production Technician I,WBL,Terminated,Contract,Zone C,Full-Time,Production       ,General - Con
3295,31-May-19,Production Technician I,PL,Active,Part-Time,Zone C,Full-Time,Production       ,Aerial
3298,19-Nov-20,Production Technician II,EW,Active,Full-Time,Zone A,Full-Time,Production       ,Field Operations
3299,10-Nov-22,Production Technician II,MSC,Active,Part-Time,Zone A,Full-Time,Production       ,Wireline Construction
3300,25-Mar-21,Production Technician II,NEL,Active,Full-Time,Zone B,Part-Time,Production       ,Field Operations
3301,13-May-19,Production Technician II,PL,Terminated,Contract,Zone B,Full-Time,Production       ,Field Operations
3303,18-Feb-23,Production Technician II,SVG,Active,Full-Time,Zone A,Part-Time,Production       ,Field Operations
3304,02-Apr-19,Production Technician II,TNS,Active,Part-Time,Zone A,Temporary,Production       ,Wireline Construction
3305,30-Nov-20,Production Technician I,WBL,Terminated,Contract,Zone C,Part-Time,Production       ,Project Management - Con
3306,24-Sep-22,Production Technician I,NEL,Terminated,Full-Time,Zone A,Temporary,Production       ,Field Operations
3307,21-Jun-19,Production Technician I,PL,Active,Full-Time,Zone C,Full-Time,Production       ,Executive
3308,10-Jun-22,Production Technician I,BPC,Active,Contract,Zone C,Temporary,Production       ,General - Sga
3309,18-Oct-20,Production Technician I,CCDR,Active,Part-Time,Zone B,Part-Time,Production       ,Finance & Accounting
3310,02-Feb-22,Production Technician I,SVG,Active,Part-Time,Zone B,Part-Time,Production       ,Executive
3311,17-Jun-21,Production Technician I,EW,Active,Contract,Zone A,Temporary,Production       ,Field Operations
3312,01-Dec-18,Production Technician I,MSC,Active,Part-Time,Zone C,Temporary,Production       ,Engineers
3313,09-May-21,Production Technician I,TNS,Active,Full-Time,Zone B,Full-Time,Production       ,Wireline Construction
3314,01-Jan-19,Production Technician I,PYZ,Active,Part-Time,Zone A,Temporary,Production       ,General - Eng
3315,13-Oct-18,Production Technician I,WBL,Terminated,Full-Time,Zone C,Temporary,Production       ,Field Operations
3317,17-Mar-22,Production Technician I,PL,Active,Part-Time,Zone C,Full-Time,Production       ,Finance & Accounting
3319,09-Oct-19,Production Technician II,NEL,Active,Full-Time,Zone B,Temporary,Production       ,Field Operations
3320,18-May-20,Production Technician II,PL,Active,Part-Time,Zone A,Part-Time,Production       ,General - Con
3321,17-Feb-19,Production Technician II,BPC,Active,Contract,Zone B,Full-Time,Production       ,Engineers
3322,31-Jul-20,Production Technician II,CCDR,Terminated,Part-Time,Zone B,Full-Time,Production       ,Aerial
3325,13-Jul-21,Production Technician II,MSC,Terminated,Contract,Zone A,Part-Time,Production       ,Field Operations
3326,14-Jan-22,Production Technician I,PYZ,Active,Contract,Zone A,Temporary,Production       ,General - Con
3327,01-Jan-20,Production Technician I,WBL,Active,Contract,Zone C,Full-Time,Production       ,Fielders
3328,24-Oct-20,Production Technician I,NEL,Terminated,Part-Time,Zone A,Full-Time,Production       ,Engineers
3329,24-Oct-20,Production Technician I,PL,Active,Part-Time,Zone B,Full-Time,Production       ,General - Sga
3330,09-Aug-20,Production Technician I,BPC,Active,Part-Time,Zone C,Part-Time,Production       ,Fielders
3331,24-Mar-19,Production Technician I,CCDR,Active,Full-Time,Zone A,Part-Time,Production       ,Field Operations
3332,29-Oct-22,Production Technician I,SVG,Active,Part-Time,Zone B,Temporary,Production       ,Wireline Construction
3333,16-May-23,Production Technician I,EW,Active,Contract,Zone B,Temporary,Production       ,Field Operations
3334,30-May-23,Production Technician I,MSC,Active,Part-Time,Zone B,Part-Time,Production       ,Project Management - Con
3335,28-Jun-19,Production Technician I,TNS,Terminated,Part-Time,Zone B,Temporary,Production       ,Field Operations
3336,25-Mar-23,Production Technician I,PYZ,Terminated,Contract,Zone A,Part-Time,Production       ,General - Con
3337,26-Aug-22,Production Technician I,WBL,Active,Full-Time,Zone A,Part-Time,Production       ,Engineers
3338,15-Nov-19,Production Technician I,NEL,Active,Contract,Zone C,Temporary,Production       ,General - Con
3339,22-Aug-21,Production Technician I,PL,Active,Part-Time,Zone C,Part-Time,Production       ,Technology / It
3340,29-Nov-22,Production Technician I,BPC,Active,Part-Time,Zone A,Full-Time,Production       ,General - Con
3341,15-Oct-22,Production Technician II,WBL,Active,Full-Time,Zone C,Temporary,Production       ,General - Con
3342,31-Jul-21,Production Technician II,NEL,Active,Full-Time,Zone C,Part-Time,Production       ,Aerial
3343,21-Feb-22,Production Technician II,PL,Active,Part-Time,Zone A,Full-Time,Production       ,Field Operations
3344,29-Aug-21,Production Technician II,BPC,Active,Contract,Zone B,Temporary,Production       ,General - Con
3345,13-Dec-21,Production Technician II,CCDR,Terminated,Full-Time,Zone C,Part-Time,Production       ,Project Management - Con
3348,31-Oct-19,Production Technician II,MSC,Active,Part-Time,Zone A,Part-Time,Production       ,General - Con
3349,07-Nov-22,Production Technician I,WBL,Active,Contract,Zone A,Full-Time,Production       ,General - Eng
3350,20-Nov-22,Production Technician I,BPC,Active,Full-Time,Zone B,Part-Time,Production       ,Project Management - Con
3351,15-Dec-21,Production Technician I,CCDR,Terminated,Contract,Zone C,Part-Time,Production       ,Shop (Fleet)
3352,22-Feb-23,Production Technician I,EW,Active,Part-Time,Zone B,Full-Time,Production       ,Field Operations
3353,29-Mar-20,Production Technician I,MSC,Active,Contract,Zone B,Part-Time,Production       ,General - Con
3354,09-Aug-21,Production Technician I,NEL,Active,Part-Time,Zone A,Temporary,Production       ,Field Operations
3355,02-Jan-23,Production Technician I,PL,Active,Contract,Zone B,Part-Time,Production       ,Aerial
3356,10-Nov-18,Production Technician I,PYZ,Active,Full-Time,Zone C,Part-Time,Production       ,General - Eng
3357,30-Aug-22,Production Technician I,SVG,Active,Full-Time,Zone B,Temporary,Production       ,Engineers
3359,29-Nov-20,Production Technician I,WBL,Active,Full-Time,Zone C,Temporary,Production       ,Field Operations
3360,24-Mar-21,Production Technician I,BPC,Active,Part-Time,Zone A,Part-Time,Production       ,General - Con
3361,29-Dec-20,Production Technician I,CCDR,Terminated,Part-Time,Zone B,Temporary,Production       ,General - Con
3362,02-Aug-21,Production Technician I,EW,Active,Full-Time,Zone C,Temporary,Production       ,Field Operations
3363,30-Mar-22,Production Technician I,MSC,Active,Part-Time,Zone A,Temporary,Production       ,Field Operations
3364,05-Mar-21,Production Technician II,WBL,Active,Part-Time,Zone A,Temporary,Production       ,Engineers
3365,02-Dec-20,Production Technician II,NEL,Active,Contract,Zone B,Temporary,Production       ,Project Management - Con
3366,20-Jan-19,Production Technician II,PL,Terminated,Contract,Zone C,Full-Time,Production       ,General - Con
3367,30-May-20,Production Technician II,BPC,Terminated,Full-Time,Zone B,Full-Time,Production       ,Field Operations
3370,20-Jun-22,Production Technician II,EW,Active,Contract,Zone C,Temporary,Production       ,General - Con
3371,20-Dec-22,Production Technician II,MSC,Terminated,Full-Time,Zone A,Full-Time,Production       ,Wireless
3372,14-Jan-23,Production Technician I,TNS,Terminated,Contract,Zone C,Part-Time,Production       ,Project Management - Con
3373,22-Sep-18,Production Technician I,PYZ,Active,Contract,Zone A,Temporary,Production       ,Aerial
3374,24-Sep-22,Production Technician I,WBL,Terminated,Part-Time,Zone A,Temporary,Production       ,Field Operations
3375,08-Jun-20,Production Technician I,NEL,Terminated,Full-Time,Zone B,Full-Time,Production       ,Engineers
3376,06-Jul-23,Production Technician I,PL,Active,Part-Time,Zone B,Temporary,Production       ,Field Operations
3377,24-Feb-20,Production Technician I,BPC,Active,Part-Time,Zone A,Temporary,Production       ,Splicing
3378,26-May-21,Production Technician I,CCDR,Active,Contract,Zone B,Temporary,Production       ,General - Con
3380,27-Jun-23,Production Technician I,EW,Active,Full-Time,Zone C,Temporary,Production       ,Field Operations
3381,20-Dec-22,Production Technician I,MSC,Active,Contract,Zone C,Part-Time,Production       ,Field Operations
3382,10-Nov-18,Production Technician I,TNS,Active,Part-Time,Zone C,Temporary,Production       ,Field Operations
3383,13-Aug-20,Production Technician I,PYZ,Terminated,Part-Time,Zone C,Part-Time,Production       ,General - Con
3384,07-Mar-19,Production Technician I,WBL,Active,Full-Time,Zone C,Full-Time,Production       ,Field Operations
3385,13-Mar-22,Production Technician I,NEL,Active,Part-Time,Zone A,Full-Time,Production       ,General - Con
3386,25-Nov-19,Production Technician II,WBL,Active,Contract,Zone C,Temporary,Production       ,General - Con
3387,06-Mar-19,Production Technician II,NEL,Active,Full-Time,Zone C,Full-Time,Production       ,General - Sga
3388,19-Apr-19,Production Technician II,PL,Active,Part-Time,Zone A,Temporary,Production       ,Fielders
3389,12-Aug-20,Production Technician II,BPC,Active,Full-Time,Zone C,Temporary,Production       ,Field Operations
3391,13-Jan-20,Production Technician II,SVG,Active,Part-Time,Zone C,Full-Time,Production       ,General - Sga
3392,18-Nov-19,Production Technician II,EW,Terminated,Full-Time,Zone B,Full-Time,Production       ,General - Con
3393,25-Aug-18,Production Technician I,BPC,Active,Contract,Zone B,Full-Time,Production       ,General - Con
3394,24-May-21,Production Technician I,WBL,Active,Contract,Zone B,Temporary,Production       ,Field Operations
3395,09-Jun-21,Production Technician I,TNS,Terminated,Part-Time,Zone A,Part-Time,Production       ,Field Operations
3396,05-Apr-21,Production Technician I,SVG,Terminated,Part-Time,Zone B,Full-Time,Production       ,General - Con
3397,05-Nov-22,Production Technician I,PYZ,Active,Part-Time,Zone A,Part-Time,Production       ,Field Operations
3398,09-Nov-19,Production Technician I,PL,Active,Part-Time,Zone A,Full-Time,Production       ,General - Con
3399,05-Jun-22,Production Technician I,NEL,Active,Full-Time,Zone B,Full-Time,Production       ,Aerial
3400,21-Sep-21,Production Technician I,MSC,Active,Full-Time,Zone C,Temporary,Production       ,Shop (Fleet)
3402,03-Mar-21,Production Technician I,CCDR,Terminated,Part-Time,Zone C,Full-Time,Production       ,Field Operations
3403,19-Feb-21,Production Technician I,BPC,Terminated,Contract,Zone A,Full-Time,Production       ,Field Operations
3406,25-Mar-20,Production Technician I,NEL,Terminated,Contract,Zone C,Temporary,Production       ,Finance & Accounting
3407,15-Apr-21,Production Technician II,WBL,Active,Part-Time,Zone C,Temporary,Production       ,Field Operations
3408,15-Dec-22,Production Technician II,NEL,Terminated,Contract,Zone B,Full-Time,Production       ,Field Operations
3409,08-Oct-22,Production Technician II,PL,Active,Contract,Zone B,Full-Time,Production       ,Yard (Material Handling)
3410,18-Dec-18,Production Technician II,BPC,Active,Contract,Zone C,Temporary,Production       ,People Services
3411,06-Oct-22,Production Technician II,CCDR,Active,Full-Time,Zone B,Part-Time,Production       ,General - Eng
3412,28-Dec-19,Production Technician II,SVG,Active,Part-Time,Zone A,Full-Time,Production       ,Shop (Fleet)
3413,25-Nov-19,Production Technician II,EW,Active,Contract,Zone B,Temporary,Production       ,Field Operations
3414,03-Jun-22,Production Technician I,MSC,Active,Contract,Zone C,Temporary,Production       ,General - Con
3415,09-Sep-22,Production Technician I,TNS,Terminated,Full-Time,Zone A,Part-Time,Production       ,Splicing
3416,02-Oct-20,Production Technician I,BPC,Active,Full-Time,Zone B,Part-Time,Production       ,Finance & Accounting
3417,07-Feb-22,Production Technician I,CCDR,Active,Part-Time,Zone A,Part-Time,Production       ,Splicing
3418,14-Oct-22,Production Technician I,EW,Active,Part-Time,Zone B,Temporary,Production       ,General - Con
3419,14-Oct-19,Production Technician I,MSC,Active,Contract,Zone C,Temporary,Production       ,General - Con
3420,10-Oct-20,Production Technician I,NEL,Active,Contract,Zone A,Full-Time,Production       ,Field Operations
3421,09-May-22,Production Technician I,PL,Active,Part-Time,Zone A,Part-Time,Production       ,Wireless
3423,28-Dec-20,Production Technician I,SVG,Active,Part-Time,Zone A,Full-Time,Production       ,Engineers
3424,09-Dec-20,Production Technician I,TNS,Terminated,Contract,Zone B,Temporary,Production       ,Wireline Construction
3425,28-May-19,Production Technician I,WBL,Terminated,Contract,Zone B,Full-Time,Production       ,Aerial
3426,27-Apr-22,Production Technician I,BPC,Active,Full-Time,Zone B,Temporary,Production       ,Field Operations
