CustomerID,ProdTaken,Age,TypeofContact,CityTier,DurationOfPitch,Occupation,Gender,NumberOfPersonVisiting,NumberOfFollowups
200000,1,41,Self Enquiry,3,6,Salaried,Female,3,3
200001,0,49,Company Invited,1,14,Salaried,Male,3,4
200002,1,37,Self Enquiry,1,8,Free Lancer,Male,3,4
200003,0,33,Company Invited,1,9,Salaried,Female,2,3
200004,0,,Self Enquiry,1,8,Small Business,Male,2,3
200005,0,32,Company Invited,1,8,Salaried,Male,3,3
200006,0,59,Self Enquiry,1,9,Small Business,Female,2,2
200007,0,30,Self Enquiry,1,30,Salaried,Male,3,3
200008,0,38,Company Invited,1,29,Salaried,Male,2,4
200009,0,36,Self Enquiry,1,33,Small Business,Male,3,3
200010,0,35,Self Enquiry,1,22,Small Business,Male,2,2
200011,0,,Self Enquiry,1,21,Salaried,Female,2,4
200012,0,31,Self Enquiry,1,32,Salaried,Male,2,3
200013,0,34,Self Enquiry,1,25,Small Business,Male,3,3
200014,1,28,Self Enquiry,1,30,Salaried,Male,2,4
200015,0,29,Self Enquiry,1,27,Salaried,Female,2,2
200016,0,32,Self Enquiry,1,11,Salaried,Male,3,2
200017,0,22,Company Invited,1,22,Small Business,Male,3,2
200018,0,53,Self Enquiry,3,8,Salaried,Female,3,4
200019,0,,Self Enquiry,1,8,Salaried,Male,2,3
200020,0,,Company Invited,1,17,Salaried,Female,3,2
200021,1,,Self Enquiry,3,15,Salaried,Male,2,4
200022,0,34,Self Enquiry,1,13,Salaried,Fe Male,2,3
200023,0,21,Self Enquiry,1,21,Salaried,Male,3,3
200024,1,34,Self Enquiry,1,12,Small Business,Male,2,3
200025,0,53,Self Enquiry,1,11,Salaried,Female,2,3
200026,1,,Company Invited,1,22,Salaried,Female,3,5
200027,0,42,Self Enquiry,3,14,Small Business,Male,2,3
200028,0,44,Self Enquiry,1,13,Small Business,Female,2,4
200029,0,46,Self Enquiry,3,8,Small Business,Female,2,3
200030,0,33,Self Enquiry,1,8,Small Business,Male,3,3
200031,0,44,Self Enquiry,1,16,Salaried,Male,2,3
200032,0,30,Self Enquiry,1,15,Small Business,Male,2,4
200033,1,39,Self Enquiry,3,11,Large Business,Male,2,3
200034,1,24,Self Enquiry,1,6,Small Business,Male,3,3
200035,0,43,Self Enquiry,1,8,Small Business,Female,3,2
200036,1,50,Self Enquiry,3,9,Small Business,Male,2,4
200037,0,35,Self Enquiry,3,8,Small Business,Female,3,3
200038,0,36,Self Enquiry,1,11,Salaried,Female,2,4
200039,0,33,Company Invited,3,6,Salaried,Female,2,2
200040,0,35,Self Enquiry,1,10,Salaried,Male,3,3
200041,0,27,Self Enquiry,1,8,Salaried,Female,2,3
200042,1,26,Self Enquiry,1,31,Salaried,Male,2,5
200043,0,27,Company Invited,3,14,Salaried,Male,2,3
200044,0,,Company Invited,1,6,Small Business,Female,2,3
200045,1,41,Self Enquiry,1,18,Large Business,Female,2,3
200046,0,34,Company Invited,3,,Small Business,Male,3,3
200047,0,37,Self Enquiry,1,25,Salaried,Male,3,3
200048,0,46,Company Invited,3,11,Small Business,Male,3,3
200049,0,35,Self Enquiry,1,14,Salaried,Male,2,2
200050,1,48,Self Enquiry,1,6,Salaried,Male,3,4
200051,1,,Self Enquiry,1,11,Large Business,Male,2,3
200052,0,44,Self Enquiry,3,6,Small Business,Female,3,3
200053,0,35,Company Invited,1,17,Small Business,Male,3,4
200054,0,,Self Enquiry,3,29,Small Business,Female,2,4
200055,0,33,Company Invited,1,6,Salaried,Fe Male,3,3
200056,0,35,Company Invited,3,24,Salaried,Male,3,3
200057,0,,Self Enquiry,1,29,Small Business,Female,1,3
200058,0,31,Self Enquiry,1,13,Salaried,Male,2,3
200059,0,37,Self Enquiry,1,6,Salaried,Male,2,4
200060,0,32,Self Enquiry,1,6,Small Business,Male,2,3
200061,0,38,Company Invited,1,35,Salaried,Female,2,3
200062,0,50,Self Enquiry,1,13,Small Business,Female,2,4
200063,0,59,Self Enquiry,3,31,Salaried,Female,2,3
200064,0,36,Self Enquiry,1,14,Large Business,Female,2,3
200065,0,55,Self Enquiry,1,14,Small Business,Female,2,3
200066,0,36,Company Invited,1,17,Salaried,Male,3,4
200067,0,45,Self Enquiry,1,13,Salaried,Male,2,3
200068,0,35,Company Invited,1,6,Small Business,Male,3,3
200069,1,,Self Enquiry,1,15,Small Business,Male,3,4
200070,0,59,Company Invited,3,6,Salaried,Female,2,4
200071,0,29,Self Enquiry,1,8,Salaried,Male,3,3
200072,0,31,Self Enquiry,1,6,Small Business,Male,2,3
200073,0,32,Self Enquiry,1,6,Salaried,Male,3,3
200074,0,36,Self Enquiry,1,12,Salaried,Female,2,2
200075,0,31,Self Enquiry,1,,Salaried,Female,3,3
200076,0,35,Self Enquiry,3,,Small Business,Male,2,4
200077,0,45,Self Enquiry,1,12,Salaried,Male,2,3
200078,0,37,Self Enquiry,1,13,Small Business,Male,1,3
200079,0,46,Self Enquiry,2,11,Small Business,Male,3,
200080,0,30,Self Enquiry,1,6,Salaried,Male,2,4
200081,0,35,Self Enquiry,1,6,Small Business,Male,1,4
200082,0,55,Self Enquiry,3,6,Salaried,Male,3,3
200083,0,38,Company Invited,1,12,Small Business,Female,3,5
200084,0,34,Self Enquiry,1,,Small Business,Male,3,3
200085,0,56,Self Enquiry,1,13,Salaried,Male,2,5
200086,0,23,Self Enquiry,3,8,Large Business,Male,3,3
200087,0,51,Self Enquiry,1,15,Salaried,Male,3,3
200088,0,,Self Enquiry,1,8,Salaried,Male,2,4
200089,1,46,Self Enquiry,3,15,Small Business,Male,3,4
200090,0,40,Company Invited,1,6,Salaried,Male,3,4
200091,0,51,Self Enquiry,3,27,Small Business,Male,3,3
200092,0,30,Self Enquiry,3,10,Small Business,Female,3,4
200093,0,46,Company Invited,1,6,Small Business,Male,2,4
200094,0,32,Self Enquiry,3,12,Small Business,Male,2,
200095,0,54,Self Enquiry,1,8,Large Business,Female,2,3
200096,0,24,Self Enquiry,3,9,Salaried,Female,2,
200097,0,,Company Invited,3,10,Small Business,Male,2,3
200098,0,58,Self Enquiry,3,16,Small Business,Male,2,3
200099,0,44,Company Invited,1,29,Small Business,Male,3,3
200100,1,37,Self Enquiry,2,12,Salaried,Male,3,3
200101,0,32,Self Enquiry,1,6,Salaried,Male,3,3
200102,1,20,Company Invited,1,12,Salaried,Female,3,4
200103,0,34,Self Enquiry,1,,Salaried,Female,2,3
200104,0,37,Company Invited,1,8,Salaried,Male,3,4
200105,0,59,Company Invited,2,8,Salaried,Female,2,4
200106,0,50,Company Invited,1,6,Salaried,Female,3,3
200107,1,25,Self Enquiry,3,11,Small Business,Male,2,4
200108,0,25,Self Enquiry,1,13,Small Business,Male,3,4
200109,0,22,Self Enquiry,1,21,Small Business,Female,2,3
200110,0,51,Company Invited,1,6,Small Business,Female,1,4
200111,1,34,Company Invited,1,13,Salaried,Male,3,5
200112,0,54,Company Invited,2,32,Salaried,Female,1,2
200113,0,24,Self Enquiry,1,24,Salaried,Male,2,3
200114,0,34,Self Enquiry,1,,Salaried,Female,2,4
200115,0,37,Self Enquiry,3,9,Salaried,Male,2,3
200116,0,34,Self Enquiry,1,11,Small Business,Fe Male,2,4
200117,0,36,Company Invited,3,17,Large Business,Female,3,3
200118,0,36,Self Enquiry,1,9,Salaried,Female,2,3
200119,0,43,Company Invited,3,32,Salaried,Male,3,3
200120,0,30,Company Invited,1,29,Salaried,Male,3,5
200121,0,33,Company Invited,3,28,Small Business,Male,3,3
200122,1,56,Self Enquiry,1,20,Salaried,Female,3,
200123,0,51,Self Enquiry,1,12,Salaried,Male,2,3
200124,1,31,Self Enquiry,3,12,Salaried,Male,3,5
200125,0,26,Self Enquiry,1,12,Salaried,Female,2,4
200126,1,58,Self Enquiry,1,29,Small Business,Female,3,3
200127,1,19,Self Enquiry,3,28,Small Business,Male,2,3
200128,0,22,Self Enquiry,1,8,Large Business,Male,3,3
200129,0,49,Self Enquiry,1,26,Small Business,Female,3,3
200130,0,43,Company Invited,1,,Small Business,Female,3,2
200131,0,50,Company Invited,3,18,Small Business,Fe Male,3,3
200132,1,31,Self Enquiry,3,,Salaried,Female,3,5
200133,0,41,Self Enquiry,3,15,Salaried,Male,3,3
200134,0,26,Self Enquiry,2,31,Salaried,Female,3,3
200135,0,36,Self Enquiry,1,12,Small Business,Male,2,
200136,1,51,Company Invited,1,14,Salaried,Male,2,5
200137,0,39,Self Enquiry,3,10,Salaried,Female,2,4
200138,0,25,Self Enquiry,3,34,Salaried,Male,2,4
200139,0,30,Self Enquiry,2,15,Salaried,Male,2,3
200140,1,,Self Enquiry,1,15,Small Business,Female,2,3
200141,0,,Self Enquiry,1,35,Small Business,Male,2,3
200142,0,38,Self Enquiry,1,9,Large Business,Female,2,3
200143,0,30,Self Enquiry,1,24,Salaried,Female,3,3
200144,0,32,Company Invited,3,,Small Business,Male,2,5
200145,0,30,Self Enquiry,1,11,Large Business,Female,2,3
200146,0,30,Self Enquiry,1,8,Small Business,Male,2,4
200147,0,41,Company Invited,1,16,Salaried,Male,3,4
200148,0,41,Self Enquiry,1,15,Salaried,Male,3,3
200149,0,19,Self Enquiry,1,9,Small Business,Female,3,3
200150,0,40,Company Invited,1,32,Small Business,Female,2,3
200151,0,35,Self Enquiry,3,6,Small Business,Male,3,3
200152,0,53,Self Enquiry,3,12,Small Business,Male,2,3
200153,0,45,Self Enquiry,1,15,Salaried,Male,2,3
200154,0,32,Company Invited,3,14,Small Business,Fe Male,2,3
200155,0,29,Company Invited,1,,Large Business,Male,2,3
200156,0,51,Self Enquiry,1,13,Small Business,Male,2,4
200157,0,58,Self Enquiry,1,15,Small Business,Female,3,4
200158,0,40,Self Enquiry,3,10,Small Business,Male,3,4
200159,0,34,Company Invited,3,8,Small Business,Female,3,3
200160,0,22,Self Enquiry,1,25,Small Business,Male,3,3
200161,0,27,Company Invited,1,15,Small Business,Male,2,3
200162,0,28,Self Enquiry,1,27,Small Business,Male,2,3
200163,0,57,Self Enquiry,1,30,Salaried,Male,2,2
200164,0,27,Company Invited,1,9,Small Business,Male,3,4
200165,0,50,Self Enquiry,1,17,Salaried,Female,2,3
200166,0,41,Self Enquiry,1,20,Salaried,Male,2,3
200167,0,30,Self Enquiry,3,11,Salaried,Female,2,3
200168,0,38,Self Enquiry,3,6,Salaried,Fe Male,2,4
200169,0,32,Self Enquiry,1,12,Salaried,Male,2,3
200170,0,27,Self Enquiry,1,23,Large Business,Male,2,3
200171,1,19,Company Invited,3,6,Large Business,Female,3,5
200172,0,36,Company Invited,1,9,Small Business,Male,1,3
200173,0,30,Company Invited,1,15,Small Business,Male,3,3
200174,0,45,Self Enquiry,3,10,Salaried,Female,1,
200175,0,56,Self Enquiry,1,,Salaried,Female,3,3
200176,0,33,Self Enquiry,1,8,Salaried,Male,2,3
200177,1,19,Self Enquiry,1,8,Salaried,Male,2,4
200178,0,46,Self Enquiry,3,6,Small Business,Female,3,3
200179,0,38,Self Enquiry,1,15,Salaried,Female,3,3
200180,0,,Self Enquiry,1,18,Small Business,Female,3,3
200181,0,34,Self Enquiry,1,33,Small Business,Female,3,3
200182,1,41,Self Enquiry,3,26,Small Business,Female,3,3
200183,0,,Self Enquiry,1,6,Small Business,Male,2,4
200184,0,53,Self Enquiry,1,,Small Business,Female,2,2
200185,0,33,Self Enquiry,1,20,Small Business,Female,3,3
200186,0,40,Self Enquiry,1,10,Small Business,Female,2,3
200187,0,55,Self Enquiry,1,20,Small Business,Male,3,2
200188,0,34,Company Invited,1,8,Salaried,Male,2,4
200189,0,51,Self Enquiry,1,9,Small Business,Female,3,3
200190,0,52,Self Enquiry,1,6,Salaried,Male,3,4
200191,0,27,Self Enquiry,1,15,Small Business,Female,2,3
200192,1,35,Self Enquiry,1,29,Salaried,Male,2,4
200193,0,43,Company Invited,1,13,Small Business,Male,2,2
200194,0,45,Company Invited,1,8,Small Business,Male,3,4
200195,0,,Self Enquiry,1,27,Salaried,Male,3,2
200196,0,35,Company Invited,1,,Small Business,Female,2,3
200197,0,42,Company Invited,1,27,Small Business,Female,2,3
200198,0,38,Self Enquiry,1,8,Salaried,Male,2,3
200199,0,38,Self Enquiry,1,35,Large Business,Male,2,3
200200,0,27,Company Invited,1,,Large Business,Male,2,4
200201,0,49,Company Invited,1,24,Salaried,Male,3,3
200202,0,,Company Invited,1,16,Small Business,Male,2,3
200203,0,40,Self Enquiry,1,25,Small Business,Male,2,3
200204,1,38,Self Enquiry,1,35,Small Business,Male,3,3
200205,1,29,Self Enquiry,3,33,Small Business,Female,2,3
200206,0,22,Self Enquiry,1,11,Salaried,Male,2,2
200207,0,36,Company Invited,1,24,Small Business,Female,3,3
200208,0,40,Company Invited,1,,Salaried,Male,3,4
200209,0,46,Self Enquiry,1,6,Small Business,Male,3,3
200210,1,32,Self Enquiry,3,10,Small Business,Male,2,5
200211,0,30,Company Invited,1,6,Salaried,Male,2,4
200212,0,27,Company Invited,3,26,Salaried,Fe Male,2,3
200213,0,51,Self Enquiry,1,14,Salaried,Male,2,4
200214,1,30,Self Enquiry,1,9,Large Business,Female,2,3
200215,0,41,Self Enquiry,3,12,Salaried,Fe Male,3,3
200216,1,30,Company Invited,3,32,Small Business,Female,2,4
200217,1,29,Self Enquiry,1,6,Large Business,Male,2,3
200218,0,45,Company Invited,3,12,Small Business,Fe Male,2,4
200219,0,54,Self Enquiry,3,9,Small Business,Female,2,3
200220,0,36,Self Enquiry,1,11,Salaried,Male,3,3
200221,0,33,Self Enquiry,1,10,Small Business,Female,2,4
200222,0,37,Company Invited,1,17,Salaried,Male,2,3
200223,0,38,Self Enquiry,3,9,Salaried,Male,3,3
200224,0,31,,1,,Small Business,Male,2,5
200225,0,59,Self Enquiry,1,9,Salaried,Male,3,4
200226,0,37,Company Invited,3,10,Small Business,Male,2,3
200227,0,29,Company Invited,3,6,Small Business,Female,2,3
200228,0,35,Company Invited,3,6,Small Business,Fe Male,3,3
200229,1,29,Self Enquiry,1,24,Small Business,Male,2,4
200230,0,52,Self Enquiry,1,8,Salaried,Female,2,4
200231,0,42,Self Enquiry,1,10,Large Business,Male,2,3
200232,0,59,Self Enquiry,2,12,Small Business,Male,2,3
200233,0,50,Self Enquiry,3,6,Small Business,Female,3,3
200234,1,33,Self Enquiry,1,20,Small Business,Male,2,3
200235,0,43,Self Enquiry,3,22,Small Business,Female,3,3
200236,1,33,Self Enquiry,1,8,Salaried,Female,2,3
200237,0,52,Company Invited,3,8,Salaried,Male,3,4
200238,0,,Self Enquiry,3,10,Salaried,Female,2,3
200239,1,,Self Enquiry,1,6,Salaried,Male,3,4
200240,0,39,Self Enquiry,1,6,Small Business,Female,3,3
200241,0,32,Company Invited,3,,Small Business,Male,3,3
200242,0,41,Self Enquiry,1,25,Salaried,Male,2,3
200243,0,40,Self Enquiry,1,30,Large Business,Male,3,3
200244,0,45,Self Enquiry,1,6,Salaried,Male,3,2
200245,0,31,Company Invited,1,9,Small Business,Male,3,3
200246,0,33,Self Enquiry,1,11,Salaried,Female,3,4
200247,0,34,Self Enquiry,1,8,Salaried,Male,2,4
200248,0,,Self Enquiry,1,6,Small Business,Female,2,4
200249,0,45,Company Invited,1,13,Salaried,Male,3,2
200250,1,37,Company Invited,1,16,Small Business,Male,3,3
200251,0,39,Company Invited,1,8,Large Business,Fe Male,3,3
200252,0,29,Self Enquiry,1,21,Salaried,Male,2,3
200253,0,42,Self Enquiry,1,23,Salaried,Female,2,2
200254,0,29,Self Enquiry,3,26,Small Business,Male,2,3
200255,0,25,Self Enquiry,1,,Salaried,Female,3,3
200256,0,42,Self Enquiry,1,8,Small Business,Female,2,4
200257,0,40,Self Enquiry,1,8,Small Business,Male,2,3
200258,0,51,Self Enquiry,1,6,Salaried,Male,3,3
200259,1,,Company Invited,1,35,Small Business,Male,3,4
200260,0,32,Company Invited,1,13,Salaried,Male,3,2
200261,0,38,Company Invited,3,8,Salaried,Male,2,4
200262,0,32,Self Enquiry,1,8,Large Business,Male,2,4
200263,0,46,Self Enquiry,3,8,Large Business,Female,3,5
200264,1,,Self Enquiry,1,8,Salaried,Male,3,3
200265,0,29,Self Enquiry,3,8,Small Business,Male,3,4
200266,0,31,Self Enquiry,1,29,Small Business,Male,3,4
200267,0,,Company Invited,1,11,Salaried,Male,2,2
200268,0,45,Self Enquiry,1,26,Small Business,Male,3,3
200269,0,36,Self Enquiry,1,12,Salaried,Male,2,3
200270,0,55,Self Enquiry,1,6,Small Business,Male,2,3
200271,1,47,Company Invited,1,35,Salaried,Male,2,3
200272,0,28,Self Enquiry,1,15,Small Business,Male,3,3
200273,0,37,Self Enquiry,3,12,Small Business,Male,3,3
200274,0,21,Self Enquiry,1,9,Small Business,Male,3,4
200275,0,37,Company Invited,1,6,Small Business,Female,1,3
200276,0,35,Self Enquiry,1,28,Salaried,Female,3,2
200277,0,38,Self Enquiry,3,13,Small Business,Female,2,2
200278,0,26,Company Invited,1,6,Salaried,Female,2,3
200279,0,50,Self Enquiry,1,10,Salaried,Male,3,3
200280,0,53,Self Enquiry,1,9,Small Business,Male,2,3
200281,0,42,Self Enquiry,3,6,Salaried,Male,2,3
200282,0,29,Company Invited,3,,Salaried,Male,2,3
200283,0,55,Self Enquiry,1,26,Large Business,Male,2,3
200284,0,26,Company Invited,1,,Small Business,Male,2,3
200285,0,37,Self Enquiry,1,6,Salaried,Female,2,3
200286,1,44,Company Invited,1,30,Salaried,Male,2,3
200287,0,38,Self Enquiry,1,29,Salaried,Male,2,3
200288,1,26,Self Enquiry,1,22,Small Business,Male,2,3
200289,0,28,Self Enquiry,1,14,Salaried,Female,3,3
200290,0,49,Company Invited,1,16,Salaried,Female,2,3
200291,0,36,Self Enquiry,1,,Large Business,Male,1,3
200292,0,31,Company Invited,3,11,Small Business,Female,2,3
200293,1,26,Self Enquiry,3,10,Small Business,Male,2,4
200294,0,37,Company Invited,1,15,Small Business,Male,2,3
200295,0,42,Company Invited,3,32,Small Business,Female,3,3
200296,1,18,Self Enquiry,1,9,Salaried,Male,2,3
200297,0,35,Self Enquiry,3,22,Small Business,Male,3,3
200298,0,,Company Invited,1,24,Salaried,Male,2,2
200299,0,51,Self Enquiry,1,8,Small Business,Male,2,5
200300,0,41,Self Enquiry,3,8,Salaried,Male,2,3
200301,0,18,Self Enquiry,3,16,Small Business,Female,3,4
200302,0,28,Self Enquiry,1,22,Small Business,Male,3,2
200303,0,31,Self Enquiry,3,13,Large Business,Male,3,2
200304,0,39,Self Enquiry,1,6,Small Business,Male,2,2
200305,0,36,Company Invited,1,30,Salaried,Female,2,3
200306,0,32,Self Enquiry,3,13,Salaried,Male,3,4
200307,0,38,Self Enquiry,1,31,Salaried,Female,2,4
200308,0,58,Company Invited,1,6,Salaried,Male,2,5
200309,0,31,Self Enquiry,1,,Large Business,Male,2,3
200310,0,31,Self Enquiry,2,8,Salaried,Male,3,4
200311,0,45,Company Invited,1,13,Salaried,Male,3,3
200312,0,31,Self Enquiry,1,8,Salaried,Male,2,3
200313,0,33,Company Invited,1,11,Salaried,Female,3,3
200314,0,39,Self Enquiry,1,16,Small Business,Male,2,3
200315,0,43,Company Invited,1,16,Salaried,Female,2,3
200316,0,49,Self Enquiry,1,6,Large Business,Female,2,4
200317,1,52,Self Enquiry,1,14,Small Business,Male,2,
200318,0,27,Self Enquiry,1,11,Salaried,Female,2,3
200319,0,32,Self Enquiry,3,14,Large Business,Female,3,4
200320,0,27,Self Enquiry,3,,Salaried,Male,3,3
200321,0,31,Self Enquiry,3,13,Small Business,Male,3,3
200322,0,32,Self Enquiry,1,8,Small Business,Female,3,
200323,1,,Self Enquiry,1,8,Small Business,Male,2,5
200324,0,30,Self Enquiry,1,34,Small Business,Female,3,3
200325,0,31,Company Invited,1,13,Salaried,Female,2,4
200326,0,39,Company Invited,1,5,Small Business,Male,2,4
200327,1,39,Self Enquiry,3,9,Small Business,Female,2,3
200328,0,33,Company Invited,3,,Small Business,Male,2,4
200329,0,47,Self Enquiry,1,11,Salaried,Male,2,3
200330,0,43,Company Invited,1,16,Salaried,Female,2,4
200331,0,27,Company Invited,3,6,Small Business,Male,3,3
200332,0,54,Company Invited,1,,Salaried,Female,2,3
200333,0,43,Self Enquiry,1,13,Salaried,Female,2,3
200334,0,,Self Enquiry,1,14,Salaried,Male,3,3
200335,0,40,Self Enquiry,3,6,Small Business,Male,2,5
200336,1,29,Self Enquiry,1,14,Salaried,Male,3,5
200337,0,,Self Enquiry,1,15,Salaried,Male,1,4
200338,0,30,Self Enquiry,3,11,Small Business,Female,1,4
200339,0,27,Self Enquiry,3,14,Small Business,Female,2,3
200340,0,37,Self Enquiry,1,11,Small Business,Male,3,3
200341,0,38,Self Enquiry,1,21,Salaried,Male,3,4
200342,0,31,Self Enquiry,1,13,Small Business,Female,2,3
200343,0,29,Self Enquiry,3,16,Small Business,Female,2,4
200344,0,35,Self Enquiry,1,11,Large Business,Male,3,3
200345,0,23,Self Enquiry,1,32,Salaried,Male,2,3
200346,0,41,Self Enquiry,1,12,Small Business,Male,3,4
200347,0,47,Company Invited,3,10,Small Business,Male,2,3
200348,0,42,Self Enquiry,1,29,Salaried,Female,2,3
200349,0,29,Company Invited,3,,Salaried,Male,3,3
200350,0,42,Self Enquiry,2,8,Large Business,Male,2,3
200351,0,32,Self Enquiry,1,8,Small Business,Female,3,3
200352,0,48,Self Enquiry,3,35,Small Business,Female,3,3
200353,0,37,Self Enquiry,1,12,Small Business,Male,2,2
200354,0,30,Company Invited,3,,Large Business,Female,2,3
200355,0,26,Self Enquiry,3,6,Salaried,Male,2,3
200356,0,42,Self Enquiry,1,8,Salaried,Male,3,4
200357,1,21,Company Invited,3,6,Large Business,Female,2,4
200358,0,36,Company Invited,3,6,Small Business,Female,2,3
200359,0,36,Company Invited,3,9,Small Business,Male,2,4
200360,0,57,Self Enquiry,1,6,Small Business,Male,2,3
200361,0,40,Self Enquiry,1,16,Salaried,Female,2,2
200362,0,21,Company Invited,3,15,Small Business,Male,2,3
200363,1,33,Self Enquiry,3,11,Small Business,Female,2,3
200364,0,,Self Enquiry,1,16,Small Business,Female,3,3
200365,0,46,Company Invited,1,13,Small Business,Female,1,3
200366,1,41,Company Invited,3,10,Small Business,Male,2,3
200367,0,50,Self Enquiry,1,16,Large Business,Male,3,4
200368,1,40,Self Enquiry,3,28,Small Business,Male,3,4
200369,0,31,Self Enquiry,1,15,Salaried,Male,2,4
200370,1,21,Self Enquiry,3,18,Salaried,Female,2,2
200371,0,29,Self Enquiry,1,29,Salaried,Male,2,3
200372,0,35,Self Enquiry,1,15,Salaried,Male,3,4
200373,0,,Self Enquiry,1,6,Small Business,Male,2,3
200374,0,28,Self Enquiry,3,15,Salaried,Male,3,3
200375,0,49,Self Enquiry,1,13,Salaried,Male,2,4
200376,0,51,Self Enquiry,3,20,Salaried,Female,2,
200377,0,36,Self Enquiry,1,8,Salaried,Female,3,3
200378,1,34,Company Invited,3,25,Small Business,Male,3,2
200379,0,55,Self Enquiry,1,8,Salaried,Female,3,3
200380,0,24,Self Enquiry,3,,Small Business,Female,3,3
200381,0,30,Self Enquiry,3,8,Large Business,Male,3,3
200382,1,26,Company Invited,1,9,Large Business,Male,3,3
200383,0,22,Self Enquiry,1,17,Small Business,Female,2,3
200384,0,36,Self Enquiry,3,8,Small Business,Male,3,4
200385,1,30,Company Invited,1,10,Large Business,Male,2,3
200386,0,37,Self Enquiry,1,20,Salaried,Female,3,3
200387,0,40,Self Enquiry,3,8,Small Business,Female,2,3
200388,0,42,Self Enquiry,1,6,Salaried,Female,3,3
200389,0,,Self Enquiry,1,16,Salaried,Male,2,3
200390,0,43,Self Enquiry,1,18,Salaried,Male,2,4
200391,0,,Self Enquiry,1,8,Small Business,Female,3,4
200392,0,54,Self Enquiry,1,11,Small Business,Male,2,3
200393,0,34,Company Invited,3,10,Small Business,Female,3,3
200394,0,31,Self Enquiry,1,,Small Business,Female,2,3
200395,0,43,Company Invited,1,27,Small Business,Male,3,3
200396,0,43,Self Enquiry,1,,Salaried,Female,3,3
200397,0,25,Self Enquiry,3,,Salaried,Female,2,4
200398,0,37,Company Invited,1,,Small Business,Female,3,3
200399,0,31,Self Enquiry,1,6,Salaried,Male,3,4
200400,0,39,Company Invited,1,6,Salaried,Male,2,3
200401,0,56,Company Invited,3,12,Salaried,Female,2,2
200402,0,30,Self Enquiry,3,18,Large Business,Female,2,3
200403,0,41,Self Enquiry,3,6,Small Business,Male,2,2
200404,0,28,Self Enquiry,1,,Small Business,Male,3,3
200405,1,,Self Enquiry,1,9,Small Business,Male,3,3
200406,0,52,Self Enquiry,1,9,Small Business,Male,2,4
200407,0,45,Self Enquiry,1,16,Salaried,Male,3,3
200408,0,52,Self Enquiry,1,10,Salaried,Female,1,3
200409,0,42,Company Invited,1,,Salaried,Female,3,3
200410,0,30,Self Enquiry,1,8,Salaried,Female,2,5
200411,0,60,Self Enquiry,1,13,Salaried,Female,2,3
200412,0,46,Self Enquiry,1,,Small Business,Female,2,3
200413,0,42,Company Invited,1,,Large Business,Female,2,4
200414,1,24,Self Enquiry,3,6,Large Business,Female,3,3
200415,1,34,Company Invited,3,12,Small Business,Female,2,5
200416,0,38,Company Invited,1,8,Salaried,Male,2,3
200417,0,40,Self Enquiry,3,8,Salaried,Female,3,3
200418,0,26,Self Enquiry,1,29,Salaried,Female,2,3
200419,0,30,Company Invited,1,9,Salaried,Male,2,3
200420,0,29,Self Enquiry,1,9,Small Business,Male,3,4
200421,1,29,Self Enquiry,1,31,Large Business,Female,3,4
200422,1,19,Self Enquiry,2,8,Large Business,Male,2,4
200423,0,30,Company Invited,3,28,Salaried,Female,3,3
200424,0,57,Self Enquiry,3,35,Small Business,Male,2,4
200425,0,50,Self Enquiry,1,35,Salaried,Male,2,4
200426,0,30,Company Invited,1,8,Small Business,Female,2,3
200427,0,60,Company Invited,3,34,Small Business,Female,3,4
200428,0,47,Self Enquiry,1,8,Small Business,Female,3,3
200429,0,46,Self Enquiry,1,8,Salaried,Male,2,3
200430,0,35,Self Enquiry,1,28,Salaried,Male,2,5
200431,0,,Self Enquiry,1,14,Salaried,Female,2,3
200432,0,34,Self Enquiry,1,8,Salaried,Male,3,4
200433,0,46,Self Enquiry,3,16,Small Business,Female,3,4
200434,0,31,Self Enquiry,1,15,Salaried,Male,2,3
200435,1,33,Self Enquiry,1,21,Small Business,Male,2,3
200436,1,,Self Enquiry,1,16,Small Business,Male,2,5
200437,0,30,Self Enquiry,3,13,Small Business,Male,2,3
200438,0,35,Self Enquiry,1,22,Salaried,Male,3,3
200439,1,31,Company Invited,1,26,Salaried,Male,3,3
200440,1,34,Company Invited,2,29,Salaried,Female,2,3
200441,0,42,Company Invited,1,11,Salaried,Male,3,3
200442,0,36,Company Invited,3,16,Small Business,Male,2,3
200443,1,,Company Invited,1,10,Large Business,Male,2,4
200444,0,,Self Enquiry,3,8,Small Business,Female,2,3
200445,0,55,Self Enquiry,3,24,Salaried,Female,2,3
200446,0,41,Company Invited,3,16,Salaried,Male,2,3
200447,0,35,Self Enquiry,3,,Small Business,Male,2,3
200448,0,40,Self Enquiry,1,12,Salaried,Fe Male,3,3
200449,0,,Company Invited,1,14,Salaried,Female,2,3
200450,0,31,Self Enquiry,3,8,Salaried,Male,3,3
200451,0,42,Self Enquiry,1,30,Small Business,Male,2,3
200452,0,45,Self Enquiry,3,,Salaried,Male,3,3
200453,1,26,Company Invited,2,23,Salaried,Female,2,3
200454,0,29,Self Enquiry,1,,Large Business,Male,2,3
200455,0,33,Self Enquiry,1,6,Small Business,Female,3,2
200456,0,31,Self Enquiry,3,13,Salaried,Male,2,4
200457,1,18,Company Invited,3,11,Small Business,Male,3,3
200458,0,40,Company Invited,3,34,Salaried,Male,2,5
200459,0,41,Company Invited,1,8,Salaried,Female,3,4
200460,0,26,Self Enquiry,3,,Small Business,Male,2,3
200461,0,35,Self Enquiry,3,,Small Business,Female,3,3
200462,0,34,Self Enquiry,3,27,Salaried,Male,3,2
200463,1,26,Self Enquiry,1,30,Large Business,Male,3,5
200464,0,37,Self Enquiry,1,6,Large Business,Female,2,3
200465,0,46,Company Invited,1,24,Small Business,Female,2,3
200466,0,41,Self Enquiry,3,8,Salaried,Female,3,3
200467,0,37,Company Invited,3,15,Small Business,Male,3,3
200468,0,52,Self Enquiry,1,12,Large Business,Male,3,3
200469,1,32,Company Invited,3,,Salaried,Male,2,2
200470,0,24,Company Invited,3,30,Small Business,Male,2,3
200471,0,38,Self Enquiry,1,16,Small Business,Female,3,3
200472,0,37,Self Enquiry,1,6,Salaried,Female,3,3
200473,0,49,Self Enquiry,1,24,Salaried,Male,2,4
200474,0,24,Self Enquiry,1,29,Small Business,Male,2,2
200475,0,26,Self Enquiry,3,34,Small Business,Male,3,3
200476,0,24,Self Enquiry,1,23,Salaried,Male,3,4
200477,0,50,Company Invited,2,9,Small Business,Male,2,3
200478,0,25,Self Enquiry,3,19,Small Business,Male,2,3
200479,1,24,Company Invited,1,13,Salaried,Female,2,3
200480,1,30,Company Invited,3,18,Salaried,Male,3,4
200481,0,,Self Enquiry,1,6,Salaried,Male,2,4
200482,1,31,Self Enquiry,3,19,Small Business,Male,2,3
200483,0,,Self Enquiry,1,31,Salaried,Male,2,4
200484,0,31,Self Enquiry,3,12,Small Business,Male,3,2
200485,0,27,Self Enquiry,1,12,Small Business,Female,3,4
200486,0,37,Self Enquiry,3,8,Small Business,Male,3,3
200487,0,20,Self Enquiry,1,6,Salaried,Female,2,4
200488,0,,Self Enquiry,1,8,Salaried,Female,2,3
200489,0,43,Self Enquiry,1,12,Salaried,Male,2,4
200490,0,38,Self Enquiry,1,6,Salaried,Female,2,3
200491,0,43,Company Invited,1,15,Small Business,Male,3,3
200492,0,48,Self Enquiry,1,6,Salaried,Female,2,4
200493,0,44,Self Enquiry,2,6,Salaried,Female,2,4
200494,0,34,Self Enquiry,3,20,Large Business,Female,2,3
200495,1,27,Self Enquiry,3,8,Small Business,Male,2,3
200496,0,,Self Enquiry,3,28,Large Business,Male,2,3
200497,0,44,Self Enquiry,1,9,Salaried,Male,2,3
200498,0,22,Self Enquiry,1,12,Small Business,Male,3,3
200499,0,33,Self Enquiry,3,14,Small Business,Male,2,3
200500,0,32,Self Enquiry,1,15,Salaried,Female,3,3
200501,0,30,Company Invited,1,9,Small Business,Female,3,3
200502,0,53,Self Enquiry,3,6,Small Business,Female,2,3
200503,0,34,Self Enquiry,1,6,Salaried,Male,2,3
200504,1,45,Company Invited,3,,Salaried,Female,3,3
200505,0,26,Self Enquiry,1,12,Salaried,Female,3,3
200506,0,37,Self Enquiry,1,9,Salaried,Male,2,3
200507,0,29,Self Enquiry,3,9,Small Business,Female,3,3
200508,0,35,Self Enquiry,1,12,Salaried,Male,2,5
200509,0,33,Company Invited,1,12,Salaried,Male,1,3
200510,0,54,Self Enquiry,2,25,Small Business,Male,2,3
200511,0,36,Self Enquiry,1,15,Small Business,Male,2,4
200512,0,27,Self Enquiry,1,9,Small Business,Male,2,4
200513,1,20,Self Enquiry,1,16,Small Business,Male,2,3
200514,1,33,Company Invited,1,9,Salaried,Male,3,3
200515,0,35,Company Invited,1,9,Salaried,Male,2,4
200516,0,23,Self Enquiry,1,10,Small Business,Male,2,2
200517,0,25,Self Enquiry,3,,Salaried,Male,2,2
200518,0,,Self Enquiry,3,13,Small Business,Female,2,4
200519,0,29,Company Invited,1,6,Salaried,Male,3,5
200520,0,48,Self Enquiry,3,8,Small Business,Male,2,2
200521,0,27,Company Invited,3,,Small Business,Female,3,2
200522,0,37,Self Enquiry,1,,Salaried,Male,3,2
200523,0,50,Self Enquiry,1,34,Small Business,Male,3,2
200524,0,34,Self Enquiry,1,15,Small Business,Fe Male,2,4
200525,1,24,Self Enquiry,3,,Salaried,Female,3,3
200526,0,39,Self Enquiry,1,,Large Business,Female,3,4
200527,0,32,Self Enquiry,3,16,Small Business,Male,2,3
200528,1,50,Company Invited,3,14,Large Business,Male,2,3
200529,0,38,Self Enquiry,1,6,Salaried,Female,2,2
200530,0,27,Self Enquiry,1,6,Salaried,Female,3,3
200531,0,32,Self Enquiry,1,9,Salaried,Fe Male,2,3
200532,0,47,Self Enquiry,3,20,Small Business,Male,2,
200533,0,40,Company Invited,3,11,Salaried,Male,2,4
200534,0,53,Self Enquiry,1,13,Salaried,Male,2,2
200535,0,41,Self Enquiry,2,16,Salaried,Male,3,4
200536,0,60,Self Enquiry,3,22,Small Business,Male,2,3
200537,0,27,Company Invited,1,16,Salaried,Male,2,3
200538,0,41,Self Enquiry,2,6,Salaried,Male,2,4
200539,0,,Self Enquiry,3,14,Small Business,Male,2,3
200540,1,28,Self Enquiry,1,6,Salaried,Female,3,5
200541,0,36,Company Invited,1,14,Salaried,Female,3,2
200542,0,38,Self Enquiry,1,6,Salaried,Female,2,3
200543,0,,Company Invited,1,30,Small Business,Male,2,5
200544,0,47,Company Invited,3,9,Small Business,Female,2,3
200545,0,30,Self Enquiry,3,33,Small Business,Male,2,3
200546,0,29,Self Enquiry,3,16,Salaried,Male,2,3
200547,1,42,Company Invited,1,25,Small Business,Male,2,2
200548,0,43,Company Invited,3,21,Salaried,Male,2,4
200549,0,34,Self Enquiry,1,14,Small Business,Female,3,3
200550,0,23,Self Enquiry,1,15,Small Business,Male,2,3
200551,0,39,Self Enquiry,2,9,Salaried,Female,2,2
200552,0,56,Self Enquiry,1,15,Small Business,Male,2,3
200553,0,40,Self Enquiry,1,8,Small Business,Female,2,4
200554,0,27,Self Enquiry,1,13,Small Business,Female,2,4
200555,0,29,Self Enquiry,3,16,Small Business,Male,2,3
200556,0,53,Self Enquiry,1,12,Salaried,Male,2,3
200557,0,35,Company Invited,1,8,Salaried,Female,3,3
200558,0,32,Company Invited,1,30,Salaried,Male,3,3
200559,0,38,Self Enquiry,1,8,Small Business,Male,3,3
200560,0,34,Self Enquiry,1,14,Salaried,Female,2,3
200561,0,52,Self Enquiry,3,9,Small Business,Male,2,4
200562,1,33,Self Enquiry,1,6,Salaried,Male,3,3
200563,0,25,Self Enquiry,3,32,Small Business,Female,2,3
200564,0,45,Self Enquiry,3,8,Large Business,Male,2,5
200565,0,,Self Enquiry,1,16,Small Business,Male,3,2
200566,1,47,Company Invited,3,33,Salaried,Female,3,1
200567,0,34,Self Enquiry,3,8,Salaried,Male,2,3
200568,1,55,Self Enquiry,1,8,Small Business,Male,3,3
200569,0,36,Company Invited,3,14,Salaried,Male,3,4
200570,0,52,Company Invited,1,,Small Business,Male,2,3
200571,0,26,,1,,Salaried,Female,3,5
200572,0,29,,1,,Small Business,Female,3,3
200573,1,26,Self Enquiry,3,14,Large Business,Male,2,4
200574,0,34,Self Enquiry,1,6,Salaried,Female,3,1
200575,0,54,Self Enquiry,1,25,Small Business,Female,3,3
200576,0,27,,3,,Small Business,Male,2,3
200577,0,37,Self Enquiry,1,16,Salaried,Female,2,3
200578,0,38,Company Invited,1,8,Salaried,Female,3,1
200579,0,34,,1,,Small Business,Female,2,4
200580,0,35,Self Enquiry,3,14,Salaried,Female,3,3
200581,0,,Self Enquiry,1,6,Salaried,Male,2,5
200582,0,40,Company Invited,1,,Small Business,Female,2,1
200583,0,34,Self Enquiry,3,14,Salaried,Female,3,3
200584,0,42,Company Invited,1,14,Salaried,Male,3,3
200585,1,23,Self Enquiry,1,12,Salaried,Male,3,1
200586,0,24,Company Invited,1,15,Salaried,Male,2,4
200587,0,52,Self Enquiry,1,17,Salaried,Female,2,3
200588,0,50,Self Enquiry,1,8,Small Business,Male,3,3
200589,1,29,Self Enquiry,1,6,Salaried,Female,2,4
200590,0,33,Self Enquiry,1,13,Small Business,Male,2,3
200591,1,33,Self Enquiry,3,22,Small Business,Female,3,3
200592,0,47,Self Enquiry,1,8,Salaried,Female,2,3
200593,0,36,Self Enquiry,1,6,Salaried,Female,2,3
200594,0,29,Self Enquiry,1,29,Salaried,Male,2,1
200595,1,58,Self Enquiry,1,8,Salaried,Male,2,3
200596,0,35,Self Enquiry,1,6,Salaried,Female,2,1
200597,0,42,Self Enquiry,1,6,Salaried,Female,2,4
200598,1,28,,1,,Small Business,Male,2,3
200599,0,36,Self Enquiry,2,19,Salaried,Male,2,3
200600,0,32,Self Enquiry,1,10,Salaried,Female,3,4
200601,0,40,Company Invited,1,22,Small Business,Male,2,4
200602,0,30,Self Enquiry,1,8,Small Business,Female,2,4
200603,0,45,Self Enquiry,1,8,Salaried,Female,3,4
200604,0,42,Self Enquiry,1,,Salaried,Male,3,3
200605,0,38,Company Invited,1,18,Salaried,Male,2,4
200606,0,34,Company Invited,1,22,Salaried,Female,3,4
200607,1,49,Self Enquiry,3,17,Small Business,Female,2,3
200608,1,55,Self Enquiry,3,8,Small Business,Male,2,3
200609,0,43,Self Enquiry,1,20,Salaried,Male,3,3
200610,0,27,Self Enquiry,1,11,Large Business,Male,2,4
200611,0,35,Self Enquiry,1,13,Salaried,Male,2,3
200612,0,28,Self Enquiry,3,,Small Business,Female,2,3
200613,0,,Self Enquiry,2,9,Salaried,Male,2,3
200614,1,26,Company Invited,1,11,Small Business,Female,2,4
200615,0,27,Company Invited,1,9,Small Business,Male,2,3
200616,0,51,Self Enquiry,3,32,Small Business,Female,3,3
200617,0,44,Self Enquiry,1,10,Small Business,Male,2,3
200618,0,,Self Enquiry,1,8,Small Business,Male,3,1
200619,0,,Self Enquiry,3,6,Small Business,Male,2,1
200620,0,35,Self Enquiry,1,33,Small Business,Female,2,4
200621,0,36,Self Enquiry,3,6,Salaried,Male,2,3
200622,0,32,,3,,Salaried,Male,3,3
200623,0,,Company Invited,1,11,Salaried,Male,3,4
200624,0,53,Self Enquiry,3,13,Small Business,Female,3,4
200625,0,45,Self Enquiry,3,15,Small Business,Male,3,3
200626,0,32,Self Enquiry,1,14,Small Business,Female,3,1
200627,0,52,Company Invited,1,31,Small Business,Female,2,4
200628,0,37,Self Enquiry,3,22,Small Business,Male,3,4
200629,0,28,Self Enquiry,2,14,Small Business,Male,3,
200630,0,22,Self Enquiry,1,,Salaried,Male,2,4
200631,0,44,Self Enquiry,1,14,Salaried,Male,3,1
200632,0,42,Company Invited,1,8,Small Business,Male,2,3
200633,0,36,Self Enquiry,2,14,Salaried,Male,3,4
200634,0,,Self Enquiry,3,9,Salaried,Male,3,3
200635,0,35,Self Enquiry,1,15,Salaried,Female,3,4
200636,1,35,Company Invited,1,31,Salaried,Female,3,3
200637,0,32,Company Invited,1,6,Salaried,Male,3,3
200638,0,25,Self Enquiry,3,,Small Business,Male,2,4
200639,0,,Self Enquiry,1,6,Large Business,Female,2,3
200640,0,24,Company Invited,1,10,Salaried,Male,2,4
200641,0,32,Company Invited,3,11,Salaried,Male,2,3
200642,0,38,Self Enquiry,3,15,Small Business,Male,3,4
200643,0,42,Self Enquiry,1,9,Salaried,Female,3,1
200644,0,31,Self Enquiry,1,17,Salaried,Male,2,3
200645,1,29,Self Enquiry,3,6,Small Business,Female,2,4
200646,0,53,Self Enquiry,3,14,Small Business,Male,3,3
200647,0,35,Self Enquiry,1,31,Large Business,Male,3,4
200648,0,37,Company Invited,3,27,Small Business,Female,2,3
200649,0,53,Self Enquiry,1,29,Salaried,Female,3,3
200650,0,43,Company Invited,1,6,Salaried,Female,2,3
200651,0,47,Self Enquiry,3,,Small Business,Female,2,3
200652,0,37,Company Invited,3,25,Small Business,Male,2,3
200653,0,50,Company Invited,1,8,Salaried,Male,3,3
200654,0,39,Self Enquiry,2,8,Salaried,Female,2,4
200655,0,33,Self Enquiry,2,9,Salaried,Male,2,3
200656,1,32,Self Enquiry,1,31,Salaried,Male,2,3
200657,0,29,Self Enquiry,1,13,Small Business,Female,3,4
200658,0,44,Self Enquiry,1,15,Salaried,Male,3,3
200659,0,28,Self Enquiry,3,11,Small Business,Male,3,3
200660,1,58,Company Invited,1,8,Salaried,Male,2,4
200661,0,43,Self Enquiry,1,,Salaried,Female,2,3
200662,1,20,Self Enquiry,3,8,Small Business,Female,2,4
200663,1,21,Self Enquiry,1,24,Salaried,Female,3,3
200664,0,36,Self Enquiry,1,20,Salaried,Male,3,3
200665,0,47,Self Enquiry,3,8,Salaried,Female,3,4
200666,1,,Self Enquiry,1,9,Salaried,Female,2,3
200667,1,41,Self Enquiry,1,8,Salaried,Female,2,5
200668,0,28,Self Enquiry,1,15,Small Business,Female,3,3
200669,1,39,Self Enquiry,1,12,Small Business,Male,3,3
200670,0,27,Self Enquiry,1,10,Salaried,Female,3,3
200671,0,34,Self Enquiry,1,16,Salaried,Male,2,3
200672,0,42,Self Enquiry,3,20,Small Business,Female,3,4
200673,0,33,Self Enquiry,1,6,Salaried,Male,3,4
200674,0,58,Self Enquiry,1,11,Large Business,Female,2,4
200675,0,31,Self Enquiry,3,13,Salaried,Male,2,4
200676,0,,Self Enquiry,1,27,Salaried,Female,2,3
200677,0,49,Self Enquiry,1,14,Salaried,Female,2,3
200678,0,48,Self Enquiry,1,26,Small Business,Male,2,3
200679,0,31,Company Invited,3,26,Small Business,Female,2,3
200680,0,36,Self Enquiry,1,,Salaried,Male,3,3
200681,0,38,Self Enquiry,1,6,Large Business,Female,3,3
200682,0,32,Company Invited,1,6,Salaried,Female,3,4
200683,1,25,Self Enquiry,3,25,Small Business,Male,2,4
200684,0,40,Self Enquiry,3,16,Small Business,Male,3,4
200685,0,26,Company Invited,3,,Small Business,Male,2,4
200686,0,41,Self Enquiry,1,,Small Business,Male,2,3
200687,0,36,Self Enquiry,1,8,Small Business,Male,3,3
200688,1,19,Self Enquiry,3,27,Salaried,Male,2,4
200689,1,20,Self Enquiry,1,10,Large Business,Male,2,3
200690,0,31,Self Enquiry,1,18,Small Business,Female,2,3
200691,0,,Company Invited,1,15,Small Business,Male,2,3
200692,0,32,Self Enquiry,1,9,Small Business,Female,3,3
200693,1,36,Self Enquiry,3,9,Salaried,Male,2,4
200694,0,33,Self Enquiry,1,6,Salaried,Female,2,4
200695,1,37,Self Enquiry,3,6,Salaried,Male,2,4
200696,0,45,Company Invited,1,,Salaried,Male,2,3
200697,0,29,Company Invited,3,26,Large Business,Female,2,3
200698,0,35,Self Enquiry,3,,Small Business,Female,2,3
200699,0,52,Self Enquiry,1,6,Salaried,Male,3,3
200700,1,58,Self Enquiry,1,8,Large Business,Male,2,3
200701,0,53,Self Enquiry,3,8,Small Business,Male,2,3
200702,0,30,Self Enquiry,3,14,Salaried,Male,3,3
200703,0,38,Company Invited,3,16,Large Business,Female,2,3
200704,0,35,Self Enquiry,3,9,Salaried,Male,3,3
200705,0,39,Self Enquiry,3,8,Salaried,Male,2,1
200706,1,40,Company Invited,3,30,Salaried,Fe Male,3,1
200707,0,47,Company Invited,1,22,Small Business,Male,3,1
200708,0,36,Company Invited,3,14,Large Business,Male,2,3
200709,1,31,Company Invited,1,15,Small Business,Male,2,4
200710,0,33,Company Invited,3,23,Salaried,Male,2,3
200711,1,29,Self Enquiry,1,16,Salaried,Female,3,4
200712,0,,Self Enquiry,1,19,Salaried,Female,2,3
200713,0,45,Self Enquiry,1,6,Small Business,Female,3,3
200714,0,50,Self Enquiry,1,6,Small Business,Male,3,3
200715,0,33,Company Invited,1,6,Salaried,Female,2,1
200716,0,41,Company Invited,1,15,Small Business,Male,3,3
200717,0,27,Self Enquiry,1,22,Large Business,Female,2,3
200718,0,,Company Invited,1,29,Salaried,Male,2,3
200719,0,,Self Enquiry,3,10,Salaried,Female,2,3
200720,1,30,Self Enquiry,1,28,Salaried,Female,2,3
200721,0,50,Self Enquiry,1,30,Salaried,Male,3,3
200722,0,38,Company Invited,1,16,Small Business,Male,3,3
200723,0,46,Self Enquiry,1,13,Small Business,Male,3,3
200724,0,24,,1,,Small Business,Female,2,4
200725,1,,Self Enquiry,1,20,Salaried,Male,2,4
200726,0,,Company Invited,1,6,Salaried,Female,3,3
200727,0,18,Company Invited,1,11,Salaried,Male,3,3
200728,0,54,Self Enquiry,1,23,Large Business,Female,2,3
200729,0,35,Self Enquiry,1,31,Small Business,Female,2,3
200730,0,30,Self Enquiry,1,14,Salaried,Female,3,1
200731,1,20,Self Enquiry,1,17,Small Business,Female,3,4
200732,1,30,Company Invited,1,11,Small Business,Female,2,3
200733,0,26,Self Enquiry,1,8,Small Business,Male,2,1
200734,0,22,Self Enquiry,1,14,Salaried,Male,3,5
200735,0,48,Self Enquiry,1,,Salaried,Male,3,4
200736,0,48,Self Enquiry,1,10,Salaried,Male,3,4
200737,0,41,Self Enquiry,1,13,Small Business,Female,2,
200738,0,39,Self Enquiry,1,6,Salaried,Female,3,4
200739,0,27,Self Enquiry,1,8,Salaried,Female,2,3
200740,0,,Self Enquiry,1,16,Salaried,Male,2,3
200741,0,42,Self Enquiry,3,11,Small Business,Male,2,3
200742,0,50,Self Enquiry,1,15,Salaried,Male,3,3
200743,0,59,Self Enquiry,1,8,Salaried,Female,3,4
200744,1,37,Self Enquiry,1,,Small Business,Female,3,5
200745,0,55,Company Invited,1,24,Small Business,Male,3,3
200746,0,41,Company Invited,1,13,Salaried,Female,2,5
200747,0,38,Self Enquiry,3,9,Salaried,Male,2,3
200748,1,26,Company Invited,3,35,Small Business,Male,3,
200749,1,52,Self Enquiry,3,8,Small Business,Female,2,5
200750,0,44,Self Enquiry,3,34,Small Business,Female,2,1
200751,0,50,Company Invited,3,6,Salaried,Female,3,3
200752,1,36,Self Enquiry,1,22,Salaried,Female,2,1
200753,0,39,Company Invited,1,28,Small Business,Fe Male,2,3
200754,0,33,Company Invited,3,14,Salaried,Female,2,4
200755,0,45,Self Enquiry,3,17,Salaried,Female,2,3
200756,0,,Company Invited,1,35,Small Business,Female,3,3
200757,0,34,Self Enquiry,3,6,Small Business,Male,3,1
200758,0,59,Self Enquiry,3,6,Large Business,Male,3,3
200759,0,45,Self Enquiry,2,30,Small Business,Male,2,3
200760,0,53,Company Invited,3,8,Small Business,Female,2,4
200761,1,36,Self Enquiry,1,,Salaried,Male,2,3
200762,1,26,Company Invited,1,8,Salaried,Male,2,3
200763,0,34,Self Enquiry,3,16,Salaried,Female,2,3
200764,0,28,Self Enquiry,3,16,Small Business,Male,3,3
200765,0,38,Company Invited,1,9,Salaried,Male,2,3
200766,0,50,Self Enquiry,1,8,Small Business,Male,3,3
200767,0,,Self Enquiry,1,9,Salaried,Female,2,3
200768,0,40,Self Enquiry,3,32,Small Business,Male,3,3
200769,0,26,Company Invited,1,6,Small Business,Female,3,4
200770,0,46,Self Enquiry,1,6,Small Business,Male,2,3
200771,0,54,Self Enquiry,3,8,Salaried,Female,2,4
200772,0,56,Company Invited,1,15,Small Business,Female,3,3
200773,0,36,Self Enquiry,1,18,Small Business,Fe Male,2,4
200774,0,55,Company Invited,1,8,Small Business,Male,2,4
200775,0,43,Self Enquiry,3,31,Small Business,Male,3,4
200776,1,20,Company Invited,3,15,Small Business,Female,2,3
200777,1,21,Self Enquiry,1,16,Salaried,Female,2,4
200778,0,46,Self Enquiry,1,,Salaried,Female,3,4
200779,1,51,Self Enquiry,1,10,Salaried,Male,2,3
200780,1,28,Company Invited,1,30,Large Business,Male,3,4
200781,0,,Self Enquiry,1,6,Small Business,Male,2,4
200782,0,30,Self Enquiry,1,26,Salaried,Male,2,3
200783,0,,Self Enquiry,1,13,Large Business,Female,2,1
200784,0,38,Self Enquiry,1,23,Salaried,Female,3,4
200785,0,40,Self Enquiry,1,26,Large Business,Male,3,3
200786,0,27,Company Invited,1,,Salaried,Male,2,5
200787,0,55,Company Invited,1,8,Salaried,Male,3,3
200788,0,,Self Enquiry,1,16,Salaried,Female,2,3
200789,1,44,Self Enquiry,2,6,Small Business,Male,3,4
200790,0,33,Self Enquiry,1,11,Salaried,Male,2,4
200791,1,35,Self Enquiry,3,10,Large Business,Male,2,3
200792,1,33,Company Invited,1,,Small Business,Female,2,4
200793,0,28,Self Enquiry,1,21,Salaried,Male,2,3
200794,0,34,Company Invited,1,9,Salaried,Male,2,3
200795,0,37,Self Enquiry,3,16,Salaried,Female,2,4
200796,1,,Self Enquiry,1,10,Large Business,Male,2,3
200797,1,26,Self Enquiry,1,27,Small Business,Male,2,3
200798,1,33,Self Enquiry,1,31,Small Business,Male,2,4
200799,0,42,Self Enquiry,1,8,Small Business,Male,2,3
200800,1,28,Company Invited,1,6,Small Business,Male,2,4
200801,1,50,Company Invited,3,,Salaried,Male,2,3
200802,0,33,Company Invited,3,,Salaried,Female,1,3
200803,0,34,Company Invited,1,9,Salaried,Male,2,4
200804,0,48,Company Invited,1,6,Small Business,Male,2,1
200805,0,45,Company Invited,3,15,Salaried,Female,3,4
200806,0,52,Self Enquiry,1,13,Salaried,Male,2,3
200807,0,38,Self Enquiry,3,16,Small Business,Male,3,4
200808,0,29,Self Enquiry,1,34,Salaried,Female,3,3
200809,0,28,Self Enquiry,1,9,Small Business,Female,3,3
200810,0,46,Self Enquiry,3,9,Small Business,Male,2,3
200811,0,38,Self Enquiry,3,8,Small Business,Male,2,3
200812,0,43,Company Invited,1,33,Salaried,Female,2,3
200813,1,39,Company Invited,1,8,Salaried,Male,2,3
200814,0,40,Self Enquiry,1,20,Small Business,Male,2,4
200815,0,21,Self Enquiry,1,6,Large Business,Female,3,4
200816,0,39,Company Invited,1,15,Salaried,Male,3,3
200817,0,36,Company Invited,1,24,Salaried,Male,3,3
200818,0,31,Company Invited,3,26,Salaried,Male,3,1
200819,0,28,Self Enquiry,1,8,Salaried,Male,3,4
200820,0,35,Company Invited,3,17,Small Business,Male,2,
200821,0,49,Self Enquiry,3,14,Large Business,Male,2,4
200822,0,,Company Invited,1,8,Salaried,Male,3,3
200823,0,29,Company Invited,1,16,Salaried,Female,3,3
200824,0,42,Self Enquiry,1,,Small Business,Male,2,5
200825,0,29,Self Enquiry,1,14,Small Business,Male,3,4
200826,0,38,Self Enquiry,2,6,Salaried,Male,2,1
200827,0,28,Company Invited,1,12,Salaried,Male,2,4
200828,1,18,Company Invited,1,14,Small Business,Male,3,3
200829,1,33,Self Enquiry,3,15,Small Business,Female,3,3
200830,0,41,Self Enquiry,1,,Salaried,Male,2,3
200831,1,31,Company Invited,1,21,Small Business,Male,3,3
200832,0,37,Self Enquiry,1,31,Small Business,Female,2,4
200833,0,27,Self Enquiry,1,12,Salaried,Male,2,4
200834,0,34,Self Enquiry,3,15,Salaried,Female,3,3
200835,0,35,Self Enquiry,2,,Large Business,Male,3,3
200836,1,29,Self Enquiry,3,29,Salaried,Female,2,4
200837,0,40,Company Invited,1,15,Small Business,Fe Male,2,3
200838,1,42,Company Invited,3,18,Salaried,Male,2,3
200839,0,42,Self Enquiry,3,10,Small Business,Male,2,3
200840,0,35,Self Enquiry,1,6,Small Business,Male,2,4
200841,0,,Self Enquiry,1,30,Small Business,Male,2,3
200842,1,28,Self Enquiry,1,18,Salaried,Female,3,3
200843,0,26,,1,,Small Business,Male,2,1
200844,0,30,Self Enquiry,3,16,Small Business,Male,3,4
200845,0,40,Company Invited,1,,Small Business,Female,3,4
200846,0,35,Self Enquiry,1,8,Salaried,Male,2,4
200847,0,34,Company Invited,1,6,Small Business,Male,3,4
200848,0,35,Company Invited,1,10,Salaried,Male,2,4
200849,1,43,Self Enquiry,3,15,Small Business,Female,2,5
200850,0,32,Company Invited,3,8,Salaried,Female,3,3
200851,0,56,Self Enquiry,1,10,Large Business,Female,3,3
200852,0,29,Self Enquiry,1,12,Small Business,Female,2,3
200853,0,19,Self Enquiry,1,15,Salaried,Male,2,3
200854,0,45,Self Enquiry,1,,Small Business,Female,2,3
200855,0,37,Self Enquiry,1,6,Salaried,Female,2,4
200856,0,20,Self Enquiry,1,9,Salaried,Male,2,4
200857,1,44,Self Enquiry,1,16,Salaried,Male,3,3
200858,0,53,Self Enquiry,1,13,Small Business,Female,2,3
200859,0,29,Self Enquiry,1,21,Salaried,Female,3,5
200860,1,22,Company Invited,1,9,Salaried,Male,2,4
200861,0,46,Self Enquiry,3,8,Small Business,Female,3,3
200862,0,44,Company Invited,1,23,Salaried,Male,3,5
200863,0,,Self Enquiry,2,8,Salaried,Male,2,3
200864,1,41,Company Invited,1,11,Salaried,Male,3,4
200865,0,,Self Enquiry,3,35,Salaried,Male,3,3
200866,0,40,Company Invited,3,,Small Business,Male,3,3
200867,0,50,Company Invited,1,8,Small Business,Female,1,3
200868,0,28,Self Enquiry,1,25,Small Business,Male,3,4
200869,0,46,Self Enquiry,1,21,Salaried,Male,2,3
200870,0,35,Self Enquiry,3,23,Salaried,Male,3,3
200871,1,24,Self Enquiry,1,23,Salaried,Female,3,3
200872,0,33,Company Invited,3,,Small Business,Female,2,3
200873,0,36,Self Enquiry,1,12,Salaried,Male,2,5
200874,0,,Self Enquiry,1,13,Salaried,Male,2,3
200875,0,44,Self Enquiry,1,,Salaried,Male,2,3
200876,0,20,Self Enquiry,3,27,Small Business,Male,2,1
200877,0,46,Self Enquiry,1,8,Large Business,Male,2,3
200878,0,42,Company Invited,2,8,Small Business,Male,3,1
200879,0,60,Self Enquiry,3,13,Small Business,Male,2,1
200880,0,32,Company Invited,1,19,Salaried,Female,3,4
200881,0,32,Company Invited,1,8,Salaried,Female,2,
200882,0,36,Self Enquiry,1,6,Large Business,Female,3,5
200883,0,33,Self Enquiry,1,15,Small Business,Male,2,3
200884,0,40,Self Enquiry,3,16,Large Business,Female,2,4
200885,0,25,Self Enquiry,3,16,Salaried,Male,2,
200886,0,,Self Enquiry,1,6,Small Business,Male,3,3
200887,0,42,Company Invited,1,32,Small Business,Female,2,3
200888,0,35,Company Invited,3,14,Small Business,Female,3,4
200889,0,27,Self Enquiry,1,20,Salaried,Male,2,3
200890,0,54,Company Invited,1,6,Salaried,Female,2,3
200891,0,44,Self Enquiry,1,8,Salaried,Female,3,1
200892,1,19,Company Invited,1,16,Small Business,Female,3,4
200893,0,,Self Enquiry,1,6,Salaried,Female,3,3
200894,0,54,Self Enquiry,1,9,Salaried,Male,2,3
200895,0,31,Self Enquiry,1,17,Small Business,Male,3,3
200896,0,31,Self Enquiry,1,30,Small Business,Female,3,4
200897,0,59,Self Enquiry,3,9,Salaried,Female,2,4
200898,0,43,Self Enquiry,1,9,Salaried,Male,3,5
200899,0,49,Self Enquiry,1,10,Small Business,Male,2,4
200900,0,,Company Invited,1,9,Large Business,Male,2,3
200901,0,48,Self Enquiry,1,8,Large Business,Male,3,1
200902,0,27,Self Enquiry,1,10,Salaried,Male,3,3
200903,0,29,Self Enquiry,1,13,Salaried,Male,2,3
200904,0,48,Self Enquiry,1,6,Salaried,Male,3,4
200905,0,29,Self Enquiry,1,6,Salaried,Female,2,4
200906,0,34,Self Enquiry,1,26,Large Business,Female,2,1
200907,0,44,Self Enquiry,3,11,Small Business,Male,2,3
200908,0,33,Self Enquiry,3,16,Small Business,Male,2,1
200909,0,19,Self Enquiry,1,31,Salaried,Female,2,1
200910,0,23,Self Enquiry,1,6,Salaried,Male,2,3
200911,1,25,Company Invited,3,30,Salaried,Male,3,5
200912,0,26,Self Enquiry,1,10,Salaried,Male,2,3
200913,1,45,Self Enquiry,3,8,Small Business,Female,3,5
200914,0,55,Company Invited,1,14,Small Business,Male,2,4
200915,1,21,Company Invited,1,16,Salaried,Female,2,4
200916,0,46,Self Enquiry,3,10,Small Business,Female,2,4
200917,0,34,Self Enquiry,3,,Small Business,Female,2,3
200918,0,51,Company Invited,3,15,Salaried,Male,2,3
200919,0,59,Self Enquiry,1,24,Small Business,Male,3,3
200920,0,34,Company Invited,1,,Small Business,Female,2,3
200921,0,28,Company Invited,1,6,Small Business,Male,2,3
200922,0,44,Self Enquiry,1,10,Salaried,Male,3,1
200923,0,34,Company Invited,2,,Salaried,Male,2,4
200924,0,,Self Enquiry,1,12,Salaried,Male,3,3
200925,0,42,Self Enquiry,1,13,Small Business,Female,3,1
200926,0,43,Self Enquiry,3,10,Small Business,Fe Male,2,4
200927,0,36,Self Enquiry,1,8,Salaried,Female,2,3
200928,1,44,Self Enquiry,1,21,Small Business,Female,3,3
200929,0,,Company Invited,1,8,Salaried,Male,2,4
200930,0,51,Company Invited,1,12,Small Business,Female,2,4
200931,0,30,Company Invited,1,,Small Business,Female,3,3
200932,1,29,Self Enquiry,1,13,Large Business,Female,2,3
200933,0,28,Self Enquiry,1,6,Large Business,Male,2,3
200934,0,25,Self Enquiry,1,6,Small Business,Female,2,3
200935,0,32,Self Enquiry,3,14,Small Business,Male,2,1
200936,0,45,Company Invited,1,31,Small Business,Female,2,3
200937,0,39,Self Enquiry,1,19,Small Business,Female,3,4
200938,0,58,Self Enquiry,1,29,Salaried,Male,2,3
200939,1,32,Self Enquiry,1,,Salaried,Male,3,3
200940,1,,Self Enquiry,1,29,Small Business,Male,3,3
200941,0,30,Self Enquiry,1,,Large Business,Female,2,4
200942,0,36,Self Enquiry,1,16,Large Business,Female,3,3
200943,0,,Self Enquiry,2,6,Salaried,Female,2,3
200944,0,28,Company Invited,1,6,Salaried,Female,2,5
200945,0,50,Self Enquiry,1,34,Salaried,Female,2,3
200946,1,40,Self Enquiry,3,31,Small Business,Male,2,4
200947,1,52,Self Enquiry,3,11,Salaried,Male,3,3
200948,0,30,Self Enquiry,1,23,Small Business,Female,3,3
200949,0,39,Self Enquiry,1,,Salaried,Male,2,3
200950,0,31,Company Invited,3,8,Salaried,Female,2,3
200951,0,41,Company Invited,3,16,Small Business,Male,2,5
200952,1,31,Company Invited,3,6,Salaried,Female,2,3
200953,1,44,Self Enquiry,1,9,Salaried,Male,2,3
200954,0,42,Company Invited,1,8,Salaried,Male,2,3
200955,0,55,Self Enquiry,1,8,Small Business,Female,2,5
200956,0,56,Self Enquiry,2,14,Salaried,Male,2,3
200957,0,,Company Invited,1,22,Salaried,Male,3,3
200958,0,34,Self Enquiry,1,15,Salaried,Male,2,3
200959,0,40,Self Enquiry,1,,Salaried,Male,3,3
200960,0,,Company Invited,3,6,Small Business,Female,3,3
200961,0,35,Company Invited,1,,Salaried,Male,2,3
200962,0,51,Self Enquiry,2,11,Salaried,Male,2,3
200963,0,38,Self Enquiry,3,8,Salaried,Female,2,3
200964,0,34,Self Enquiry,3,21,Small Business,Female,3,3
200965,0,,Self Enquiry,1,25,Small Business,Male,3,3
200966,1,58,Self Enquiry,1,13,Small Business,Female,2,4
200967,0,40,Self Enquiry,1,6,Salaried,Male,2,3
200968,0,36,Company Invited,3,,Small Business,Female,2,1
200969,0,48,Self Enquiry,1,10,Salaried,Male,2,3
200970,0,27,Self Enquiry,3,17,Small Business,Female,3,1
200971,0,51,Self Enquiry,1,17,Large Business,Fe Male,2,4
200972,0,18,Company Invited,1,6,Salaried,Female,3,3
200973,0,35,Self Enquiry,1,6,Small Business,Female,2,4
200974,0,27,Company Invited,3,8,Salaried,Male,2,5
200975,1,55,Self Enquiry,3,19,Small Business,Male,2,1
200976,0,56,Self Enquiry,1,29,Salaried,Male,3,3
200977,0,34,Company Invited,1,32,Large Business,Female,3,4
200978,0,40,Self Enquiry,1,8,Small Business,Female,2,1
200979,0,34,Self Enquiry,1,35,Small Business,Male,2,3
200980,1,31,Company Invited,3,8,Salaried,Female,2,4
200981,1,35,Company Invited,3,,Small Business,Female,3,3
200982,0,38,Company Invited,1,13,Salaried,Male,2,1
200983,0,34,Self Enquiry,1,8,Large Business,Female,3,3
200984,0,28,Self Enquiry,3,,Salaried,Male,2,4
200985,1,31,Self Enquiry,1,28,Small Business,Male,3,3
200986,0,39,Self Enquiry,3,27,Salaried,Male,2,4
200987,0,51,Company Invited,3,8,Small Business,Male,2,3
200988,0,41,Company Invited,1,28,Salaried,Female,3,3
200989,0,37,Self Enquiry,1,10,Salaried,Male,2,3
200990,0,33,Company Invited,3,11,Salaried,Male,3,3
200991,0,,Self Enquiry,3,8,Small Business,Male,2,3
200992,0,39,Company Invited,1,31,Salaried,Male,3,3
200993,0,25,Self Enquiry,3,24,Salaried,Male,3,1
200994,0,52,Company Invited,1,34,Small Business,Female,2,1
200995,0,,Self Enquiry,1,12,Small Business,Female,3,4
200996,0,27,Self Enquiry,3,16,Small Business,Female,3,4
200997,1,27,Self Enquiry,1,23,Salaried,Female,2,3
200998,0,,Self Enquiry,1,8,Small Business,Male,2,4
200999,0,42,Self Enquiry,2,16,Salaried,Female,2,3
201000,0,52,Self Enquiry,1,14,Salaried,Female,2,3
201001,0,,Self Enquiry,1,17,Small Business,Female,3,3
201002,0,35,Company Invited,1,24,Salaried,Male,2,3
201003,0,25,Self Enquiry,1,6,Large Business,Male,2,3
201004,0,,Self Enquiry,1,13,Salaried,Male,3,1
201005,0,29,Self Enquiry,2,23,Salaried,Male,2,4
201006,1,49,Company Invited,1,,Salaried,Male,3,4
201007,1,29,Company Invited,1,20,Salaried,Female,2,3
201008,0,54,Self Enquiry,1,6,Small Business,Female,2,3
201009,0,58,Self Enquiry,1,6,Small Business,Female,3,3
201010,0,55,Self Enquiry,1,6,Small Business,Male,2,1
201011,0,36,Self Enquiry,3,9,Small Business,Fe Male,2,3
201012,1,31,Company Invited,3,6,Salaried,Female,2,5
201013,0,30,Self Enquiry,3,,Small Business,Female,3,3
201014,0,31,Self Enquiry,1,14,Salaried,Female,3,3
201015,0,34,Company Invited,1,6,Salaried,Male,3,3
201016,1,31,Self Enquiry,1,14,Salaried,Female,2,4
201017,0,27,Self Enquiry,1,17,Salaried,Male,3,3
201018,0,36,Self Enquiry,1,10,Salaried,Male,2,4
201019,0,36,Self Enquiry,3,22,Small Business,Female,3,4
201020,0,,Self Enquiry,1,6,Large Business,Male,3,3
201021,1,25,,3,,Salaried,Male,3,4
201022,0,,Company Invited,1,11,Large Business,Male,2,1
201023,0,56,Self Enquiry,1,6,Salaried,Female,2,3
201024,0,47,Self Enquiry,1,8,Small Business,Female,2,3
201025,0,,Self Enquiry,3,10,Small Business,Female,2,3
201026,0,32,Self Enquiry,3,13,Small Business,Male,3,3
201027,0,34,Self Enquiry,1,6,Salaried,Female,2,4
201028,0,41,Self Enquiry,1,11,Small Business,Male,2,1
201029,0,,Company Invited,1,15,Salaried,Male,2,3
201030,0,31,Self Enquiry,3,14,Salaried,Male,2,3
201031,1,46,Self Enquiry,3,15,Small Business,Male,2,3
201032,1,,Company Invited,1,8,Salaried,Female,2,4
201033,1,31,Company Invited,1,6,Salaried,Female,3,1
201034,0,45,Self Enquiry,1,26,Small Business,Male,3,5
201035,0,31,Self Enquiry,2,14,Small Business,Female,3,1
201036,1,,Company Invited,1,8,Salaried,Male,3,3
201037,0,45,Self Enquiry,1,35,Large Business,Male,2,3
201038,0,48,Self Enquiry,3,13,Small Business,Male,3,3
201039,1,34,Self Enquiry,2,15,Large Business,Female,2,3
201040,0,40,Company Invited,1,14,Small Business,Male,2,4
201041,0,28,Self Enquiry,3,11,Small Business,Male,2,3
201042,0,44,Company Invited,1,11,Salaried,Male,2,4
201043,0,53,Self Enquiry,1,8,Small Business,Male,2,1
201044,0,49,Self Enquiry,1,11,Large Business,Male,3,3
201045,0,40,Self Enquiry,1,8,Small Business,Male,3,3
201046,0,,Self Enquiry,1,26,Salaried,Male,2,3
201047,0,33,,3,,Small Business,Male,2,3
201048,0,34,Self Enquiry,3,,Salaried,Male,2,5
201049,0,30,Self Enquiry,3,22,Salaried,Male,3,3
201050,0,,Company Invited,1,15,Small Business,Female,3,3
201051,0,44,Company Invited,3,,Small Business,Female,3,3
201052,0,30,Company Invited,1,13,Large Business,Male,3,3
201053,0,57,Self Enquiry,1,6,Salaried,Male,3,1
201054,0,49,Self Enquiry,1,13,Salaried,Male,2,3
201055,0,34,Company Invited,1,21,Small Business,Male,3,3
201056,1,28,Company Invited,3,6,Large Business,Male,3,3
201057,1,29,Company Invited,3,19,Large Business,Female,2,3
201058,1,34,Self Enquiry,3,,Small Business,Female,2,4
201059,0,35,Self Enquiry,3,13,Salaried,Male,3,3
201060,1,24,Company Invited,1,15,Small Business,Male,2,3
201061,0,24,Company Invited,3,19,Salaried,Female,3,3
201062,0,44,Company Invited,1,8,Small Business,Male,2,3
201063,0,29,Self Enquiry,3,25,Salaried,Male,3,4
201064,0,30,Self Enquiry,2,6,Salaried,Male,2,3
201065,0,,Self Enquiry,1,10,Salaried,Male,1,3
201066,0,,Self Enquiry,1,10,Small Business,Female,2,4
201067,0,47,Self Enquiry,3,,Small Business,Female,3,3
201068,1,28,Company Invited,1,8,Small Business,Male,2,4
201069,0,28,Self Enquiry,1,6,Salaried,Male,3,4
201070,0,28,Company Invited,3,,Salaried,Male,2,3
201071,0,49,Self Enquiry,1,,Small Business,Female,2,4
201072,0,29,Company Invited,1,8,Salaried,Female,3,3
201073,0,28,Self Enquiry,1,35,Salaried,Male,3,5
201074,0,33,Self Enquiry,1,14,Salaried,Male,3,3
201075,0,32,Self Enquiry,1,16,Small Business,Male,1,3
201076,0,54,Company Invited,1,17,Small Business,Female,2,3
201077,1,29,Self Enquiry,1,6,Large Business,Male,3,4
201078,0,44,Self Enquiry,1,34,Salaried,Male,2,3
201079,0,39,Self Enquiry,1,12,Salaried,Female,2,3
201080,0,46,Self Enquiry,3,9,Salaried,Female,2,3
201081,0,35,Self Enquiry,1,22,Salaried,Fe Male,3,4
201082,0,23,Self Enquiry,1,26,Salaried,Male,3,3
201083,1,40,Self Enquiry,1,15,Salaried,Male,2,3
201084,0,34,Self Enquiry,3,6,Large Business,Male,3,4
201085,1,,Company Invited,1,9,Salaried,Female,2,3
201086,0,50,Company Invited,1,28,Small Business,Male,2,5
201087,0,34,Self Enquiry,3,13,Large Business,Male,2,3
201088,0,42,Self Enquiry,1,,Small Business,Male,3,4
201089,0,37,Self Enquiry,1,,Small Business,Male,2,3
201090,0,29,Self Enquiry,1,14,Salaried,Female,2,5
201091,0,33,Self Enquiry,1,,Salaried,Male,2,4
201092,0,45,Self Enquiry,1,34,Large Business,Male,3,3
201093,0,42,Company Invited,1,8,Salaried,Male,2,3
201094,0,40,Self Enquiry,3,15,Small Business,Male,2,3
201095,0,33,Self Enquiry,1,34,Salaried,Male,3,3
201096,0,40,Self Enquiry,2,12,Small Business,Male,2,3
201097,0,24,Self Enquiry,1,27,Large Business,Male,2,4
201098,0,,Company Invited,1,14,Salaried,Male,3,3
201099,0,45,Self Enquiry,1,6,Large Business,Male,3,3
201100,0,35,Self Enquiry,3,34,Salaried,Female,3,4
201101,0,32,Self Enquiry,1,11,Salaried,Female,3,4
201102,0,36,Self Enquiry,3,8,Salaried,Male,3,3
201103,0,48,Self Enquiry,3,22,Salaried,Female,3,3
201104,0,29,Self Enquiry,1,15,Salaried,Male,3,1
201105,0,33,Self Enquiry,3,14,Salaried,Male,2,3
201106,1,30,Self Enquiry,3,6,Salaried,Male,3,4
201107,0,38,Company Invited,2,16,Salaried,Male,3,3
201108,0,35,Self Enquiry,1,6,Small Business,Male,3,4
201109,0,30,Self Enquiry,3,35,Large Business,Male,2,3
201110,1,35,Self Enquiry,1,8,Salaried,Female,3,3
201111,1,53,Self Enquiry,1,8,Large Business,Female,3,4
201112,1,38,Self Enquiry,1,,Small Business,Male,2,3
201113,0,,Company Invited,1,6,Large Business,Male,3,3
201114,0,48,Self Enquiry,1,21,Salaried,Female,3,3
201115,0,34,Self Enquiry,1,13,Small Business,Male,2,3
201116,0,55,Self Enquiry,3,32,Small Business,Male,2,4
201117,0,34,Self Enquiry,1,6,Salaried,Male,2,3
201118,0,26,Self Enquiry,1,9,Salaried,Female,2,3
201119,0,38,Self Enquiry,3,20,Salaried,Male,3,3
201120,0,,Self Enquiry,3,22,Salaried,Female,2,3
201121,0,36,Self Enquiry,3,6,Salaried,Female,3,3
201122,0,29,Self Enquiry,1,,Small Business,Male,2,3
201123,0,35,Self Enquiry,1,16,Small Business,Female,2,3
201124,0,39,Self Enquiry,3,12,Small Business,Male,2,1
201125,0,29,Company Invited,1,8,Salaried,Male,2,3
201126,0,50,Self Enquiry,3,5,Small Business,Male,2,3
201127,0,23,Self Enquiry,1,16,Large Business,Male,2,1
201128,0,36,Company Invited,1,12,Salaried,Male,3,1
201129,0,42,Self Enquiry,1,15,Salaried,Male,3,4
201130,0,,Self Enquiry,1,34,Salaried,Male,2,1
201131,0,34,Company Invited,1,16,Large Business,Male,3,4
201132,0,40,Self Enquiry,3,,Salaried,Female,2,3
201133,0,43,Self Enquiry,1,,Large Business,Male,2,1
201134,0,35,Self Enquiry,1,13,Salaried,Male,3,4
201135,0,46,Self Enquiry,3,6,Salaried,Male,2,1
201136,1,28,Self Enquiry,1,30,Small Business,Male,2,3
201137,0,22,Company Invited,1,32,Salaried,Female,2,4
201138,0,50,Company Invited,1,26,Small Business,Male,2,3
201139,0,32,Self Enquiry,1,11,Salaried,Female,2,1
201140,0,44,Self Enquiry,1,13,Small Business,Female,2,3
201141,0,30,Self Enquiry,1,13,Small Business,Male,2,4
201142,0,45,Self Enquiry,1,11,Small Business,Female,2,5
201143,0,45,,3,,Small Business,Male,2,4
201144,0,31,Company Invited,3,8,Salaried,Male,2,3
201145,0,36,Self Enquiry,1,,Salaried,Female,3,3
201146,0,34,Company Invited,1,,Salaried,Male,2,1
201147,0,49,Self Enquiry,1,31,Salaried,Female,2,3
201148,0,39,Self Enquiry,1,16,Small Business,Male,3,3
201149,0,,Self Enquiry,1,25,Salaried,Male,3,4
201150,0,35,Self Enquiry,1,24,Salaried,Male,2,1
201151,0,28,Self Enquiry,1,33,Small Business,Female,2,5
201152,0,21,Self Enquiry,1,11,Small Business,Male,3,3
201153,1,18,Company Invited,3,9,Small Business,Female,3,3
201154,0,47,Self Enquiry,2,32,Salaried,Female,3,3
201155,0,39,Self Enquiry,1,9,Small Business,Male,3,4
201156,0,40,Self Enquiry,1,21,Salaried,Female,3,4
201157,0,,Company Invited,1,14,Salaried,Female,2,3
201158,0,37,Self Enquiry,1,25,Salaried,Male,2,3
201159,0,39,Company Invited,1,10,Small Business,Female,2,
201160,0,45,Self Enquiry,1,8,Salaried,Female,2,4
201161,0,38,Self Enquiry,1,8,Small Business,Female,2,4
201162,1,35,Self Enquiry,3,16,Small Business,Male,2,4
201163,0,,Self Enquiry,1,16,Small Business,Female,3,3
201164,0,40,Self Enquiry,1,22,Salaried,Female,2,3
201165,0,44,Company Invited,2,6,Salaried,Male,2,3
201166,0,48,Company Invited,1,10,Small Business,Male,2,4
201167,1,35,Self Enquiry,3,21,Small Business,Male,2,5
201168,0,,Company Invited,1,8,Large Business,Female,2,3
201169,0,,Self Enquiry,1,14,Small Business,Female,2,1
201170,0,27,Company Invited,1,8,Small Business,Male,2,3
201171,1,40,Self Enquiry,1,13,Salaried,Male,3,3
201172,0,29,Self Enquiry,3,16,Small Business,Male,2,4
201173,0,36,Self Enquiry,1,11,Salaried,Female,2,3
201174,0,25,Company Invited,1,8,Salaried,Male,3,1
201175,0,39,Self Enquiry,1,18,Small Business,Male,3,3
201176,0,49,Self Enquiry,1,28,Salaried,Female,3,3
201177,0,50,Self Enquiry,1,23,Salaried,Female,2,4
201178,0,20,Self Enquiry,3,8,Small Business,Female,2,3
201179,0,34,Self Enquiry,1,9,Salaried,Female,3,3
201180,0,36,Self Enquiry,1,13,Salaried,Male,3,3
201181,0,49,Self Enquiry,1,12,Salaried,Female,2,4
201182,0,36,,1,,Small Business,Female,2,4
201183,0,36,Self Enquiry,1,9,Salaried,Male,3,1
201184,0,54,Self Enquiry,1,28,Small Business,Female,3,3
201185,0,43,Self Enquiry,1,21,Salaried,Male,3,4
201186,1,35,Company Invited,3,,Salaried,Male,2,3
201187,0,38,Company Invited,1,,Salaried,Male,2,3
201188,0,,Self Enquiry,3,11,Small Business,Male,2,4
201189,0,33,Self Enquiry,3,8,Small Business,Male,3,3
201190,0,32,Self Enquiry,1,8,Small Business,Male,2,3
201191,0,31,Self Enquiry,3,11,Salaried,Female,3,3
201192,0,49,Self Enquiry,1,22,Small Business,Female,3,3
201193,0,38,Company Invited,1,8,Small Business,Female,2,4
201194,0,47,Self Enquiry,3,8,Salaried,Female,2,1
201195,0,49,Self Enquiry,1,6,Salaried,Male,2,3
201196,0,41,Self Enquiry,3,29,Salaried,Male,3,3
201197,0,20,Self Enquiry,3,15,Salaried,Male,2,3
201198,0,33,Company Invited,3,22,Salaried,Female,2,3
201199,0,36,Self Enquiry,1,32,Salaried,Male,3,3
201200,0,44,Self Enquiry,2,6,Salaried,Female,2,3
201201,1,,Self Enquiry,1,14,Small Business,Male,3,4
201202,0,38,Self Enquiry,1,10,Small Business,Female,2,3
201203,0,53,Self Enquiry,1,30,Small Business,Male,2,1
201204,1,48,Company Invited,3,13,Small Business,Female,3,3
201205,1,32,Self Enquiry,1,8,Salaried,Male,3,3
201206,0,26,Company Invited,1,13,Small Business,Male,3,3
201207,0,,Self Enquiry,1,28,Large Business,Male,3,4
201208,0,,Self Enquiry,1,11,Small Business,Male,2,4
201209,0,60,Self Enquiry,1,6,Small Business,Male,3,5
201210,0,33,Self Enquiry,1,27,Small Business,Male,3,1
201211,0,37,Company Invited,3,6,Small Business,Male,2,5
201212,0,34,Self Enquiry,1,25,Salaried,Female,2,4
201213,1,23,Self Enquiry,3,13,Salaried,Male,2,3
201214,0,44,Self Enquiry,1,8,Salaried,Female,3,1
201215,0,35,Company Invited,1,8,Small Business,Male,3,
201216,0,43,Self Enquiry,3,8,Small Business,Male,3,3
201217,0,24,,1,,Small Business,Male,3,1
201218,0,41,Self Enquiry,3,12,Small Business,Male,2,3
201219,0,29,Self Enquiry,1,15,Small Business,Female,2,3
201220,0,36,Self Enquiry,3,,Salaried,Female,2,3
201221,0,45,Company Invited,1,6,Salaried,Male,3,4
201222,1,24,Self Enquiry,2,28,Salaried,Male,2,5
201223,1,47,Company Invited,3,15,Salaried,Male,2,5
201224,0,26,Self Enquiry,1,23,Small Business,Male,3,5
201225,0,45,Self Enquiry,1,34,Large Business,Female,2,4
201226,0,,Company Invited,1,16,Salaried,Male,2,3
201227,0,,Self Enquiry,1,8,Salaried,Male,3,3
201228,0,41,Company Invited,2,10,Salaried,Male,2,5
201229,0,40,Self Enquiry,1,14,Salaried,Female,3,3
201230,0,,Self Enquiry,1,35,Small Business,Male,3,3
201231,0,46,Self Enquiry,1,19,Salaried,Male,2,3
201232,0,35,Self Enquiry,1,33,Salaried,Male,2,3
201233,0,30,Self Enquiry,1,22,Salaried,Male,2,3
201234,0,47,Company Invited,3,8,Small Business,Male,2,
201235,0,46,Self Enquiry,3,8,Salaried,Male,3,3
201236,1,36,Self Enquiry,3,19,Small Business,Male,3,4
201237,1,32,Self Enquiry,3,6,Salaried,Male,2,5
201238,0,23,Self Enquiry,1,10,Small Business,Female,2,3
201239,0,31,Company Invited,1,30,Large Business,Female,1,3
201240,0,39,Company Invited,1,6,Salaried,Male,3,3
201241,0,32,Self Enquiry,3,25,Salaried,Male,3,5
201242,0,40,Self Enquiry,3,13,Small Business,Male,2,3
201243,0,45,Self Enquiry,2,10,Salaried,Female,2,5
201244,0,30,Company Invited,1,8,Large Business,Female,3,
201245,0,24,Company Invited,2,16,Small Business,Male,2,3
201246,1,30,Company Invited,2,14,Salaried,Female,3,4
201247,0,31,Self Enquiry,3,11,Large Business,Male,2,3
201248,0,,Self Enquiry,1,14,Small Business,Female,3,3
201249,1,29,Self Enquiry,3,15,Small Business,Female,2,5
201250,0,29,Company Invited,1,6,Salaried,Male,3,1
201251,0,30,Self Enquiry,3,21,Small Business,Male,3,4
201252,0,34,Self Enquiry,1,8,Small Business,Male,3,1
201253,0,33,Company Invited,3,8,Small Business,Female,3,3
201254,0,49,Self Enquiry,3,,Small Business,Female,3,3
201255,1,33,Self Enquiry,3,22,Salaried,Fe Male,3,3
201256,0,38,Company Invited,1,8,Small Business,Female,3,4
201257,1,31,Self Enquiry,3,22,Small Business,Male,3,3
201258,0,29,Self Enquiry,1,10,Large Business,Female,3,4
201259,0,30,Self Enquiry,1,22,Salaried,Male,2,1
201260,0,32,Company Invited,1,11,Large Business,Male,3,3
201261,0,38,Self Enquiry,1,24,Small Business,Male,2,5
201262,1,43,Company Invited,1,23,Large Business,Male,2,4
201263,0,42,Self Enquiry,1,18,Small Business,Male,2,3
201264,0,55,Self Enquiry,1,8,Small Business,Male,2,4
201265,0,33,Company Invited,1,10,Large Business,Male,2,3
201266,0,41,Self Enquiry,1,15,Salaried,Male,3,3
201267,0,,Company Invited,3,16,Salaried,Male,2,3
201268,0,53,Company Invited,1,6,Small Business,Female,2,4
201269,0,,Self Enquiry,2,8,Salaried,Male,3,3
201270,0,34,Self Enquiry,3,9,Salaried,Female,2,5
201271,1,21,Self Enquiry,3,13,Small Business,Male,2,3
201272,0,,Self Enquiry,1,12,Salaried,Female,2,4
201273,1,22,Self Enquiry,1,14,Small Business,Female,3,3
201274,0,31,Self Enquiry,3,35,Small Business,Female,3,4
201275,0,51,Self Enquiry,1,9,Large Business,Female,2,3
201276,0,,Self Enquiry,3,15,Small Business,Male,2,4
201277,0,46,Self Enquiry,1,8,Small Business,Male,2,3
201278,0,36,Self Enquiry,1,16,Salaried,Male,2,3
201279,1,44,Company Invited,1,6,Small Business,Male,2,3
201280,0,,Self Enquiry,2,14,Salaried,Male,2,3
201281,1,35,Self Enquiry,3,33,Salaried,Male,2,3
201282,0,33,Self Enquiry,1,14,Salaried,Male,2,1
201283,0,28,Self Enquiry,1,6,Salaried,Male,2,3
201284,0,39,Self Enquiry,1,16,Small Business,Male,3,3
201285,0,46,Company Invited,3,32,Salaried,Male,3,4
201286,0,,Self Enquiry,1,8,Salaried,Female,2,3
201287,0,42,Self Enquiry,1,19,Small Business,Male,3,1
201288,0,35,Company Invited,1,8,Small Business,Male,2,3
201289,0,38,Company Invited,2,8,Salaried,Male,3,3
201290,1,34,Company Invited,1,15,Salaried,Male,3,3
201291,1,,Self Enquiry,1,16,Small Business,Male,2,3
201292,0,,Company Invited,3,26,Salaried,Male,2,3
201293,0,43,Company Invited,1,15,Salaried,Male,2,3
201294,0,41,Self Enquiry,1,11,Salaried,Male,2,1
201295,0,41,Self Enquiry,3,10,Small Business,Female,2,3
201296,0,30,Self Enquiry,1,16,Small Business,Fe Male,3,3
201297,1,26,Self Enquiry,2,26,Small Business,Female,3,3
201298,1,46,Self Enquiry,1,27,Small Business,Female,3,3
201299,0,40,Self Enquiry,1,6,Salaried,Female,2,3
201300,0,34,Self Enquiry,3,14,Large Business,Male,3,1
201301,0,58,Company Invited,3,8,Small Business,Male,2,3
201302,0,35,Self Enquiry,1,29,Small Business,Male,3,5
201303,0,47,Self Enquiry,1,10,Salaried,Female,3,4
201304,0,40,Self Enquiry,1,,Salaried,Female,2,3
201305,0,54,Self Enquiry,1,13,Small Business,Female,3,3
201306,0,31,Company Invited,3,13,Small Business,Female,3,3
201307,0,,Self Enquiry,1,6,Small Business,Female,3,3
201308,0,38,Self Enquiry,3,8,Small Business,Female,3,5
201309,0,26,Self Enquiry,3,,Small Business,Male,2,3
201310,0,58,Company Invited,1,21,Salaried,Male,2,3
201311,0,18,Company Invited,1,20,Small Business,Female,2,3
201312,1,31,Self Enquiry,2,24,Salaried,Male,2,1
201313,1,29,Self Enquiry,2,19,Salaried,Male,2,4
201314,0,45,Company Invited,3,8,Salaried,Female,3,3
201315,0,36,Self Enquiry,1,8,Salaried,Female,3,3
201316,0,43,Company Invited,3,8,Salaried,Male,3,3
201317,0,27,Company Invited,1,11,Salaried,Female,2,3
201318,0,,Company Invited,1,26,Small Business,Male,2,3
201319,0,32,Company Invited,3,,Small Business,Male,3,3
201320,0,42,Company Invited,1,16,Large Business,Male,2,3
201321,0,47,Self Enquiry,1,15,Salaried,Female,3,3
201322,0,46,Self Enquiry,1,8,Salaried,Male,2,3
201323,0,28,Company Invited,2,6,Salaried,Male,2,3
201324,0,29,Self Enquiry,1,35,Salaried,Male,3,5
201325,0,,Self Enquiry,1,14,Salaried,Male,2,3
201326,1,32,Self Enquiry,3,8,Small Business,Male,2,4
201327,0,46,Self Enquiry,3,9,Large Business,Female,2,1
201328,0,,Self Enquiry,3,29,Small Business,Female,2,4
201329,0,29,Self Enquiry,2,12,Small Business,Male,2,4
201330,0,43,Self Enquiry,1,12,Small Business,Female,2,4
201331,0,48,Self Enquiry,1,16,Salaried,Male,3,4
201332,1,29,Company Invited,1,30,Salaried,Male,3,4
201333,1,46,Self Enquiry,3,16,Salaried,Female,3,3
201334,0,27,Company Invited,1,,Salaried,Female,3,4
201335,0,,Self Enquiry,1,25,Salaried,Male,2,3
201336,0,55,Self Enquiry,1,8,Large Business,Male,3,4
201337,0,28,Self Enquiry,3,9,Small Business,Female,3,3
201338,1,30,Self Enquiry,3,15,Small Business,Male,2,3
201339,1,22,Self Enquiry,1,13,Salaried,Male,3,3
201340,0,36,Self Enquiry,3,16,Large Business,Female,3,4
201341,0,,Self Enquiry,1,26,Salaried,Male,2,3
201342,0,34,Self Enquiry,3,10,Salaried,Male,3,3
201343,0,29,Self Enquiry,1,13,Salaried,Male,2,3
201344,0,37,Self Enquiry,1,,Small Business,Male,3,3
201345,0,35,Self Enquiry,1,,Salaried,Female,2,4
201346,0,45,Self Enquiry,1,31,Salaried,Female,3,4
201347,0,,Company Invited,2,8,Salaried,Male,3,4
201348,0,40,Self Enquiry,1,6,Salaried,Male,3,3
201349,0,26,Self Enquiry,1,6,Salaried,Female,2,4
201350,0,27,Self Enquiry,3,8,Small Business,Female,2,1
201351,0,48,Company Invited,1,28,Small Business,Female,2,3
201352,0,44,Self Enquiry,1,6,Salaried,Male,3,
201353,1,34,Company Invited,1,22,Large Business,Male,2,5
201354,1,56,Self Enquiry,1,30,Salaried,Male,3,3
201355,0,36,Self Enquiry,3,23,Small Business,Male,2,4
201356,0,41,,3,,Small Business,Female,2,3
201357,0,42,Self Enquiry,1,12,Small Business,Male,2,3
201358,0,31,Self Enquiry,3,16,Small Business,Female,2,3
201359,0,34,Self Enquiry,3,9,Small Business,Female,3,4
201360,0,,Self Enquiry,1,10,Small Business,Female,3,1
201361,0,26,Company Invited,1,12,Salaried,Male,3,1
201362,0,45,Company Invited,1,6,Small Business,Male,2,3
201363,0,33,Self Enquiry,3,16,Small Business,Male,2,3
201364,0,28,Company Invited,3,6,Salaried,Male,2,4
201365,1,29,Company Invited,3,30,Large Business,Male,2,1
201366,0,39,Company Invited,3,27,Salaried,Female,2,5
201367,0,27,Self Enquiry,1,8,Large Business,Male,2,3
201368,0,34,Company Invited,1,28,Salaried,Male,2,4
201369,1,28,Self Enquiry,3,19,Small Business,Fe Male,2,3
201370,0,47,Company Invited,1,20,Large Business,Male,3,3
201371,0,56,Self Enquiry,3,17,Small Business,Female,2,4
201372,0,39,Self Enquiry,1,15,Small Business,Male,2,3
201373,0,38,Company Invited,1,14,Small Business,Female,2,4
201374,0,58,Self Enquiry,3,27,Salaried,Female,3,3
201375,1,32,Company Invited,1,11,Salaried,Female,2,1
201376,0,38,Self Enquiry,1,,Salaried,Male,3,3
201377,0,49,Company Invited,1,8,Salaried,Male,2,3
201378,0,42,Self Enquiry,3,18,Small Business,Male,3,3
201379,1,27,Company Invited,2,28,Salaried,Female,2,4
201380,0,35,Self Enquiry,3,24,Small Business,Male,3,3
201381,0,28,Company Invited,1,22,Small Business,Male,2,3
201382,0,31,Company Invited,1,9,Small Business,Male,2,3
201383,0,36,Company Invited,1,15,Salaried,Male,3,1
201384,0,34,Self Enquiry,3,6,Small Business,Male,2,3
201385,0,34,Self Enquiry,3,19,Small Business,Male,2,3
201386,0,26,Self Enquiry,1,6,Small Business,Male,3,3
201387,0,29,Self Enquiry,1,6,Salaried,Male,2,3
201388,0,32,Company Invited,1,21,Small Business,Female,2,3
201389,0,31,Company Invited,1,6,Salaried,Male,2,
201390,1,28,Self Enquiry,1,23,Large Business,Male,2,4
201391,0,38,Self Enquiry,3,6,Salaried,Male,2,4
201392,0,35,Self Enquiry,3,13,Salaried,Female,2,3
201393,0,,Self Enquiry,3,15,Small Business,Male,2,3
201394,0,32,Self Enquiry,1,11,Salaried,Male,2,4
201395,1,31,Company Invited,3,32,Small Business,Male,3,3
201396,1,53,Self Enquiry,3,30,Salaried,Male,3,3
201397,0,54,Self Enquiry,1,15,Salaried,Female,3,3
201398,0,33,Company Invited,1,13,Salaried,Male,2,3
201399,0,43,Self Enquiry,1,17,Salaried,Male,1,3
201400,0,38,Company Invited,2,6,Salaried,Male,2,3
201401,0,55,Self Enquiry,2,32,Salaried,Male,3,1
201402,0,31,Self Enquiry,1,8,Small Business,Female,2,5
201403,0,39,Self Enquiry,3,21,Small Business,Male,3,3
201404,0,42,Company Invited,1,,Salaried,Male,2,4
201405,0,31,Company Invited,1,16,Small Business,Female,2,3
201406,0,54,Self Enquiry,1,,Small Business,Female,3,3
201407,0,24,Self Enquiry,1,,Salaried,Male,2,4
201408,0,23,Self Enquiry,1,18,Salaried,Male,3,3
201409,0,40,Company Invited,1,17,Large Business,Female,3,3
201410,0,40,Self Enquiry,3,8,Small Business,Female,3,3
201411,0,25,Self Enquiry,2,8,Salaried,Female,2,3
201412,0,,Self Enquiry,1,6,Small Business,Male,3,3
201413,0,,Self Enquiry,1,8,Salaried,Male,2,3
201414,0,47,Self Enquiry,1,31,Small Business,Male,2,3
201415,0,33,Company Invited,1,6,Small Business,Male,2,4
201416,0,38,Self Enquiry,3,,Salaried,Male,2,3
201417,0,31,Self Enquiry,3,8,Salaried,Male,2,3
201418,0,38,Company Invited,1,12,Salaried,Male,3,4
201419,0,42,Self Enquiry,1,24,Salaried,Male,2,3
201420,0,41,Self Enquiry,1,6,Salaried,Male,3,3
201421,0,47,Company Invited,1,6,Small Business,Female,3,3
201422,0,35,Self Enquiry,1,17,Small Business,Male,2,3
201423,0,,Self Enquiry,1,6,Salaried,Male,3,3
201424,0,35,Self Enquiry,1,15,Small Business,Male,2,3
201425,0,33,Self Enquiry,1,,Small Business,Female,3,3
201426,0,32,Self Enquiry,1,35,Salaried,Female,2,4
201427,0,40,Self Enquiry,1,6,Salaried,Male,2,3
201428,0,32,Self Enquiry,3,6,Small Business,Male,3,4
201429,0,,Self Enquiry,1,30,Salaried,Male,2,3
201430,0,38,Self Enquiry,1,16,Small Business,Female,2,5
201431,0,32,Self Enquiry,3,6,Small Business,Female,2,3
201432,0,37,Self Enquiry,1,16,Salaried,Female,2,1
201433,0,25,Self Enquiry,3,14,Salaried,Female,2,3
201434,0,,Company Invited,3,126,Salaried,Male,2,3
201435,0,44,Self Enquiry,1,6,Small Business,Male,2,3
201436,0,21,Self Enquiry,3,11,Small Business,Male,2,3
201437,0,39,Company Invited,1,15,Salaried,Male,2,3
201438,1,23,Company Invited,3,15,Small Business,Male,2,3
201439,0,36,Self Enquiry,3,9,Small Business,Female,3,4
201440,0,36,Company Invited,1,10,Salaried,Female,3,3
201441,0,56,Company Invited,1,6,Salaried,Male,2,3
201442,1,29,Self Enquiry,1,,Small Business,Male,2,3
201443,0,42,Self Enquiry,1,8,Salaried,Male,2,3
201444,1,56,Self Enquiry,1,13,Large Business,Male,3,3
201445,0,41,Self Enquiry,1,34,Salaried,Female,2,4
201446,0,34,Self Enquiry,3,34,Small Business,Female,3,4
201447,0,36,Company Invited,3,21,Small Business,Male,2,5
201448,0,41,Self Enquiry,3,9,Salaried,Male,2,4
201449,0,32,Self Enquiry,1,8,Large Business,Male,3,3
201450,0,35,Self Enquiry,2,32,Salaried,Fe Male,2,3
201451,0,38,Self Enquiry,3,16,Salaried,Female,3,3
201452,1,50,Company Invited,3,6,Salaried,Male,3,3
201453,0,36,Self Enquiry,3,17,Small Business,Female,3,4
201454,0,45,Self Enquiry,3,,Salaried,Female,2,3
201455,0,40,Self Enquiry,1,8,Salaried,Male,2,4
201456,0,35,Company Invited,1,24,Salaried,Male,3,3
201457,0,40,Self Enquiry,1,8,Small Business,Female,3,3
201458,0,35,Self Enquiry,1,6,Salaried,Female,3,5
201459,0,,Self Enquiry,1,19,Salaried,Male,2,4
201460,0,,Self Enquiry,1,34,Small Business,Female,3,4
201461,1,50,Self Enquiry,3,34,Small Business,Male,2,4
201462,0,39,Self Enquiry,3,30,Small Business,Female,2,4
201463,0,31,Company Invited,1,11,Small Business,Male,3,3
201464,0,26,Self Enquiry,3,11,Salaried,Female,1,4
201465,0,36,Company Invited,1,29,Small Business,Male,2,1
201466,0,39,Self Enquiry,1,12,Small Business,Male,2,4
201467,0,27,Self Enquiry,1,10,Salaried,Male,2,1
201468,0,49,Company Invited,3,8,Small Business,Male,3,4
201469,0,34,,1,,Small Business,Male,2,1
201470,1,41,Self Enquiry,3,6,Salaried,Female,3,3
201471,0,49,Company Invited,1,14,Salaried,Male,3,4
201472,1,37,Self Enquiry,1,8,Salaried,Male,3,4
201473,0,33,Company Invited,1,9,Salaried,Female,2,3
201474,0,,Self Enquiry,1,8,Small Business,Male,2,3
201475,0,32,Company Invited,1,8,Salaried,Male,3,3
201476,0,59,Self Enquiry,1,9,Small Business,Female,2,1
201477,0,30,Self Enquiry,1,30,Salaried,Male,3,3
201478,0,38,Company Invited,1,29,Salaried,Male,2,4
201479,0,36,Self Enquiry,1,33,Small Business,Male,3,3
201480,0,35,Self Enquiry,1,22,Small Business,Male,2,1
201481,0,,Self Enquiry,1,21,Salaried,Female,2,4
201482,0,31,Self Enquiry,1,32,Salaried,Male,2,3
201483,0,34,Self Enquiry,1,25,Small Business,Male,3,3
201484,1,28,Self Enquiry,1,30,Salaried,Male,2,4
201485,0,29,Self Enquiry,1,27,Salaried,Female,2,1
201486,0,32,Self Enquiry,1,11,Salaried,Male,3,1
201487,0,22,Company Invited,1,22,Small Business,Male,3,1
201488,0,53,Self Enquiry,3,8,Salaried,Female,3,4
201489,0,,Self Enquiry,1,8,Salaried,Male,2,3
201490,0,,Company Invited,1,17,Salaried,Female,3,1
201491,1,,Self Enquiry,3,15,Salaried,Male,2,4
201492,0,34,Self Enquiry,1,13,Salaried,Fe Male,2,3
201493,0,21,Self Enquiry,1,21,Salaried,Male,3,3
201494,1,34,Self Enquiry,1,12,Small Business,Male,2,3
201495,0,53,Self Enquiry,1,11,Salaried,Female,2,3
201496,1,,Company Invited,1,22,Salaried,Female,3,5
201497,0,42,Self Enquiry,3,14,Small Business,Male,2,3
201498,0,44,Self Enquiry,1,13,Small Business,Female,2,4
201499,0,46,Self Enquiry,3,8,Small Business,Female,2,3
201500,0,33,Self Enquiry,1,8,Small Business,Male,3,3
201501,0,44,Self Enquiry,1,16,Salaried,Male,2,3
201502,0,30,Self Enquiry,1,15,Small Business,Male,2,4
201503,1,39,Self Enquiry,3,11,Large Business,Male,2,3
201504,1,24,Self Enquiry,1,6,Small Business,Male,3,3
201505,0,43,Self Enquiry,1,8,Small Business,Female,3,1
201506,1,50,Self Enquiry,3,9,Small Business,Male,2,4
201507,0,35,Self Enquiry,3,8,Small Business,Female,3,3
201508,0,,Self Enquiry,1,11,Salaried,Female,2,4
201509,0,33,Company Invited,3,6,Salaried,Female,2,1
201510,0,35,Self Enquiry,1,10,Salaried,Male,3,3
201511,0,27,Self Enquiry,1,8,Salaried,Female,2,3
201512,1,26,Self Enquiry,1,31,Salaried,Male,2,5
201513,0,27,Company Invited,3,14,Salaried,Male,2,3
201514,0,,Company Invited,1,6,Small Business,Female,2,3
201515,1,41,Self Enquiry,1,18,Large Business,Female,2,3
201516,0,34,Company Invited,3,,Small Business,Male,3,3
201517,0,37,Self Enquiry,1,25,Salaried,Male,3,3
201518,0,46,Company Invited,3,11,Small Business,Male,3,3
201519,0,35,Self Enquiry,1,14,Salaried,Male,2,1
201520,1,48,Self Enquiry,1,6,Salaried,Male,3,4
201521,1,,Self Enquiry,1,11,Large Business,Male,2,3
201522,0,44,Self Enquiry,3,6,Small Business,Female,3,3
201523,0,35,Company Invited,1,17,Small Business,Male,3,4
201524,0,,Self Enquiry,3,29,Small Business,Female,2,4
201525,0,33,Company Invited,1,6,Salaried,Fe Male,3,3
201526,0,35,Company Invited,3,5,Salaried,Male,3,3
201527,0,,Self Enquiry,1,29,Small Business,Female,1,3
201528,0,31,Self Enquiry,1,13,Salaried,Male,2,3
201529,0,37,Self Enquiry,1,6,Salaried,Male,2,4
201530,0,32,Self Enquiry,1,6,Small Business,Male,2,3
201531,0,38,Company Invited,1,35,Salaried,Female,2,3
201532,0,50,Self Enquiry,1,13,Small Business,Female,2,4
201533,0,59,Self Enquiry,3,31,Salaried,Female,4,3
201534,0,36,Self Enquiry,1,14,Large Business,Female,2,3
201535,0,55,Self Enquiry,1,14,Small Business,Female,2,3
201536,0,36,Company Invited,1,17,Salaried,Male,3,4
201537,0,45,Self Enquiry,1,13,Salaried,Male,2,3
201538,0,35,Company Invited,1,6,Small Business,Male,3,3
201539,1,,Self Enquiry,1,15,Small Business,Male,3,4
201540,0,59,Company Invited,3,6,Salaried,Female,2,4
201541,0,29,Self Enquiry,1,8,Salaried,Male,3,3
201542,0,31,Self Enquiry,1,6,Small Business,Male,2,3
201543,0,32,Self Enquiry,1,6,Salaried,Male,3,3
201544,0,36,Self Enquiry,1,12,Salaried,Female,2,1
201545,0,31,Self Enquiry,1,,Salaried,Female,3,3
201546,0,35,Self Enquiry,3,,Small Business,Male,2,4
201547,0,45,Self Enquiry,1,12,Salaried,Male,2,3
201548,0,37,Self Enquiry,1,13,Small Business,Male,1,3
201549,0,46,Self Enquiry,2,11,Small Business,Male,3,
201550,0,30,Self Enquiry,1,6,Salaried,Male,2,4
201551,0,35,Self Enquiry,1,6,Small Business,Male,1,4
201552,0,55,Self Enquiry,3,6,Salaried,Male,3,3
201553,0,38,Company Invited,1,12,Small Business,Female,3,5
201554,0,34,Self Enquiry,1,,Small Business,Male,3,3
201555,0,56,Self Enquiry,1,13,Salaried,Male,2,5
201556,0,23,Self Enquiry,3,8,Large Business,Male,3,3
201557,0,51,Self Enquiry,1,15,Salaried,Male,3,3
201558,0,,Self Enquiry,1,8,Salaried,Male,4,4
201559,1,46,Self Enquiry,3,15,Small Business,Male,3,4
201560,0,40,Company Invited,1,6,Salaried,Male,3,4
201561,0,51,Self Enquiry,3,27,Small Business,Male,3,3
201562,0,30,Self Enquiry,3,10,Small Business,Female,3,4
201563,0,46,Company Invited,1,6,Small Business,Male,2,4
201564,0,32,Self Enquiry,3,12,Small Business,Male,2,
201565,0,54,Self Enquiry,1,8,Large Business,Female,2,3
201566,0,24,Self Enquiry,3,9,Salaried,Female,2,
201567,0,28,Company Invited,3,10,Small Business,Male,2,3
201568,0,58,Self Enquiry,3,16,Small Business,Male,2,3
201569,0,44,Company Invited,1,29,Small Business,Male,3,3
201570,1,37,Self Enquiry,2,12,Salaried,Male,3,3
201571,0,32,Self Enquiry,1,6,Salaried,Male,3,3
201572,1,20,Company Invited,1,12,Salaried,Female,3,4
201573,0,34,Self Enquiry,1,,Salaried,Female,2,3
201574,0,37,Company Invited,1,8,Salaried,Male,3,4
201575,0,59,Company Invited,2,8,Salaried,Female,2,4
201576,0,50,Company Invited,1,6,Salaried,Female,3,3
201577,1,25,Self Enquiry,3,11,Small Business,Male,2,4
201578,0,25,Self Enquiry,1,13,Small Business,Male,3,4
201579,0,22,Self Enquiry,1,21,Small Business,Female,2,3
201580,0,51,Company Invited,1,6,Small Business,Female,1,4
201581,1,34,Company Invited,1,13,Salaried,Male,3,5
201582,0,54,Company Invited,2,32,Salaried,Female,1,1
201583,0,24,Self Enquiry,1,24,Salaried,Male,2,3
201584,0,34,Self Enquiry,1,,Salaried,Female,2,4
201585,0,37,Self Enquiry,3,9,Salaried,Male,2,3
201586,0,34,Self Enquiry,1,11,Small Business,Fe Male,2,4
201587,0,36,Company Invited,3,17,Large Business,Female,3,3
201588,0,36,Self Enquiry,1,9,Salaried,Female,2,3
201589,0,43,Company Invited,3,32,Salaried,Male,3,3
201590,0,30,Company Invited,1,29,Salaried,Male,3,5
201591,0,33,Company Invited,3,28,Small Business,Male,3,3
201592,1,56,Self Enquiry,1,20,Salaried,Female,3,
201593,0,51,Self Enquiry,1,12,Salaried,Male,2,3
201594,1,31,Self Enquiry,3,12,Salaried,Male,3,5
201595,0,26,Self Enquiry,1,12,Salaried,Female,2,4
201596,1,58,Self Enquiry,1,29,Small Business,Female,3,3
201597,1,19,Self Enquiry,3,28,Small Business,Male,2,3
201598,0,22,Self Enquiry,1,8,Large Business,Male,3,3
201599,0,49,Self Enquiry,1,26,Small Business,Female,3,3
201600,0,43,Company Invited,1,,Small Business,Female,3,1
201601,0,50,Company Invited,3,18,Small Business,Fe Male,3,3
201602,1,31,Self Enquiry,3,,Salaried,Female,3,5
201603,0,41,Self Enquiry,3,15,Salaried,Male,3,3
201604,0,26,Self Enquiry,2,31,Salaried,Female,3,3
201605,0,36,Self Enquiry,1,12,Small Business,Male,2,
201606,1,51,Company Invited,1,14,Salaried,Male,2,5
201607,0,39,Self Enquiry,3,10,Salaried,Female,2,4
201608,0,25,Self Enquiry,3,34,Salaried,Male,2,4
201609,0,30,Self Enquiry,2,15,Salaried,Male,2,3
201610,1,,Self Enquiry,1,15,Small Business,Female,2,3
201611,0,,Self Enquiry,1,35,Small Business,Male,2,3
201612,0,38,Self Enquiry,1,,Large Business,Female,2,3
201613,0,30,Self Enquiry,1,24,Salaried,Female,3,3
201614,0,32,Company Invited,3,,Small Business,Male,2,5
201615,0,30,Self Enquiry,1,11,Large Business,Female,2,3
201616,0,30,Self Enquiry,1,8,Small Business,Male,2,4
201617,0,41,Company Invited,1,16,Salaried,Male,3,4
201618,0,41,Self Enquiry,1,15,Salaried,Male,3,3
201619,0,19,Self Enquiry,1,9,Small Business,Female,3,3
201620,0,40,Company Invited,1,32,Small Business,Female,2,3
201621,0,35,Self Enquiry,3,6,Small Business,Male,3,3
201622,0,53,Self Enquiry,3,12,Small Business,Male,2,3
201623,0,45,Self Enquiry,1,15,Salaried,Male,2,3
201624,0,32,Company Invited,3,14,Small Business,Fe Male,2,3
201625,0,29,Company Invited,1,,Large Business,Male,2,3
201626,0,51,Self Enquiry,1,13,Small Business,Male,2,4
201627,0,58,Self Enquiry,1,15,Small Business,Female,3,4
201628,0,40,Self Enquiry,3,10,Small Business,Male,3,4
201629,0,34,Company Invited,3,8,Small Business,Female,3,3
201630,0,22,Self Enquiry,1,25,Small Business,Male,3,3
201631,0,27,Company Invited,1,15,Small Business,Male,2,3
201632,0,28,Self Enquiry,1,27,Small Business,Male,2,3
201633,0,57,Self Enquiry,1,30,Salaried,Male,2,1
201634,0,27,Company Invited,1,9,Small Business,Male,3,4
201635,0,50,Self Enquiry,1,17,Salaried,Female,2,3
201636,0,41,Self Enquiry,1,20,Salaried,Male,2,3
201637,0,30,Self Enquiry,3,11,Salaried,Female,2,3
201638,0,38,Self Enquiry,3,6,Salaried,Fe Male,2,4
201639,0,32,Self Enquiry,1,12,Salaried,Male,2,3
201640,0,27,Self Enquiry,1,23,Large Business,Male,2,3
201641,1,19,Company Invited,3,6,Large Business,Female,3,5
201642,0,36,Company Invited,1,9,Small Business,Male,1,3
201643,0,30,Company Invited,1,15,Small Business,Male,3,3
201644,0,45,Self Enquiry,3,10,Salaried,Female,1,
201645,0,56,Self Enquiry,1,,Salaried,Female,3,3
201646,0,33,Self Enquiry,1,8,Salaried,Male,2,3
201647,1,19,Self Enquiry,1,8,Salaried,Male,2,4
201648,0,46,Self Enquiry,3,6,Small Business,Female,3,3
201649,0,38,Self Enquiry,1,15,Salaried,Female,3,3
201650,0,,Self Enquiry,1,18,Small Business,Female,3,3
201651,0,34,Self Enquiry,1,33,Small Business,Female,3,3
201652,1,41,Self Enquiry,3,26,Small Business,Female,3,3
201653,0,,Self Enquiry,1,6,Small Business,Male,2,4
201654,0,53,Self Enquiry,1,,Small Business,Female,2,1
201655,0,33,Self Enquiry,1,20,Small Business,Female,3,3
201656,0,40,Self Enquiry,1,10,Small Business,Female,2,3
201657,0,55,Self Enquiry,1,20,Small Business,Male,3,1
201658,0,34,Company Invited,1,8,Salaried,Male,2,4
201659,0,51,Self Enquiry,1,9,Small Business,Female,3,3
201660,0,52,Self Enquiry,1,6,Salaried,Male,3,4
201661,0,27,Self Enquiry,1,15,Small Business,Female,4,3
201662,1,35,Self Enquiry,1,29,Salaried,Male,2,4
201663,0,43,Company Invited,1,13,Small Business,Male,2,1
201664,0,45,Company Invited,1,8,Small Business,Male,3,4
201665,0,,Self Enquiry,1,27,Salaried,Male,3,1
201666,0,35,Company Invited,1,,Small Business,Female,2,3
201667,0,42,Company Invited,1,27,Small Business,Female,2,3
201668,0,38,Self Enquiry,1,8,Salaried,Male,2,3
201669,0,38,Self Enquiry,1,35,Large Business,Male,2,3
201670,0,27,Company Invited,1,,Large Business,Male,2,4
201671,0,49,Company Invited,1,24,Salaried,Male,3,3
201672,0,,Company Invited,1,16,Small Business,Male,2,3
201673,0,40,Self Enquiry,1,25,Small Business,Male,1,3
201674,1,38,Self Enquiry,1,35,Small Business,Male,3,3
201675,1,29,Self Enquiry,3,33,Small Business,Female,2,3
201676,0,22,Self Enquiry,1,11,Salaried,Male,2,1
201677,0,36,Company Invited,1,24,Small Business,Female,3,3
201678,0,40,Company Invited,1,,Salaried,Male,3,4
201679,0,46,Self Enquiry,1,6,Small Business,Male,3,3
201680,1,32,Self Enquiry,3,10,Small Business,Male,2,5
201681,0,30,Company Invited,1,6,Salaried,Male,2,4
201682,0,27,Company Invited,3,26,Salaried,Fe Male,2,3
201683,0,51,Self Enquiry,1,14,Salaried,Male,2,4
201684,1,30,Self Enquiry,1,9,Large Business,Female,2,3
201685,0,41,Self Enquiry,3,12,Salaried,Female,3,3
201686,1,30,Company Invited,3,32,Small Business,Female,2,4
201687,1,29,Self Enquiry,1,6,Large Business,Male,2,3
201688,0,45,Company Invited,3,12,Small Business,Fe Male,2,4
201689,0,54,Self Enquiry,3,9,Small Business,Female,2,3
201690,0,36,Self Enquiry,1,11,Salaried,Male,3,3
201691,0,33,Self Enquiry,1,10,Small Business,Female,2,4
201692,0,37,Company Invited,1,17,Salaried,Male,2,3
201693,0,38,Self Enquiry,3,9,Salaried,Male,3,3
201694,0,31,,1,,Small Business,Male,2,5
201695,0,59,Self Enquiry,1,9,Salaried,Male,3,4
201696,0,37,Company Invited,3,10,Small Business,Male,2,3
201697,0,29,Company Invited,3,6,Small Business,Female,2,3
201698,0,35,Company Invited,3,6,Small Business,Fe Male,3,3
201699,1,29,Self Enquiry,1,24,Small Business,Male,2,4
201700,0,52,Self Enquiry,1,8,Salaried,Female,2,4
201701,0,42,Self Enquiry,1,10,Large Business,Male,2,3
201702,0,59,Self Enquiry,2,12,Small Business,Male,2,3
201703,0,50,Self Enquiry,3,6,Small Business,Female,3,3
201704,1,33,Self Enquiry,1,20,Small Business,Male,2,3
201705,0,43,Self Enquiry,3,22,Small Business,Female,3,3
201706,1,33,Self Enquiry,1,8,Salaried,Female,2,3
201707,0,52,Company Invited,3,8,Salaried,Male,3,4
201708,0,,Self Enquiry,3,10,Salaried,Female,2,3
201709,1,,Self Enquiry,1,6,Salaried,Male,3,4
201710,0,39,Self Enquiry,1,6,Small Business,Female,3,3
201711,0,32,Company Invited,3,,Small Business,Male,3,3
201712,0,41,Self Enquiry,1,25,Salaried,Male,2,3
201713,0,40,Self Enquiry,1,30,Large Business,Male,3,3
201714,0,45,Self Enquiry,1,6,Salaried,Male,3,1
201715,0,31,Company Invited,1,9,Small Business,Male,3,3
201716,0,33,Self Enquiry,1,11,Salaried,Female,3,4
201717,0,34,Self Enquiry,1,8,Salaried,Male,2,4
201718,0,,Self Enquiry,1,6,Small Business,Female,2,4
201719,0,45,Company Invited,1,13,Salaried,Male,3,1
201720,1,37,Company Invited,1,16,Small Business,Male,3,3
201721,0,39,Company Invited,1,8,Large Business,Fe Male,3,3
201722,0,29,Self Enquiry,1,21,Salaried,Male,2,3
201723,0,42,Self Enquiry,1,23,Salaried,Female,2,1
201724,0,29,Self Enquiry,3,26,Small Business,Male,2,3
201725,0,25,Self Enquiry,1,,Salaried,Female,3,3
201726,0,42,Self Enquiry,1,8,Small Business,Female,2,4
201727,0,40,Self Enquiry,1,8,Small Business,Male,2,3
201728,0,51,Self Enquiry,1,6,Salaried,Male,3,3
201729,1,,Company Invited,1,35,Small Business,Male,3,4
201730,0,32,Company Invited,1,13,Salaried,Male,3,1
201731,0,38,Company Invited,3,8,Salaried,Male,2,4
201732,0,32,Self Enquiry,1,8,Large Business,Male,2,4
201733,0,46,Self Enquiry,3,8,Large Business,Female,3,5
201734,1,,Self Enquiry,1,8,Salaried,Male,3,3
201735,0,29,Self Enquiry,3,8,Small Business,Male,3,4
201736,0,31,Self Enquiry,1,29,Small Business,Male,3,4
201737,0,,Company Invited,1,11,Salaried,Male,2,1
201738,0,45,Self Enquiry,1,26,Small Business,Male,3,3
201739,0,36,Self Enquiry,1,12,Salaried,Male,2,3
201740,0,55,Self Enquiry,1,6,Small Business,Male,2,3
201741,1,47,Company Invited,1,35,Salaried,Male,2,3
201742,0,28,Self Enquiry,1,15,Small Business,Male,3,3
201743,0,37,Self Enquiry,3,12,Small Business,Male,3,3
201744,0,21,Self Enquiry,1,9,Small Business,Male,3,4
201745,0,37,Company Invited,1,6,Small Business,Female,3,3
201746,0,35,Self Enquiry,1,28,Salaried,Female,3,1
201747,0,38,Self Enquiry,3,13,Small Business,Female,2,1
201748,0,26,Company Invited,1,6,Salaried,Female,2,3
201749,0,50,Self Enquiry,1,10,Salaried,Male,3,3
201750,0,53,Self Enquiry,1,9,Small Business,Male,2,3
201751,0,42,Self Enquiry,3,6,Salaried,Male,1,3
201752,0,29,Company Invited,3,,Salaried,Male,2,3
201753,0,55,Self Enquiry,1,26,Large Business,Male,2,3
201754,0,26,Company Invited,1,,Small Business,Male,2,3
201755,0,37,Self Enquiry,1,6,Salaried,Female,2,3
201756,1,44,Company Invited,1,30,Salaried,Male,2,3
201757,0,38,Self Enquiry,1,29,Salaried,Male,2,3
201758,1,26,Self Enquiry,1,22,Small Business,Male,2,3
201759,0,28,Self Enquiry,1,14,Salaried,Female,3,3
201760,0,49,Company Invited,1,16,Salaried,Female,2,3
201761,0,36,Self Enquiry,1,,Large Business,Male,1,3
201762,0,31,Company Invited,3,11,Small Business,Female,2,3
201763,1,26,Self Enquiry,3,10,Small Business,Male,2,4
201764,0,37,Company Invited,1,15,Small Business,Male,2,3
201765,0,42,Company Invited,3,32,Small Business,Female,3,3
201766,1,18,Self Enquiry,1,9,Small Business,Male,2,3
201767,0,35,Self Enquiry,3,22,Small Business,Male,3,3
201768,0,,Company Invited,1,24,Salaried,Male,2,1
201769,0,51,Self Enquiry,1,8,Small Business,Male,2,5
201770,0,41,Self Enquiry,3,8,Salaried,Male,2,3
201771,0,18,Self Enquiry,3,16,Small Business,Female,3,4
201772,0,28,Self Enquiry,1,22,Small Business,Male,3,1
201773,0,31,Self Enquiry,3,13,Large Business,Male,3,1
201774,0,39,Self Enquiry,1,6,Small Business,Male,2,1
201775,0,36,Company Invited,1,30,Salaried,Female,2,3
201776,0,32,Self Enquiry,3,13,Salaried,Male,3,4
201777,0,38,Self Enquiry,1,31,Salaried,Female,2,4
201778,0,58,Company Invited,1,6,Salaried,Male,2,5
201779,0,31,Self Enquiry,1,,Large Business,Male,2,3
201780,0,31,Self Enquiry,2,8,Salaried,Male,3,4
201781,0,45,Company Invited,1,13,Salaried,Male,3,3
201782,0,31,Self Enquiry,1,8,Salaried,Male,2,3
201783,0,33,Company Invited,1,11,Salaried,Female,3,3
201784,0,39,Self Enquiry,1,16,Small Business,Male,3,3
201785,0,43,Company Invited,1,16,Salaried,Female,2,3
201786,0,49,Self Enquiry,1,6,Large Business,Female,2,4
201787,1,52,Self Enquiry,1,14,Small Business,Male,2,
201788,0,27,Self Enquiry,1,11,Salaried,Female,2,3
201789,0,32,Self Enquiry,3,14,Large Business,Female,3,4
201790,0,27,Self Enquiry,3,,Salaried,Male,3,3
201791,0,31,Self Enquiry,3,13,Small Business,Male,3,3
201792,0,32,Self Enquiry,1,8,Small Business,Female,3,1
201793,1,,Self Enquiry,1,8,Small Business,Male,2,5
201794,0,30,Self Enquiry,1,34,Small Business,Female,3,3
201795,0,31,Company Invited,1,13,Salaried,Female,2,4
201796,0,39,Company Invited,1,13,Small Business,Male,2,4
201797,1,39,Self Enquiry,3,9,Small Business,Female,2,3
201798,0,33,Company Invited,3,,Small Business,Male,2,4
201799,0,47,Self Enquiry,1,11,Salaried,Male,2,3
201800,0,43,Company Invited,1,16,Salaried,Female,2,4
201801,0,27,Company Invited,3,6,Small Business,Male,3,3
201802,0,54,Company Invited,1,,Salaried,Female,2,3
201803,0,43,Self Enquiry,1,13,Salaried,Female,2,3
201804,0,,Self Enquiry,1,14,Salaried,Male,3,3
201805,0,40,Self Enquiry,3,6,Small Business,Male,2,5
201806,1,29,Self Enquiry,1,14,Salaried,Male,3,5
201807,0,,Self Enquiry,1,15,Salaried,Male,1,4
201808,0,30,Self Enquiry,3,11,Small Business,Female,1,4
201809,0,27,Self Enquiry,3,14,Small Business,Female,2,3
201810,0,37,Self Enquiry,1,11,Small Business,Male,3,3
201811,0,38,Self Enquiry,1,21,Salaried,Male,3,4
201812,0,31,Self Enquiry,1,13,Small Business,Female,2,3
201813,0,29,Self Enquiry,3,16,Small Business,Female,2,4
201814,0,35,Self Enquiry,1,11,Large Business,Male,3,3
201815,0,23,Self Enquiry,1,32,Salaried,Male,2,3
201816,0,41,Self Enquiry,1,12,Small Business,Male,3,4
201817,0,47,Company Invited,3,10,Small Business,Male,3,3
201818,0,42,Self Enquiry,1,29,Salaried,Female,2,3
201819,0,29,Company Invited,3,,Salaried,Male,3,3
201820,0,42,Self Enquiry,2,8,Large Business,Male,2,3
201821,0,32,Self Enquiry,1,8,Small Business,Female,3,3
201822,0,48,Self Enquiry,3,35,Small Business,Female,3,3
201823,0,37,Self Enquiry,1,12,Small Business,Male,2,1
201824,0,30,Company Invited,3,,Large Business,Female,2,3
201825,0,26,Self Enquiry,3,6,Salaried,Male,2,3
201826,0,42,Self Enquiry,1,8,Salaried,Male,3,4
201827,1,21,Company Invited,3,6,Large Business,Female,3,4
201828,0,36,Company Invited,3,6,Small Business,Female,2,3
201829,0,36,Company Invited,3,9,Small Business,Male,2,4
201830,0,57,Self Enquiry,1,6,Small Business,Male,2,3
201831,0,40,Self Enquiry,1,16,Salaried,Female,2,1
201832,0,21,Company Invited,3,15,Small Business,Male,2,3
201833,1,33,Self Enquiry,3,11,Small Business,Female,2,3
201834,0,,Self Enquiry,1,16,Small Business,Female,3,3
201835,0,46,Company Invited,1,13,Small Business,Female,1,3
201836,1,41,Company Invited,3,10,Small Business,Male,2,3
201837,0,50,Self Enquiry,1,16,Large Business,Male,3,4
201838,1,40,Self Enquiry,3,28,Small Business,Male,3,4
201839,0,31,Self Enquiry,1,15,Salaried,Male,2,4
201840,1,21,Self Enquiry,3,18,Salaried,Female,2,1
201841,0,29,Self Enquiry,1,29,Salaried,Male,2,3
201842,0,35,Self Enquiry,1,15,Salaried,Male,3,4
201843,0,,Self Enquiry,1,6,Small Business,Male,2,3
201844,0,28,Self Enquiry,3,15,Salaried,Male,3,3
201845,0,49,Self Enquiry,1,13,Salaried,Male,2,4
201846,0,51,Self Enquiry,3,20,Salaried,Female,2,
201847,0,36,Self Enquiry,1,8,Salaried,Female,3,3
201848,1,34,Company Invited,3,25,Small Business,Male,3,1
201849,0,55,Self Enquiry,1,8,Salaried,Female,3,3
201850,0,24,Self Enquiry,3,,Small Business,Female,3,3
201851,0,30,Self Enquiry,3,8,Large Business,Male,3,3
201852,1,26,Company Invited,1,9,Large Business,Male,3,3
201853,0,22,Self Enquiry,1,17,Small Business,Female,2,3
201854,0,36,Self Enquiry,3,8,Small Business,Male,3,4
201855,1,30,Company Invited,1,10,Large Business,Male,2,3
201856,0,37,Self Enquiry,1,20,Salaried,Female,3,3
201857,0,40,Self Enquiry,3,8,Small Business,Female,2,3
201858,0,42,Self Enquiry,1,6,Salaried,Female,3,3
201859,0,,Self Enquiry,1,16,Salaried,Male,2,3
201860,0,43,Self Enquiry,1,18,Salaried,Male,2,4
201861,0,,Self Enquiry,1,8,Small Business,Female,3,4
201862,0,54,Self Enquiry,1,11,Small Business,Male,2,3
201863,0,34,Company Invited,3,10,Small Business,Female,3,3
201864,0,31,Self Enquiry,1,,Small Business,Female,2,3
201865,0,43,Company Invited,1,27,Small Business,Male,3,3
201866,0,43,Self Enquiry,1,,Salaried,Female,3,3
201867,0,25,Self Enquiry,3,,Salaried,Female,3,4
201868,0,37,Company Invited,1,,Small Business,Female,3,3
201869,0,31,Self Enquiry,1,6,Salaried,Male,3,4
201870,0,39,Company Invited,1,6,Salaried,Male,2,3
201871,0,56,Company Invited,3,12,Salaried,Female,2,1
201872,0,30,Self Enquiry,3,18,Large Business,Female,2,3
201873,0,41,Self Enquiry,3,6,Small Business,Male,2,1
201874,0,28,Self Enquiry,1,,Small Business,Male,3,3
201875,1,,Self Enquiry,1,9,Small Business,Male,3,3
201876,0,52,Self Enquiry,1,9,Small Business,Male,2,4
201877,0,45,Self Enquiry,1,16,Salaried,Male,3,3
201878,0,52,Self Enquiry,1,10,Salaried,Female,1,3
201879,0,42,Company Invited,1,,Salaried,Female,3,3
201880,0,30,Self Enquiry,1,8,Salaried,Female,2,5
201881,0,60,Self Enquiry,1,13,Salaried,Female,2,3
201882,0,46,Self Enquiry,1,,Small Business,Female,2,3
201883,0,42,Company Invited,1,,Large Business,Female,2,4
201884,1,24,Self Enquiry,3,6,Large Business,Female,3,3
201885,1,34,Company Invited,3,12,Small Business,Female,2,5
201886,0,38,Company Invited,1,8,Salaried,Male,2,3
201887,0,40,Self Enquiry,3,8,Salaried,Female,3,3
201888,0,26,Self Enquiry,1,29,Salaried,Female,2,3
201889,0,30,Company Invited,1,9,Salaried,Male,2,3
201890,0,29,Self Enquiry,1,9,Small Business,Male,3,4
201891,1,29,Self Enquiry,1,31,Large Business,Female,3,4
201892,1,19,Self Enquiry,2,8,Large Business,Male,2,4
201893,0,30,Company Invited,3,28,Salaried,Female,3,3
201894,0,57,Self Enquiry,3,35,Small Business,Male,2,4
201895,0,50,Self Enquiry,1,35,Salaried,Male,2,4
201896,0,30,Company Invited,1,8,Small Business,Female,2,3
201897,0,60,Company Invited,3,34,Small Business,Female,3,4
201898,0,47,Self Enquiry,1,8,Small Business,Female,3,3
201899,0,46,Self Enquiry,1,8,Salaried,Male,2,3
201900,0,35,Self Enquiry,1,28,Salaried,Male,2,5
201901,0,,Self Enquiry,1,5,Salaried,Female,2,3
201902,0,34,Self Enquiry,1,8,Salaried,Male,3,4
201903,0,46,Self Enquiry,3,16,Small Business,Female,3,4
201904,0,31,Self Enquiry,1,15,Salaried,Male,2,3
201905,1,33,Self Enquiry,1,21,Small Business,Male,2,3
201906,1,,Self Enquiry,1,16,Small Business,Male,2,5
201907,0,30,Self Enquiry,3,13,Small Business,Male,2,3
201908,0,35,Self Enquiry,1,22,Salaried,Male,3,3
201909,1,31,Company Invited,1,26,Salaried,Male,3,3
201910,1,34,Company Invited,2,29,Salaried,Female,2,3
201911,0,42,Company Invited,1,11,Salaried,Male,3,3
201912,0,36,Company Invited,3,16,Small Business,Male,2,3
201913,1,,Company Invited,1,10,Large Business,Male,3,4
201914,0,,Self Enquiry,3,8,Small Business,Female,2,3
201915,0,55,Self Enquiry,3,24,Salaried,Female,2,3
201916,0,41,Company Invited,3,16,Salaried,Male,2,3
201917,0,35,Self Enquiry,3,,Small Business,Male,2,3
201918,0,40,Self Enquiry,1,12,Salaried,Fe Male,3,3
201919,0,,Company Invited,1,14,Salaried,Female,2,3
201920,0,31,Self Enquiry,3,8,Salaried,Male,3,3
201921,0,42,Self Enquiry,1,30,Small Business,Male,2,3
201922,0,45,Self Enquiry,3,,Salaried,Male,3,3
201923,1,26,Company Invited,2,23,Salaried,Female,2,3
201924,0,29,Self Enquiry,1,,Large Business,Male,2,3
201925,0,33,Self Enquiry,1,6,Small Business,Female,3,1
201926,0,31,Self Enquiry,3,13,Salaried,Male,2,4
201927,1,18,Company Invited,3,11,Small Business,Male,3,3
201928,0,40,Company Invited,3,34,Salaried,Male,2,5
201929,0,41,Company Invited,1,8,Salaried,Female,3,4
201930,0,26,Self Enquiry,3,,Small Business,Male,2,3
201931,0,35,Self Enquiry,3,,Small Business,Female,3,3
201932,0,34,Self Enquiry,3,27,Salaried,Male,3,1
201933,1,26,Self Enquiry,1,30,Large Business,Male,3,5
201934,0,37,Self Enquiry,1,6,Large Business,Female,2,3
201935,0,46,Company Invited,1,24,Small Business,Female,2,3
201936,0,41,Self Enquiry,3,8,Salaried,Female,3,3
201937,0,37,Company Invited,3,15,Small Business,Male,3,3
201938,0,52,Self Enquiry,1,12,Large Business,Male,3,3
201939,1,32,Company Invited,3,,Salaried,Male,2,1
201940,0,24,Company Invited,3,30,Small Business,Male,2,3
201941,0,38,Self Enquiry,1,16,Small Business,Female,3,3
201942,0,37,Self Enquiry,1,6,Salaried,Female,3,3
201943,0,49,Self Enquiry,1,24,Salaried,Male,2,4
201944,0,24,Self Enquiry,1,29,Small Business,Male,2,1
201945,0,26,Self Enquiry,3,34,Small Business,Male,3,3
201946,0,24,Self Enquiry,1,23,Salaried,Male,3,4
201947,0,50,Company Invited,2,9,Small Business,Male,3,3
201948,0,25,Self Enquiry,3,19,Small Business,Male,2,3
201949,1,24,Company Invited,1,13,Salaried,Female,2,3
201950,1,30,Company Invited,3,18,Salaried,Male,3,4
201951,0,,Self Enquiry,1,6,Salaried,Male,2,4
201952,1,31,Self Enquiry,3,,Small Business,Male,2,3
201953,0,,Self Enquiry,1,31,Salaried,Male,2,4
201954,0,31,Self Enquiry,3,12,Small Business,Male,3,1
201955,0,27,Self Enquiry,1,12,Small Business,Female,3,4
201956,0,37,Self Enquiry,3,8,Small Business,Male,3,3
201957,0,20,Self Enquiry,1,6,Salaried,Female,2,4
201958,0,,Self Enquiry,1,8,Salaried,Female,2,3
201959,0,43,Self Enquiry,1,12,Salaried,Male,2,4
201960,0,38,Self Enquiry,1,6,Salaried,Female,2,3
201961,0,43,Company Invited,1,15,Small Business,Male,3,3
201962,0,48,Self Enquiry,1,6,Salaried,Female,2,4
201963,0,44,Self Enquiry,2,6,Salaried,Female,2,4
201964,0,34,Self Enquiry,3,20,Large Business,Female,2,3
201965,1,27,Self Enquiry,3,8,Small Business,Male,2,3
201966,0,,Self Enquiry,3,28,Large Business,Male,2,3
201967,0,44,Self Enquiry,1,9,Salaried,Male,2,3
201968,0,22,Self Enquiry,1,12,Small Business,Male,3,3
201969,0,33,Self Enquiry,3,14,Small Business,Male,2,3
201970,0,32,Self Enquiry,1,15,Salaried,Female,3,3
201971,0,30,Company Invited,1,9,Small Business,Female,3,3
201972,0,53,Self Enquiry,3,6,Small Business,Female,2,3
201973,0,34,Self Enquiry,1,6,Salaried,Male,2,3
201974,1,45,Company Invited,3,,Salaried,Female,3,3
201975,0,26,Self Enquiry,1,12,Salaried,Female,3,3
201976,0,37,Self Enquiry,1,9,Salaried,Male,2,3
201977,0,29,Self Enquiry,3,9,Small Business,Female,3,3
201978,0,35,Self Enquiry,1,12,Salaried,Male,2,5
201979,0,33,Company Invited,1,12,Salaried,Male,1,3
201980,0,54,Self Enquiry,2,25,Small Business,Male,2,3
201981,0,36,Self Enquiry,1,15,Small Business,Male,2,4
201982,0,27,Self Enquiry,1,9,Small Business,Male,2,4
201983,1,20,Self Enquiry,1,16,Small Business,Male,2,3
201984,1,,Company Invited,1,9,Salaried,Male,3,3
201985,0,35,Company Invited,1,9,Salaried,Male,2,4
201986,0,23,Self Enquiry,1,10,Small Business,Male,2,1
201987,0,25,Self Enquiry,3,,Salaried,Male,2,1
201988,0,,Self Enquiry,3,13,Small Business,Female,2,4
201989,0,29,Company Invited,1,6,Salaried,Male,3,5
201990,0,48,Self Enquiry,3,8,Small Business,Male,2,1
201991,0,27,Company Invited,3,,Small Business,Female,3,1
201992,0,37,Self Enquiry,1,,Salaried,Male,3,1
201993,0,50,Self Enquiry,1,34,Small Business,Male,3,1
201994,0,34,Self Enquiry,1,15,Small Business,Fe Male,2,4
201995,1,24,Self Enquiry,3,,Salaried,Female,3,3
201996,0,39,Self Enquiry,1,,Large Business,Female,3,4
201997,0,32,Self Enquiry,3,16,Small Business,Male,2,3
201998,1,50,Company Invited,3,14,Large Business,Male,2,3
201999,0,38,Self Enquiry,1,6,Salaried,Female,2,1
202000,0,27,Self Enquiry,1,6,Salaried,Female,3,3
202001,0,32,Self Enquiry,1,9,Salaried,Fe Male,2,3
202002,0,47,Self Enquiry,3,20,Small Business,Male,2,
202003,0,40,Company Invited,3,11,Salaried,Male,2,4
202004,0,53,Self Enquiry,1,13,Salaried,Male,2,1
202005,0,41,Self Enquiry,2,16,Salaried,Male,3,4
202006,0,60,Self Enquiry,3,22,Small Business,Male,2,3
202007,0,27,Company Invited,1,16,Salaried,Male,2,3
202008,0,41,Self Enquiry,2,6,Salaried,Male,2,4
202009,0,,Self Enquiry,3,14,Small Business,Male,2,3
202010,1,28,Self Enquiry,1,6,Salaried,Female,3,5
202011,0,36,Company Invited,1,14,Salaried,Female,3,1
202012,0,38,Self Enquiry,1,6,Salaried,Female,2,3
202013,0,,Company Invited,1,30,Small Business,Male,2,5
202014,0,47,Company Invited,3,9,Small Business,Female,2,3
202015,0,30,Self Enquiry,3,33,Small Business,Male,3,3
202016,0,29,Self Enquiry,3,16,Salaried,Male,3,3
202017,1,42,Company Invited,1,25,Small Business,Male,2,1
202018,0,43,Company Invited,3,21,Salaried,Male,2,4
202019,0,34,Self Enquiry,1,14,Small Business,Female,3,3
202020,0,23,Self Enquiry,1,15,Small Business,Male,2,3
202021,0,39,Self Enquiry,2,9,Salaried,Female,2,1
202022,0,56,Self Enquiry,1,15,Small Business,Male,2,3
202023,0,40,Self Enquiry,1,8,Small Business,Female,2,4
202024,0,27,Self Enquiry,1,13,Small Business,Female,2,4
202025,0,29,Self Enquiry,3,16,Small Business,Male,2,3
202026,0,53,Self Enquiry,1,12,Salaried,Male,2,3
202027,0,35,Company Invited,1,8,Salaried,Female,3,3
202028,0,32,Company Invited,1,30,Salaried,Male,3,3
202029,0,38,Self Enquiry,1,8,Small Business,Male,3,3
202030,0,34,Self Enquiry,1,14,Salaried,Female,2,3
202031,0,52,Self Enquiry,3,9,Small Business,Male,2,4
202032,1,33,Self Enquiry,1,6,Salaried,Male,3,3
202033,0,25,Self Enquiry,3,32,Small Business,Female,2,3
202034,0,45,Self Enquiry,3,8,Large Business,Male,2,5
202035,0,,Self Enquiry,1,16,Small Business,Male,3,1
202036,1,47,Company Invited,3,33,Salaried,Female,3,1
202037,0,34,Self Enquiry,3,8,Salaried,Male,2,3
202038,1,55,Self Enquiry,1,8,Small Business,Male,3,3
202039,0,36,Company Invited,3,14,Salaried,Male,3,4
202040,0,52,Company Invited,1,,Small Business,Male,2,3
202041,0,26,,1,,Salaried,Female,3,5
202042,0,29,,1,,Small Business,Female,3,3
202043,1,26,Self Enquiry,3,14,Large Business,Male,2,4
202044,0,34,Self Enquiry,1,6,Salaried,Female,3,1
202045,0,54,Self Enquiry,1,25,Small Business,Female,3,3
202046,0,27,,3,,Small Business,Male,2,3
202047,0,37,Self Enquiry,1,16,Salaried,Female,2,3
202048,0,38,Company Invited,1,8,Salaried,Female,3,1
202049,0,34,,1,,Small Business,Female,2,4
202050,0,35,Self Enquiry,3,14,Salaried,Female,3,3
202051,0,,Self Enquiry,1,6,Salaried,Male,2,5
202052,0,40,Company Invited,1,,Small Business,Female,2,1
202053,0,34,Self Enquiry,3,14,Salaried,Female,3,3
202054,0,42,Company Invited,1,14,Salaried,Male,3,3
202055,1,23,Self Enquiry,1,12,Salaried,Male,3,1
202056,0,24,Company Invited,1,15,Salaried,Male,2,4
202057,0,52,Self Enquiry,1,17,Salaried,Female,2,3
202058,0,50,Self Enquiry,1,8,Small Business,Male,3,3
202059,1,29,Self Enquiry,1,6,Salaried,Female,2,4
202060,0,33,Self Enquiry,1,13,Small Business,Male,2,3
202061,1,33,Self Enquiry,3,22,Small Business,Female,3,3
202062,0,47,Self Enquiry,1,8,Salaried,Female,2,3
202063,0,36,Self Enquiry,1,6,Salaried,Female,2,3
202064,0,29,Self Enquiry,1,29,Salaried,Male,2,1
202065,1,58,Self Enquiry,1,8,Salaried,Male,2,3
202066,0,35,Self Enquiry,1,6,Salaried,Female,2,1
202067,0,42,Self Enquiry,1,6,Salaried,Female,2,4
202068,1,28,,1,,Small Business,Male,2,3
202069,0,36,Self Enquiry,2,19,Salaried,Male,2,3
202070,0,32,Self Enquiry,1,10,Salaried,Female,3,4
202071,0,40,Company Invited,1,22,Small Business,Male,2,4
202072,0,30,Self Enquiry,1,8,Small Business,Female,2,4
202073,0,45,Self Enquiry,1,8,Salaried,Female,3,4
202074,0,42,Self Enquiry,1,,Salaried,Male,3,3
202075,0,38,Company Invited,1,18,Salaried,Male,1,4
202076,0,34,Company Invited,1,22,Salaried,Female,3,4
202077,1,49,Self Enquiry,3,17,Small Business,Female,2,3
202078,1,55,Self Enquiry,3,8,Small Business,Male,2,3
202079,0,43,Self Enquiry,1,20,Salaried,Male,3,3
202080,0,27,Self Enquiry,1,11,Large Business,Male,2,4
202081,0,35,Self Enquiry,1,13,Salaried,Male,2,3
202082,0,28,Self Enquiry,3,,Small Business,Female,2,3
202083,0,,Self Enquiry,2,9,Salaried,Male,2,3
202084,1,26,Company Invited,1,11,Small Business,Female,2,4
202085,0,27,Company Invited,1,9,Small Business,Male,2,3
202086,0,51,Self Enquiry,3,32,Small Business,Female,3,3
202087,0,44,Self Enquiry,1,10,Small Business,Male,2,3
202088,0,,Self Enquiry,1,8,Small Business,Male,3,1
202089,0,,Self Enquiry,3,6,Small Business,Male,2,1
202090,0,35,Self Enquiry,1,33,Small Business,Female,2,4
202091,0,36,Self Enquiry,3,6,Salaried,Male,2,3
202092,0,32,,3,,Salaried,Male,3,3
202093,0,,Company Invited,1,11,Salaried,Male,3,4
202094,0,53,Self Enquiry,3,13,Small Business,Female,3,4
202095,0,45,Self Enquiry,3,15,Small Business,Male,3,3
202096,0,32,Self Enquiry,1,14,Small Business,Female,3,1
202097,0,52,Company Invited,1,31,Small Business,Female,2,4
202098,0,37,Self Enquiry,3,22,Small Business,Male,3,4
202099,0,28,Self Enquiry,2,14,Small Business,Male,3,
202100,0,22,Self Enquiry,1,,Salaried,Male,2,4
202101,0,44,Self Enquiry,1,14,Salaried,Male,3,1
202102,0,42,Company Invited,1,8,Small Business,Male,2,3
202103,0,36,Self Enquiry,2,14,Salaried,Male,3,4
202104,0,,Self Enquiry,3,9,Salaried,Male,3,3
202105,0,35,Self Enquiry,1,15,Salaried,Female,3,4
202106,1,35,Company Invited,1,31,Salaried,Female,3,3
202107,0,32,Company Invited,1,6,Salaried,Male,3,3
202108,0,25,Self Enquiry,3,,Small Business,Male,2,4
202109,0,,Self Enquiry,1,6,Large Business,Female,2,3
202110,0,24,Company Invited,1,10,Salaried,Male,2,4
202111,0,32,Company Invited,3,11,Salaried,Male,2,3
202112,0,38,Self Enquiry,3,15,Small Business,Male,3,4
202113,0,42,Self Enquiry,1,9,Salaried,Female,3,1
202114,0,31,Self Enquiry,1,17,Salaried,Male,2,3
202115,1,29,Self Enquiry,3,6,Small Business,Female,2,4
202116,0,53,Self Enquiry,3,14,Small Business,Male,3,3
202117,0,35,Self Enquiry,1,31,Large Business,Male,3,4
202118,0,37,Company Invited,3,27,Small Business,Female,2,3
202119,0,53,Self Enquiry,1,29,Salaried,Female,3,3
202120,0,43,Company Invited,1,6,Salaried,Female,2,3
202121,0,47,Self Enquiry,3,,Small Business,Female,2,3
202122,0,37,Company Invited,3,25,Small Business,Male,2,3
202123,0,50,Company Invited,1,8,Salaried,Male,3,3
202124,0,39,Self Enquiry,2,8,Salaried,Female,2,4
202125,0,33,Self Enquiry,2,9,Salaried,Male,2,3
202126,1,32,Self Enquiry,1,31,Salaried,Male,2,3
202127,0,29,Self Enquiry,1,13,Small Business,Female,3,4
202128,0,44,Self Enquiry,1,15,Salaried,Male,3,3
202129,0,28,Self Enquiry,3,11,Small Business,Male,3,
202130,1,58,Company Invited,1,8,Salaried,Male,2,4
202131,0,43,Self Enquiry,1,,Salaried,Female,2,3
202132,1,20,Self Enquiry,3,8,Small Business,Female,2,4
202133,1,21,Self Enquiry,1,24,Salaried,Female,3,3
202134,0,36,Self Enquiry,1,20,Salaried,Male,3,3
202135,0,47,Self Enquiry,3,8,Salaried,Female,3,4
202136,1,,Self Enquiry,1,9,Salaried,Female,2,3
202137,1,41,Self Enquiry,1,8,Salaried,Female,2,5
202138,0,28,Self Enquiry,1,15,Small Business,Female,3,3
202139,1,39,Self Enquiry,1,12,Small Business,Male,3,3
202140,0,27,Self Enquiry,1,10,Salaried,Female,3,3
202141,0,34,Self Enquiry,1,16,Salaried,Male,2,3
202142,0,42,Self Enquiry,3,20,Small Business,Female,3,4
202143,0,33,Self Enquiry,1,6,Salaried,Male,3,4
202144,0,58,Self Enquiry,1,11,Large Business,Female,2,4
202145,0,31,Self Enquiry,3,13,Salaried,Male,2,4
202146,0,,Self Enquiry,1,27,Salaried,Female,2,3
202147,0,49,Self Enquiry,1,14,Salaried,Female,2,3
202148,0,48,Self Enquiry,1,26,Small Business,Male,2,3
202149,0,31,Company Invited,3,26,Small Business,Female,2,3
202150,0,36,Self Enquiry,1,,Salaried,Male,3,3
202151,0,38,Self Enquiry,1,6,Large Business,Female,3,3
202152,0,32,Company Invited,1,6,Salaried,Female,3,4
202153,1,25,Self Enquiry,3,25,Small Business,Male,2,4
202154,0,40,Self Enquiry,3,16,Small Business,Male,3,4
202155,0,26,Company Invited,3,,Small Business,Male,2,4
202156,0,41,Self Enquiry,1,,Small Business,Male,2,3
202157,0,36,Self Enquiry,1,8,Small Business,Male,3,3
202158,1,19,Self Enquiry,3,27,Salaried,Male,2,4
202159,1,20,Self Enquiry,1,10,Large Business,Male,2,3
202160,0,31,Self Enquiry,1,18,Small Business,Female,2,3
202161,0,,Company Invited,1,15,Small Business,Male,2,3
202162,0,32,Self Enquiry,1,9,Small Business,Female,3,3
202163,1,36,Self Enquiry,3,9,Salaried,Male,2,4
202164,0,33,Self Enquiry,1,6,Salaried,Female,2,4
202165,1,37,Self Enquiry,3,6,Salaried,Male,2,4
202166,0,45,Company Invited,1,,Salaried,Male,2,3
202167,0,29,Company Invited,3,26,Large Business,Female,2,3
202168,0,35,Self Enquiry,3,,Small Business,Female,2,3
202169,0,52,Self Enquiry,1,6,Salaried,Male,3,3
202170,1,58,Self Enquiry,1,8,Large Business,Male,2,3
202171,0,53,Self Enquiry,3,8,Small Business,Male,2,3
202172,0,30,Self Enquiry,3,14,Salaried,Male,3,3
202173,0,38,Company Invited,3,16,Large Business,Female,2,3
202174,0,35,Self Enquiry,3,9,Salaried,Male,3,3
202175,0,39,Self Enquiry,3,8,Salaried,Male,2,1
202176,1,40,Company Invited,3,30,Salaried,Fe Male,3,1
202177,0,47,Company Invited,1,22,Small Business,Male,3,1
202178,0,36,Company Invited,3,14,Large Business,Male,2,3
202179,1,31,Company Invited,1,15,Small Business,Male,2,4
202180,0,33,Company Invited,3,23,Salaried,Male,2,3
202181,1,29,Self Enquiry,1,16,Salaried,Female,3,4
202182,0,,Self Enquiry,1,19,Salaried,Female,2,3
202183,0,45,Self Enquiry,1,6,Small Business,Female,3,3
202184,0,50,Self Enquiry,1,6,Small Business,Male,3,3
202185,0,33,Company Invited,1,6,Salaried,Female,2,1
202186,0,41,Company Invited,1,15,Small Business,Male,3,3
202187,0,27,Self Enquiry,1,22,Large Business,Female,2,3
202188,0,,Company Invited,1,29,Salaried,Male,2,3
202189,0,,Self Enquiry,3,10,Salaried,Female,2,3
202190,1,30,Self Enquiry,1,28,Salaried,Female,2,3
202191,0,50,Self Enquiry,1,30,Salaried,Male,3,3
202192,0,38,Company Invited,1,16,Small Business,Male,3,3
202193,0,46,Self Enquiry,1,13,Small Business,Male,3,3
202194,0,24,,1,,Small Business,Female,2,4
202195,1,,Self Enquiry,1,20,Salaried,Male,2,4
202196,0,,Company Invited,1,6,Salaried,Female,3,3
202197,0,18,Company Invited,1,11,Salaried,Male,3,3
202198,0,54,Self Enquiry,1,23,Large Business,Female,2,3
202199,0,35,Self Enquiry,1,31,Small Business,Female,2,3
202200,0,30,Self Enquiry,1,14,Salaried,Female,3,1
202201,1,20,Self Enquiry,1,17,Small Business,Female,3,4
202202,1,30,Company Invited,1,11,Small Business,Female,2,3
202203,0,26,Self Enquiry,1,8,Small Business,Male,2,1
202204,0,22,Self Enquiry,1,14,Salaried,Male,3,5
202205,0,48,Self Enquiry,1,,Salaried,Male,3,4
202206,0,48,Self Enquiry,1,10,Salaried,Male,3,4
202207,0,41,Self Enquiry,1,13,Small Business,Female,2,
202208,0,39,Self Enquiry,1,6,Salaried,Female,3,4
202209,0,27,Self Enquiry,1,8,Salaried,Female,2,3
202210,0,,Self Enquiry,1,16,Salaried,Male,2,3
202211,0,42,Self Enquiry,3,11,Small Business,Male,2,3
202212,0,50,Self Enquiry,1,15,Salaried,Male,3,3
202213,0,59,Self Enquiry,1,8,Salaried,Female,3,4
202214,1,37,Self Enquiry,1,,Small Business,Female,3,5
202215,0,55,Company Invited,1,24,Small Business,Male,3,3
202216,0,41,Company Invited,1,13,Salaried,Female,2,5
202217,0,38,Self Enquiry,3,9,Salaried,Male,2,3
202218,1,26,Company Invited,3,35,Small Business,Male,3,
202219,1,52,Self Enquiry,3,8,Small Business,Female,2,5
202220,0,44,Self Enquiry,3,34,Small Business,Female,2,1
202221,0,50,Company Invited,3,6,Salaried,Female,3,3
202222,1,36,Self Enquiry,1,22,Salaried,Female,2,1
202223,0,39,Company Invited,1,28,Small Business,Fe Male,2,3
202224,0,33,Company Invited,3,14,Salaried,Female,2,4
202225,0,45,Self Enquiry,3,17,Salaried,Female,2,3
202226,0,,Company Invited,1,35,Small Business,Female,3,3
202227,0,34,Self Enquiry,3,6,Small Business,Male,3,1
202228,0,59,Self Enquiry,3,6,Large Business,Male,3,3
202229,0,45,Self Enquiry,2,30,Small Business,Male,2,3
202230,0,53,Company Invited,3,8,Small Business,Female,2,4
202231,1,36,Self Enquiry,1,,Salaried,Male,2,3
202232,1,26,Company Invited,1,8,Salaried,Male,2,3
202233,0,34,Self Enquiry,3,16,Salaried,Female,2,3
202234,0,28,Self Enquiry,3,16,Small Business,Male,3,3
202235,0,38,Company Invited,1,9,Salaried,Male,2,3
202236,0,50,Self Enquiry,1,8,Small Business,Male,3,3
202237,0,,Self Enquiry,1,9,Salaried,Female,2,3
202238,0,40,Self Enquiry,3,32,Small Business,Male,3,3
202239,0,26,Company Invited,1,6,Small Business,Female,3,4
202240,0,46,Self Enquiry,1,6,Small Business,Male,2,3
202241,0,54,Self Enquiry,3,8,Salaried,Female,2,4
202242,0,56,Company Invited,1,15,Small Business,Female,3,3
202243,0,36,Self Enquiry,1,18,Small Business,Fe Male,2,4
202244,0,55,Company Invited,1,8,Small Business,Male,2,4
202245,0,43,Self Enquiry,3,31,Small Business,Male,3,4
202246,1,20,Company Invited,3,15,Small Business,Female,2,3
202247,1,21,Self Enquiry,1,16,Salaried,Female,2,4
202248,0,46,Self Enquiry,1,,Salaried,Female,3,4
202249,1,51,Self Enquiry,1,10,Salaried,Male,2,3
202250,1,28,Company Invited,1,30,Large Business,Male,3,4
202251,0,,Self Enquiry,1,6,Small Business,Male,2,4
202252,0,30,Self Enquiry,1,26,Salaried,Male,2,3
202253,0,,Self Enquiry,1,13,Large Business,Female,2,1
202254,0,38,Self Enquiry,1,23,Salaried,Female,3,4
202255,0,40,Self Enquiry,1,26,Large Business,Male,3,3
202256,0,27,Company Invited,1,,Salaried,Male,2,5
202257,0,55,Company Invited,1,8,Salaried,Male,3,3
202258,0,,Self Enquiry,1,16,Salaried,Female,2,3
202259,1,44,Self Enquiry,2,6,Small Business,Male,3,4
202260,0,33,Self Enquiry,1,11,Salaried,Male,2,4
202261,1,35,Self Enquiry,3,10,Large Business,Male,2,3
202262,1,33,Company Invited,1,,Small Business,Female,2,4
202263,0,28,Self Enquiry,1,21,Salaried,Male,2,3
202264,0,34,Company Invited,1,9,Salaried,Male,2,3
202265,0,37,Self Enquiry,3,16,Salaried,Female,2,4
202266,1,,Self Enquiry,1,10,Large Business,Male,2,3
202267,1,26,Self Enquiry,1,27,Small Business,Male,2,3
202268,1,33,Self Enquiry,1,31,Small Business,Male,2,4
202269,0,42,Self Enquiry,1,8,Small Business,Male,2,3
202270,1,28,Company Invited,1,6,Small Business,Male,2,4
202271,1,50,Company Invited,3,,Salaried,Male,2,3
202272,0,33,Company Invited,3,,Salaried,Female,1,3
202273,0,34,Company Invited,1,9,Salaried,Male,2,4
202274,0,48,Company Invited,1,6,Small Business,Male,2,1
202275,0,45,Company Invited,3,15,Salaried,Female,3,4
202276,0,52,Self Enquiry,1,5,Salaried,Male,2,3
202277,0,38,Self Enquiry,3,16,Small Business,Male,3,4
202278,0,29,Self Enquiry,1,34,Salaried,Female,3,3
202279,0,28,Self Enquiry,1,9,Small Business,Female,3,3
202280,0,46,Self Enquiry,3,9,Small Business,Male,2,3
202281,0,38,Self Enquiry,3,8,Small Business,Male,2,3
202282,0,43,Company Invited,1,33,Salaried,Female,2,3
202283,1,39,Company Invited,1,8,Salaried,Male,2,3
202284,0,40,Self Enquiry,1,20,Small Business,Male,2,4
202285,0,21,Self Enquiry,1,6,Large Business,Female,3,4
202286,0,39,Company Invited,1,15,Salaried,Male,3,3
202287,0,36,Company Invited,1,24,Salaried,Male,3,3
202288,0,31,Company Invited,3,26,Salaried,Male,3,1
202289,0,28,Self Enquiry,1,8,Salaried,Male,3,4
202290,0,35,Company Invited,3,17,Small Business,Male,2,
202291,0,49,Self Enquiry,3,14,Large Business,Male,2,4
202292,0,,Company Invited,1,8,Salaried,Male,3,3
202293,0,29,Company Invited,1,16,Salaried,Female,3,3
202294,0,42,Self Enquiry,1,,Small Business,Male,2,5
202295,0,29,Self Enquiry,1,14,Small Business,Male,3,4
202296,0,38,Self Enquiry,2,6,Salaried,Male,2,1
202297,0,28,Company Invited,1,12,Salaried,Male,2,4
202298,1,18,Company Invited,1,14,Small Business,Male,3,3
202299,1,33,Self Enquiry,3,15,Small Business,Female,3,3
202300,0,41,Self Enquiry,1,,Salaried,Male,2,3
202301,1,31,Company Invited,1,21,Small Business,Male,3,3
202302,0,37,Self Enquiry,1,31,Small Business,Female,2,4
202303,0,27,Self Enquiry,1,12,Salaried,Male,2,4
202304,0,34,Self Enquiry,3,15,Salaried,Female,3,3
202305,0,35,Self Enquiry,2,,Large Business,Male,3,3
202306,1,29,Self Enquiry,3,29,Salaried,Female,2,4
202307,0,40,Company Invited,1,15,Small Business,Fe Male,2,3
202308,1,42,Company Invited,3,18,Salaried,Male,2,3
202309,0,42,Self Enquiry,3,10,Small Business,Male,2,3
202310,0,35,Self Enquiry,1,6,Small Business,Male,2,4
202311,0,,Self Enquiry,1,30,Small Business,Male,2,3
202312,1,28,Self Enquiry,1,18,Salaried,Female,3,3
202313,0,26,,1,,Small Business,Male,2,1
202314,0,30,Self Enquiry,3,16,Small Business,Male,3,4
202315,0,40,Company Invited,1,,Small Business,Female,3,4
202316,0,35,Self Enquiry,1,8,Salaried,Male,2,4
202317,0,34,Company Invited,1,7,Small Business,Male,3,4
202318,0,35,Company Invited,1,10,Salaried,Male,2,4
202319,1,43,Self Enquiry,3,15,Small Business,Female,2,5
202320,0,32,Company Invited,3,8,Salaried,Female,3,3
202321,0,56,Self Enquiry,1,10,Large Business,Female,3,3
202322,0,29,Self Enquiry,1,12,Small Business,Female,2,3
202323,0,19,Self Enquiry,1,15,Salaried,Male,2,3
202324,0,45,Self Enquiry,1,,Small Business,Female,2,3
202325,0,37,Self Enquiry,1,7,Salaried,Female,2,4
202326,0,20,Self Enquiry,1,5,Salaried,Male,2,4
202327,1,44,Self Enquiry,1,16,Salaried,Male,3,3
202328,0,53,Self Enquiry,1,13,Small Business,Female,2,3
202329,0,29,Self Enquiry,1,21,Salaried,Female,3,5
202330,1,22,Company Invited,1,9,Salaried,Male,2,4
202331,0,46,Self Enquiry,3,8,Small Business,Female,3,3
202332,0,44,Company Invited,1,23,Salaried,Male,3,5
202333,0,,Self Enquiry,2,8,Salaried,Male,3,3
202334,1,41,Company Invited,1,11,Salaried,Male,3,4
202335,0,,Self Enquiry,3,35,Salaried,Male,3,3
202336,0,40,Company Invited,3,,Small Business,Male,3,3
202337,0,50,Company Invited,1,8,Small Business,Female,1,3
202338,0,28,Self Enquiry,1,25,Small Business,Male,3,4
202339,0,46,Self Enquiry,1,21,Salaried,Male,2,3
202340,0,35,Self Enquiry,3,23,Salaried,Male,3,3
202341,1,24,Self Enquiry,1,23,Salaried,Female,3,3
202342,0,33,Company Invited,3,,Small Business,Female,2,3
202343,0,36,Self Enquiry,1,12,Salaried,Male,2,5
202344,0,,Self Enquiry,1,13,Salaried,Male,2,3
202345,0,44,Self Enquiry,1,,Salaried,Male,2,3
202346,0,20,Self Enquiry,3,27,Small Business,Male,2,1
202347,0,46,Self Enquiry,1,8,Large Business,Male,2,3
202348,0,42,Company Invited,2,8,Small Business,Male,3,1
202349,0,60,Self Enquiry,3,13,Small Business,Male,2,1
202350,0,32,Company Invited,1,19,Salaried,Female,3,4
202351,0,32,Company Invited,1,8,Salaried,Female,2,
202352,0,36,Self Enquiry,1,7,Large Business,Female,3,5
202353,0,33,Self Enquiry,1,15,Small Business,Male,2,3
202354,0,40,Self Enquiry,3,16,Large Business,Female,2,4
202355,0,25,Self Enquiry,3,16,Salaried,Male,2,
202356,0,,Self Enquiry,1,7,Small Business,Male,3,3
202357,0,42,Company Invited,1,32,Small Business,Female,2,3
202358,0,35,Company Invited,3,14,Small Business,Female,3,4
202359,0,27,Self Enquiry,1,20,Salaried,Male,2,3
202360,0,54,Company Invited,1,7,Salaried,Female,2,3
202361,0,44,Self Enquiry,1,8,Salaried,Female,3,1
202362,1,19,Company Invited,1,16,Small Business,Female,3,4
202363,0,,Self Enquiry,1,7,Salaried,Female,3,3
202364,0,54,Self Enquiry,1,9,Salaried,Male,2,3
202365,0,31,Self Enquiry,1,17,Small Business,Male,3,3
202366,0,31,Self Enquiry,1,30,Small Business,Female,3,4
202367,0,59,Self Enquiry,3,9,Salaried,Female,2,4
202368,0,43,Self Enquiry,1,9,Salaried,Male,3,5
202369,0,49,Self Enquiry,1,10,Small Business,Male,2,4
202370,0,,Company Invited,1,9,Large Business,Male,2,3
202371,1,48,Company Invited,3,30,Salaried,Male,3,5
202372,1,27,Self Enquiry,3,8,Small Business,Female,3,5
202373,1,29,Company Invited,1,16,Salaried,Female,2,4
202374,1,48,Self Enquiry,1,21,Small Business,Female,3,3
202375,1,29,Self Enquiry,1,13,Large Business,Female,2,3
202376,1,34,Self Enquiry,1,13,Salaried,Male,3,3
202377,1,44,Self Enquiry,1,29,Small Business,Male,3,3
202378,1,33,Self Enquiry,3,31,Small Business,Male,2,4
202379,1,19,Self Enquiry,3,11,Salaried,Male,3,3
202380,1,23,Company Invited,3,7,Salaried,Female,2,3
202381,1,25,Self Enquiry,1,9,Salaried,Male,2,3
202382,1,26,Self Enquiry,1,13,Small Business,Female,2,4
202383,1,45,Self Enquiry,3,19,Small Business,Male,2,1
202384,1,55,Company Invited,3,8,Salaried,Fe Male,2,4
202385,1,21,Company Invited,3,24,Small Business,Female,3,3
202386,1,46,Self Enquiry,1,28,Small Business,Male,3,3
202387,1,34,Self Enquiry,1,,Salaried,Female,2,3
202388,1,51,Company Invited,1,34,Salaried,Male,3,4
202389,1,59,Company Invited,1,20,Salaried,Fe Male,2,3
202390,1,34,Company Invited,3,,Salaried,Female,2,5
202391,1,28,Self Enquiry,1,14,Salaried,Female,2,4
202392,1,44,Self Enquiry,3,15,Salaried,Male,3,4
202393,1,34,Self Enquiry,3,,Small Business,Male,2,3
202394,1,,Company Invited,1,8,Salaried,Female,2,4
202395,1,42,Company Invited,1,7,Salaried,Female,3,1
202396,1,43,Company Invited,1,8,Salaried,Male,3,3
202397,1,36,Self Enquiry,2,15,Large Business,Female,2,3
202398,1,44,Company Invited,3,7,Large Business,Male,3,3
202399,1,,Company Invited,3,19,Large Business,Female,2,3
202400,1,51,Self Enquiry,3,30,Small Business,Female,2,4
202401,1,30,Company Invited,1,,Small Business,Male,2,3
202402,1,29,Company Invited,1,8,Small Business,Male,2,4
202403,1,28,Self Enquiry,1,7,Large Business,Male,3,4
202404,1,25,Self Enquiry,1,15,Salaried,Male,2,3
202405,1,32,Company Invited,1,9,Salaried,Female,2,3
202406,1,45,Self Enquiry,3,7,Salaried,Male,3,4
202407,1,39,Self Enquiry,1,8,Salaried,Female,3,3
202408,1,58,Self Enquiry,1,8,Large Business,Female,3,4
202409,1,32,Self Enquiry,1,,Small Business,Male,2,3
202410,1,,Self Enquiry,1,30,Small Business,Male,2,3
202411,1,30,Company Invited,3,,Small Business,Female,3,3
202412,1,36,Self Enquiry,3,16,Small Business,Male,2,4
202413,1,,Self Enquiry,3,21,Small Business,Male,2,5
202414,1,28,Self Enquiry,1,13,Salaried,Male,3,3
202415,1,50,Company Invited,3,18,Salaried,Male,2,3
202416,1,40,Self Enquiry,1,14,Small Business,Male,3,4
202417,1,52,Company Invited,3,13,Small Business,Female,3,3
202418,1,30,Self Enquiry,1,8,Salaried,Male,3,3
202419,1,39,Self Enquiry,3,,Salaried,Male,3,3
202420,1,31,Self Enquiry,2,28,Salaried,Male,2,5
202421,1,41,Company Invited,3,15,Salaried,Male,2,5
202422,1,31,Self Enquiry,3,19,Small Business,Male,3,4
202423,1,44,Self Enquiry,3,7,Salaried,Male,2,5
202424,1,42,Company Invited,2,14,Salaried,Female,3,4
202425,1,55,Self Enquiry,3,15,Small Business,Female,2,5
202426,1,56,Self Enquiry,3,22,Salaried,Female,3,3
202427,1,,Self Enquiry,3,22,Small Business,Male,3,3
202428,1,34,Company Invited,1,23,Large Business,Male,2,4
202429,1,40,Self Enquiry,3,,Small Business,Male,2,3
202430,1,,Self Enquiry,1,14,Small Business,Female,3,3
202431,1,35,Company Invited,1,,Small Business,Male,3,3
202432,1,51,Self Enquiry,3,33,Salaried,Male,2,3
202433,1,38,Company Invited,1,15,Salaried,Male,3,3
202434,1,34,Self Enquiry,1,16,Small Business,Male,2,3
202435,1,,Self Enquiry,2,26,Small Business,Female,3,3
202436,1,58,Self Enquiry,1,27,Small Business,Female,3,3
202437,1,40,Self Enquiry,2,24,Salaried,Male,2,1
202438,1,36,Self Enquiry,2,,Salaried,Male,2,4
202439,1,48,Self Enquiry,3,8,Small Business,Male,2,4
202440,1,27,Company Invited,1,30,Salaried,Male,3,4
202441,1,51,Self Enquiry,3,16,Salaried,Female,3,3
202442,1,18,Self Enquiry,3,15,Small Business,Male,2,3
202443,1,35,Self Enquiry,1,13,Salaried,Male,3,3
202444,1,42,Self Enquiry,3,7,Salaried,Fe Male,4,4
202445,0,50,Company Invited,1,15,Salaried,Male,4,5
202446,1,38,Self Enquiry,1,9,Free Lancer,Male,4,5
202447,0,34,Company Invited,1,10,Salaried,Female,3,4
202448,0,28,Self Enquiry,1,9,Small Business,Male,3,4
202449,0,33,Company Invited,1,9,Salaried,Male,4,4
202450,0,60,Self Enquiry,1,10,Small Business,Female,3,3
202451,0,31,Self Enquiry,1,31,Salaried,Male,4,4
202452,0,39,Company Invited,1,30,Salaried,Male,3,5
202453,0,37,Self Enquiry,1,34,Small Business,Male,4,4
202454,0,36,Self Enquiry,1,23,Small Business,Male,3,3
202455,0,30,Self Enquiry,1,22,Salaried,Female,3,5
202456,0,32,Self Enquiry,1,33,Salaried,Male,3,4
202457,0,35,Self Enquiry,1,26,Small Business,Male,4,4
202458,1,29,Self Enquiry,1,31,Salaried,Male,3,5
202459,0,30,Self Enquiry,1,28,Salaried,Female,3,3
202460,0,33,Self Enquiry,1,12,Salaried,Male,4,3
202461,0,23,Company Invited,1,23,Small Business,Male,4,3
202462,0,54,Self Enquiry,3,9,Salaried,Female,4,5
202463,0,39,Self Enquiry,1,9,Salaried,Male,3,4
202464,0,25,Company Invited,1,18,Salaried,Female,4,3
202465,1,37,Self Enquiry,3,16,Salaried,Male,3,5
202466,0,35,Self Enquiry,1,14,Salaried,Female,3,4
202467,0,22,Self Enquiry,1,22,Salaried,Male,4,
202468,1,35,Self Enquiry,1,13,Small Business,Male,3,4
202469,0,54,Self Enquiry,1,12,Salaried,Female,3,4
202470,1,33,Company Invited,1,23,Salaried,Female,4,6
202471,0,43,Self Enquiry,3,15,Small Business,Male,3,4
202472,0,45,Self Enquiry,1,14,Small Business,Female,3,5
202473,0,47,Self Enquiry,3,9,Small Business,Female,3,4
202474,0,34,Self Enquiry,1,9,Small Business,Male,4,4
202475,0,45,Self Enquiry,1,17,Salaried,Male,3,4
202476,0,31,Self Enquiry,1,16,Small Business,Male,3,5
202477,1,40,Self Enquiry,3,12,Large Business,Male,3,4
202478,1,25,Self Enquiry,1,7,Small Business,Male,4,4
202479,0,44,Self Enquiry,1,9,Small Business,Female,4,3
202480,1,51,Self Enquiry,3,10,Small Business,Male,3,5
202481,0,36,Self Enquiry,3,9,Small Business,Female,4,4
202482,0,37,Self Enquiry,1,12,Salaried,Female,3,5
202483,0,34,Company Invited,3,7,Salaried,Female,3,3
202484,0,36,Self Enquiry,1,11,Salaried,Male,4,4
202485,0,28,Self Enquiry,1,9,Salaried,Female,3,4
202486,1,27,Self Enquiry,1,32,Salaried,Male,3,6
202487,0,28,Company Invited,3,15,Salaried,Male,3,4
202488,0,31,Company Invited,1,7,Small Business,Female,3,4
202489,1,42,Self Enquiry,1,19,Large Business,Female,3,4
202490,0,35,Company Invited,3,30,Small Business,Male,4,4
202491,0,38,Self Enquiry,1,26,Salaried,Male,4,4
202492,0,47,Company Invited,3,12,Small Business,Male,4,4
202493,0,36,Self Enquiry,1,15,Salaried,Male,3,3
202494,1,49,Self Enquiry,1,7,Salaried,Male,4,5
202495,1,29,Self Enquiry,1,12,Large Business,Male,3,4
202496,0,45,Self Enquiry,3,7,Small Business,Female,4,4
202497,0,36,Company Invited,1,18,Small Business,Male,4,5
202498,0,27,Self Enquiry,3,30,Small Business,Female,3,5
202499,0,34,Company Invited,1,7,Salaried,Female,4,4
202500,0,36,Company Invited,3,25,Salaried,Male,4,4
202501,0,36,Self Enquiry,1,30,Small Business,Female,2,4
202502,0,32,Self Enquiry,1,14,Salaried,Male,3,4
202503,0,38,Self Enquiry,1,7,Salaried,Male,3,5
202504,0,33,Self Enquiry,1,7,Small Business,Male,3,4
202505,0,39,Company Invited,1,36,Salaried,Female,3,4
202506,0,51,Self Enquiry,1,14,Small Business,Female,3,5
202507,0,60,Self Enquiry,3,32,Salaried,Fe Male,3,4
202508,0,37,Self Enquiry,1,15,Large Business,Female,3,4
202509,0,56,Self Enquiry,1,15,Small Business,Female,3,4
202510,0,37,Company Invited,1,18,Salaried,Male,4,5
202511,0,46,Self Enquiry,1,14,Salaried,Male,3,4
202512,0,36,Company Invited,1,7,Small Business,Male,4,4
202513,1,37,Self Enquiry,1,16,Small Business,Male,4,5
202514,0,60,Company Invited,3,7,Salaried,Fe Male,3,5
202515,0,30,Self Enquiry,1,9,Salaried,Male,4,4
202516,0,32,Self Enquiry,1,7,Small Business,Male,3,4
202517,0,33,Self Enquiry,1,7,Salaried,Male,4,4
202518,0,37,Self Enquiry,1,13,Salaried,Female,3,3
202519,0,32,Self Enquiry,1,15,Salaried,Female,4,4
202520,0,36,Self Enquiry,3,7,Small Business,Male,3,5
202521,0,46,Self Enquiry,1,13,Salaried,Male,3,4
202522,0,38,Self Enquiry,1,14,Small Business,Male,2,4
202523,0,47,Self Enquiry,2,12,Small Business,Male,4,4
202524,0,31,Self Enquiry,1,7,Salaried,Male,3,5
202525,0,36,Self Enquiry,1,7,Small Business,Male,2,5
202526,0,56,Self Enquiry,3,7,Salaried,Male,4,4
202527,0,39,Company Invited,1,13,Small Business,Female,4,6
202528,0,35,Self Enquiry,1,7,Small Business,Male,4,4
202529,0,57,Self Enquiry,1,14,Salaried,Male,3,6
202530,0,24,Self Enquiry,3,9,Large Business,Male,4,4
202531,0,52,Self Enquiry,1,16,Salaried,Male,4,4
202532,0,31,Self Enquiry,1,9,Salaried,Male,3,5
202533,1,47,Self Enquiry,3,16,Small Business,Male,4,5
202534,0,41,Company Invited,1,7,Salaried,Male,4,5
202535,0,52,Self Enquiry,3,28,Small Business,Male,4,4
202536,0,31,Self Enquiry,3,11,Small Business,Female,4,5
202537,0,47,Company Invited,1,7,Small Business,Male,3,5
202538,0,33,Self Enquiry,3,13,Small Business,Male,3,4
202539,0,55,Self Enquiry,1,9,Large Business,Female,3,4
202540,0,25,Self Enquiry,3,10,Salaried,Female,3,4
202541,0,29,Company Invited,3,11,Small Business,Male,3,4
202542,0,59,Self Enquiry,3,17,Small Business,Male,3,4
202543,0,45,Company Invited,1,30,Small Business,Male,4,4
202544,1,38,Self Enquiry,2,13,Salaried,Male,4,4
202545,0,33,Self Enquiry,1,7,Salaried,Male,4,4
202546,1,21,Company Invited,1,13,Salaried,Female,4,5
202547,0,35,Self Enquiry,1,13,Salaried,Female,3,4
202548,0,38,Company Invited,1,9,Salaried,Male,4,5
202549,0,60,Company Invited,2,9,Salaried,Female,3,5
202550,0,51,Company Invited,1,7,Salaried,Female,4,4
202551,1,26,Self Enquiry,3,12,Small Business,Male,3,5
202552,0,26,Self Enquiry,1,14,Small Business,Male,4,5
202553,0,23,Self Enquiry,1,22,Small Business,Female,3,4
202554,0,52,Company Invited,1,7,Small Business,Fe Male,2,5
202555,1,35,Company Invited,1,14,Salaried,Male,4,6
202556,0,55,Company Invited,2,33,Salaried,Female,2,3
202557,0,25,Self Enquiry,1,25,Salaried,Male,3,4
202558,0,35,Self Enquiry,1,13,Salaried,Female,3,5
202559,0,38,Self Enquiry,3,10,Salaried,Male,3,4
202560,0,35,Self Enquiry,1,12,Small Business,Female,3,5
202561,0,37,Company Invited,3,18,Large Business,Female,4,4
202562,0,37,Self Enquiry,1,10,Salaried,Female,3,4
202563,0,44,Company Invited,3,33,Salaried,Male,4,4
202564,0,31,Company Invited,1,30,Salaried,Male,4,6
202565,0,34,Company Invited,3,29,Small Business,Male,4,4
202566,1,57,Self Enquiry,1,21,Salaried,Female,4,4
202567,0,52,Self Enquiry,1,13,Salaried,Male,3,4
202568,1,32,Self Enquiry,3,13,Salaried,Male,4,6
202569,0,27,Self Enquiry,1,13,Salaried,Female,3,5
202570,1,59,Self Enquiry,1,30,Small Business,Female,4,4
202571,1,20,Self Enquiry,3,29,Small Business,Male,3,4
202572,0,23,Self Enquiry,1,9,Large Business,Male,4,4
202573,0,50,Self Enquiry,1,27,Small Business,Female,4,4
202574,0,44,Company Invited,1,35,Small Business,Female,4,3
202575,0,51,Company Invited,3,19,Small Business,Fe Male,4,4
202576,1,32,Self Enquiry,3,27,Salaried,Female,4,6
202577,0,42,Self Enquiry,3,16,Salaried,Male,4,4
202578,0,27,Self Enquiry,2,32,Salaried,Female,4,4
202579,0,37,Self Enquiry,1,13,Small Business,Male,3,4
202580,1,52,Company Invited,1,15,Salaried,Male,3,6
202581,0,40,Self Enquiry,3,11,Salaried,Female,3,5
202582,0,26,Self Enquiry,3,35,Salaried,Male,3,5
202583,0,31,Self Enquiry,2,16,Salaried,Male,3,4
202584,1,33,Self Enquiry,1,16,Small Business,Female,3,4
202585,0,46,Self Enquiry,1,36,Small Business,Male,3,4
202586,0,39,Self Enquiry,1,10,Large Business,Female,3,4
202587,0,31,Self Enquiry,1,25,Salaried,Female,4,4
202588,0,33,Company Invited,3,16,Small Business,Male,3,6
202589,0,31,Self Enquiry,1,12,Large Business,Female,3,4
202590,0,31,Self Enquiry,1,9,Small Business,Male,3,5
202591,0,42,Company Invited,1,17,Salaried,Male,4,5
202592,0,42,Self Enquiry,1,16,Salaried,Male,4,4
202593,0,20,Self Enquiry,1,10,Small Business,Female,4,4
202594,0,41,Company Invited,1,33,Small Business,Female,3,4
202595,0,36,Self Enquiry,3,7,Small Business,Male,4,4
202596,0,54,Self Enquiry,3,13,Small Business,Male,3,4
202597,0,46,Self Enquiry,1,16,Salaried,Male,3,4
202598,0,33,Company Invited,3,15,Small Business,Fe Male,3,4
202599,0,30,Company Invited,1,7,Large Business,Male,3,4
202600,0,52,Self Enquiry,1,14,Small Business,Male,3,5
202601,0,59,Self Enquiry,1,16,Small Business,Female,4,5
202602,0,41,Self Enquiry,3,11,Small Business,Male,4,5
202603,0,35,Company Invited,3,9,Small Business,Female,4,4
202604,0,23,Self Enquiry,1,26,Small Business,Male,4,4
202605,0,28,Company Invited,1,16,Small Business,Male,3,4
202606,0,29,Self Enquiry,1,28,Small Business,Male,3,4
202607,0,58,Self Enquiry,1,31,Salaried,Male,3,3
202608,0,28,Company Invited,1,10,Small Business,Male,4,5
202609,0,51,Self Enquiry,1,18,Salaried,Female,3,4
202610,0,42,Self Enquiry,1,21,Salaried,Male,3,4
202611,0,31,Self Enquiry,3,12,Salaried,Female,3,4
202612,0,39,Self Enquiry,3,7,Salaried,Fe Male,3,5
202613,0,33,Self Enquiry,1,13,Salaried,Male,3,4
202614,0,28,Self Enquiry,1,24,Large Business,Male,3,4
202615,1,20,Company Invited,3,7,Large Business,Female,4,6
202616,0,37,Company Invited,1,10,Small Business,Male,2,4
202617,0,31,Company Invited,1,16,Small Business,Male,4,4
202618,0,46,Self Enquiry,3,11,Salaried,Female,2,4
202619,0,57,Self Enquiry,1,15,Salaried,Female,4,4
202620,0,34,Self Enquiry,1,9,Salaried,Male,3,4
202621,1,20,Self Enquiry,1,,Salaried,Male,3,5
202622,0,47,Self Enquiry,3,7,Small Business,Female,4,4
202623,0,39,Self Enquiry,1,16,Salaried,Female,4,4
202624,0,32,Self Enquiry,1,19,Small Business,Female,4,4
202625,0,35,Self Enquiry,1,34,Small Business,Female,4,4
202626,1,42,Self Enquiry,3,27,Small Business,Female,4,4
202627,0,51,Self Enquiry,1,7,Small Business,Male,3,5
202628,0,54,Self Enquiry,1,20,Small Business,Female,3,3
202629,0,34,Self Enquiry,1,21,Small Business,Female,4,4
202630,0,41,Self Enquiry,1,11,Small Business,Female,3,4
202631,0,56,Self Enquiry,1,21,Small Business,Male,4,3
202632,0,35,Company Invited,1,9,Salaried,Male,3,5
202633,0,52,Self Enquiry,1,10,Small Business,Female,4,4
202634,0,53,Self Enquiry,1,7,Salaried,Male,4,5
202635,0,28,Self Enquiry,1,16,Small Business,Female,3,4
202636,1,36,Self Enquiry,1,30,Salaried,Male,3,5
202637,0,44,Company Invited,1,14,Small Business,Male,3,3
202638,0,46,Company Invited,1,9,Small Business,Male,4,5
202639,0,38,Self Enquiry,1,28,Salaried,Male,4,3
202640,0,36,Company Invited,1,9,Small Business,Female,3,4
202641,0,43,Company Invited,1,28,Small Business,Female,3,4
202642,0,39,Self Enquiry,1,9,Salaried,Male,3,4
202643,0,39,Self Enquiry,1,36,Large Business,Male,3,4
202644,0,28,Company Invited,1,7,Large Business,Male,3,5
202645,0,50,Company Invited,1,25,Salaried,Male,4,4
202646,0,35,Company Invited,1,17,Small Business,Male,3,4
202647,0,41,Self Enquiry,1,26,Small Business,Male,3,4
202648,1,39,Self Enquiry,1,36,Small Business,Male,4,4
202649,1,30,Self Enquiry,3,34,Small Business,Female,3,4
202650,0,23,Self Enquiry,1,12,Salaried,Male,3,3
202651,0,37,Company Invited,1,25,Small Business,Female,4,4
202652,0,41,Company Invited,1,16,Salaried,Male,4,5
202653,0,47,Self Enquiry,1,7,Small Business,Male,4,4
202654,1,33,Self Enquiry,3,11,Small Business,Male,3,6
202655,0,31,Company Invited,1,7,Salaried,Male,3,5
202656,0,28,Company Invited,3,27,Salaried,Fe Male,3,4
202657,0,52,Self Enquiry,1,15,Salaried,Male,3,5
202658,1,31,Self Enquiry,1,10,Large Business,Female,3,4
202659,0,42,Self Enquiry,3,13,Salaried,Female,4,4
202660,1,31,Company Invited,3,33,Small Business,Fe Male,3,5
202661,1,30,Self Enquiry,1,7,Large Business,Male,3,4
202662,0,46,Company Invited,3,13,Small Business,Fe Male,3,5
202663,0,55,Self Enquiry,3,10,Small Business,Female,3,4
202664,0,37,Self Enquiry,1,12,Salaried,Male,4,4
202665,0,34,Self Enquiry,1,11,Small Business,Female,3,5
202666,0,38,Company Invited,1,18,Salaried,Male,3,4
202667,0,39,Self Enquiry,3,10,Salaried,Male,4,4
202668,0,32,Company Invited,1,7,Small Business,Male,3,6
202669,0,60,Self Enquiry,1,10,Salaried,Male,4,5
202670,0,38,Company Invited,3,11,Small Business,Male,3,4
202671,0,30,Company Invited,3,7,Small Business,Female,3,4
202672,0,36,Company Invited,3,7,Small Business,Fe Male,4,4
202673,1,30,Self Enquiry,1,25,Small Business,Male,3,5
202674,0,53,Self Enquiry,1,9,Salaried,Female,3,5
202675,0,43,Self Enquiry,1,11,Large Business,Male,3,4
202676,0,60,Self Enquiry,2,13,Small Business,Male,3,4
202677,0,51,Self Enquiry,3,7,Small Business,Female,4,4
202678,1,34,Self Enquiry,1,21,Small Business,Male,3,4
202679,0,44,Self Enquiry,3,23,Small Business,Female,4,4
202680,1,34,Self Enquiry,1,9,Salaried,Female,3,4
202681,0,53,Company Invited,3,9,Salaried,Male,4,5
202682,0,33,Self Enquiry,3,11,Salaried,Female,3,4
202683,1,33,Self Enquiry,1,7,Salaried,Male,4,5
202684,0,40,Self Enquiry,1,7,Small Business,Female,4,4
202685,0,33,Company Invited,3,33,Small Business,Male,4,4
202686,0,42,Self Enquiry,1,26,Salaried,Male,3,4
202687,0,41,Self Enquiry,1,31,Large Business,Male,4,4
202688,0,46,Self Enquiry,1,7,Salaried,Male,4,3
202689,0,32,Company Invited,1,10,Small Business,Male,4,4
202690,0,34,Self Enquiry,1,12,Salaried,Female,4,5
202691,0,35,Self Enquiry,1,9,Salaried,Male,3,5
202692,0,38,Self Enquiry,1,7,Small Business,Female,3,5
202693,0,46,Company Invited,1,14,Salaried,Male,4,3
202694,1,38,Company Invited,1,17,Small Business,Male,4,4
202695,0,40,Company Invited,1,9,Large Business,Female,4,4
202696,0,30,Self Enquiry,1,22,Salaried,Male,3,4
202697,0,43,Self Enquiry,1,24,Salaried,Fe Male,3,3
202698,0,30,Self Enquiry,3,27,Small Business,Male,3,4
202699,0,26,Self Enquiry,1,7,Salaried,Female,4,4
202700,0,43,Self Enquiry,1,9,Small Business,Female,3,5
202701,0,41,Self Enquiry,1,9,Small Business,Male,3,4
202702,0,52,Self Enquiry,1,7,Salaried,Male,4,4
202703,1,32,Company Invited,1,36,Small Business,Male,4,5
202704,0,33,Company Invited,1,14,Salaried,Male,4,3
202705,0,39,Company Invited,3,9,Salaried,Male,3,5
202706,0,33,Self Enquiry,1,9,Large Business,Male,3,5
202707,0,47,Self Enquiry,3,9,Large Business,Female,4,6
202708,1,29,Self Enquiry,1,9,Salaried,Male,4,4
202709,0,30,Self Enquiry,3,9,Small Business,Male,4,5
202710,0,32,Self Enquiry,1,30,Small Business,Male,4,5
202711,0,26,Company Invited,1,12,Salaried,Male,3,3
202712,0,46,Self Enquiry,1,27,Small Business,Male,4,4
202713,0,37,Self Enquiry,1,13,Salaried,Male,3,4
202714,0,56,Self Enquiry,1,7,Small Business,Male,3,4
202715,1,48,Company Invited,1,36,Salaried,Male,3,4
202716,0,29,Self Enquiry,1,16,Small Business,Male,4,4
202717,0,38,Self Enquiry,3,13,Small Business,Male,4,4
202718,0,22,Self Enquiry,1,10,Small Business,Male,4,5
202719,0,38,Company Invited,1,7,Small Business,Female,2,4
202720,0,36,Self Enquiry,1,29,Salaried,Female,4,3
202721,0,39,Self Enquiry,3,14,Small Business,Female,3,3
202722,0,27,Company Invited,1,7,Salaried,Female,3,4
202723,0,51,Self Enquiry,1,11,Salaried,Male,4,4
202724,0,54,Self Enquiry,1,10,Small Business,Male,3,4
202725,0,43,Self Enquiry,3,7,Salaried,Male,3,4
202726,0,30,Company Invited,3,9,Salaried,Male,3,4
202727,0,56,Self Enquiry,1,27,Large Business,Male,3,4
202728,0,27,Company Invited,1,18,Small Business,Male,3,4
202729,0,38,Self Enquiry,1,7,Salaried,Female,3,4
202730,1,45,Company Invited,1,31,Salaried,Male,3,4
202731,0,39,Self Enquiry,1,30,Salaried,Male,3,4
202732,1,27,Self Enquiry,1,23,Small Business,Male,3,4
202733,0,29,Self Enquiry,1,15,Salaried,Female,4,4
202734,0,50,Company Invited,1,17,Salaried,Female,3,4
202735,0,37,Self Enquiry,1,10,Large Business,Male,2,4
202736,0,32,Company Invited,3,12,Small Business,Female,3,4
202737,1,27,Self Enquiry,3,11,Small Business,Male,3,5
202738,0,38,Company Invited,1,16,Small Business,Male,3,4
202739,0,43,Company Invited,3,33,Small Business,Female,4,4
202740,1,19,Self Enquiry,1,10,Salaried,Male,3,4
202741,0,36,Self Enquiry,3,23,Small Business,Male,4,4
202742,0,37,Company Invited,1,25,Salaried,Male,3,3
202743,0,52,Self Enquiry,1,9,Small Business,Male,3,6
202744,0,42,Self Enquiry,3,9,Salaried,Male,3,4
202745,0,19,Self Enquiry,3,,Small Business,Female,4,5
202746,0,29,Self Enquiry,1,23,Small Business,Male,4,3
202747,0,32,Self Enquiry,3,14,Large Business,Male,4,3
202748,0,40,Self Enquiry,1,7,Small Business,Male,3,3
202749,0,37,Company Invited,1,31,Salaried,Female,3,4
202750,0,33,Self Enquiry,3,14,Salaried,Male,4,5
202751,0,39,Self Enquiry,1,32,Salaried,Female,3,5
202752,0,59,Company Invited,1,7,Salaried,Male,3,6
202753,0,32,Self Enquiry,1,12,Large Business,Male,3,4
202754,0,32,Self Enquiry,2,9,Salaried,Male,4,5
202755,0,46,Company Invited,1,14,Salaried,Male,4,4
202756,0,32,Self Enquiry,1,9,Salaried,Male,3,4
202757,0,34,Company Invited,1,12,Salaried,Female,4,4
202758,0,40,Self Enquiry,1,17,Small Business,Male,3,4
202759,0,44,Company Invited,1,17,Salaried,Female,3,4
202760,0,50,Self Enquiry,1,7,Large Business,Female,3,5
202761,1,53,Self Enquiry,1,15,Small Business,Male,3,5
202762,0,28,Self Enquiry,1,12,Salaried,Female,3,4
202763,0,33,Self Enquiry,3,15,Large Business,Female,4,5
202764,0,28,Self Enquiry,3,9,Salaried,Male,4,4
202765,0,32,Self Enquiry,3,14,Small Business,Male,4,4
202766,0,33,Self Enquiry,1,9,Small Business,Fe Male,4,3
202767,1,29,Self Enquiry,1,9,Small Business,Male,3,6
202768,0,31,Self Enquiry,1,35,Small Business,Female,4,4
202769,0,32,Company Invited,1,14,Salaried,Female,3,5
202770,0,40,Company Invited,1,6,Small Business,Male,3,5
202771,1,40,Self Enquiry,3,10,Small Business,Female,3,4
202772,0,34,Company Invited,3,17,Small Business,Male,3,5
202773,0,48,Self Enquiry,1,12,Salaried,Male,3,4
202774,0,44,Company Invited,1,17,Salaried,Female,3,5
202775,0,28,Company Invited,3,7,Small Business,Male,4,4
202776,0,55,Company Invited,1,27,Salaried,Fe Male,3,4
202777,0,44,Self Enquiry,1,14,Salaried,Female,3,4
202778,0,46,Self Enquiry,1,15,Salaried,Male,4,4
202779,0,41,Self Enquiry,3,7,Small Business,Male,3,6
202780,1,30,Self Enquiry,1,15,Salaried,Male,4,6
202781,0,30,Self Enquiry,1,16,Salaried,Male,2,5
202782,0,31,Self Enquiry,3,12,Small Business,Female,2,5
202783,0,28,Self Enquiry,3,15,Small Business,Female,3,4
202784,0,38,Self Enquiry,1,12,Small Business,Male,4,4
202785,0,39,Self Enquiry,1,22,Salaried,Male,4,5
202786,0,32,Self Enquiry,1,14,Small Business,Fe Male,3,4
202787,0,30,Self Enquiry,3,17,Small Business,Female,3,5
202788,0,36,Self Enquiry,1,12,Large Business,Male,4,4
202789,0,24,Self Enquiry,1,33,Salaried,Male,3,4
202790,0,42,Self Enquiry,1,13,Small Business,Male,4,5
202791,0,48,Company Invited,3,11,Small Business,Male,3,4
202792,0,43,Self Enquiry,1,30,Salaried,Female,3,4
202793,0,30,Company Invited,3,9,Salaried,Male,4,4
202794,0,43,Self Enquiry,2,9,Large Business,Male,3,4
202795,0,33,Self Enquiry,1,9,Small Business,Female,4,4
202796,0,49,Self Enquiry,3,36,Small Business,Female,4,4
202797,0,38,Self Enquiry,1,13,Small Business,Male,3,3
202798,0,31,Company Invited,3,32,Large Business,Female,3,4
202799,0,27,Self Enquiry,3,7,Salaried,Male,3,4
202800,0,43,Self Enquiry,1,9,Salaried,Male,4,5
202801,1,22,Company Invited,3,7,Large Business,Female,3,5
202802,0,37,Company Invited,3,7,Small Business,Fe Male,3,4
202803,0,37,Company Invited,3,10,Small Business,Male,3,5
202804,0,58,Self Enquiry,1,7,Small Business,Male,3,4
202805,0,41,Self Enquiry,1,17,Salaried,Female,3,3
202806,0,22,Company Invited,3,16,Small Business,Male,3,4
202807,1,34,Self Enquiry,3,12,Small Business,Female,3,4
202808,0,38,Self Enquiry,1,17,Small Business,Female,4,4
202809,0,47,Company Invited,1,14,Small Business,Female,2,4
202810,1,42,Company Invited,3,11,Small Business,Male,3,4
202811,0,51,Self Enquiry,1,17,Large Business,Male,4,5
202812,1,41,Self Enquiry,3,29,Small Business,Male,4,5
202813,0,32,Self Enquiry,1,16,Salaried,Male,3,5
202814,1,22,Self Enquiry,3,19,Salaried,Female,3,3
202815,0,30,Self Enquiry,1,30,Salaried,Male,3,4
202816,0,36,Self Enquiry,1,16,Salaried,Male,4,5
202817,0,28,Self Enquiry,1,7,Small Business,Male,3,4
202818,0,29,Self Enquiry,3,16,Salaried,Male,4,4
202819,0,50,Self Enquiry,1,14,Salaried,Male,3,5
202820,0,52,Self Enquiry,3,21,Salaried,Female,3,4
202821,0,37,Self Enquiry,1,9,Salaried,Female,4,4
202822,1,35,Company Invited,3,26,Small Business,Male,4,3
202823,0,56,Self Enquiry,1,9,Salaried,Female,4,4
202824,0,25,Self Enquiry,3,17,Small Business,Female,4,4
202825,0,31,Self Enquiry,3,9,Large Business,Male,4,4
202826,1,27,Company Invited,1,10,Large Business,Male,4,4
202827,0,23,Self Enquiry,1,18,Small Business,Female,3,4
202828,0,37,Self Enquiry,3,9,Small Business,Male,4,5
202829,1,31,Company Invited,1,11,Large Business,Male,3,4
202830,0,38,Self Enquiry,1,21,Salaried,Female,4,4
202831,0,41,Self Enquiry,3,9,Small Business,Female,3,4
202832,0,43,Self Enquiry,1,7,Salaried,Female,4,4
202833,0,38,Self Enquiry,1,17,Salaried,Male,3,4
202834,0,44,Self Enquiry,1,19,Salaried,Male,3,5
202835,0,41,Self Enquiry,1,9,Small Business,Female,4,5
202836,0,55,Self Enquiry,1,12,Small Business,Male,3,4
202837,0,35,Company Invited,3,11,Small Business,Female,4,4
202838,0,32,Self Enquiry,1,14,Small Business,Female,3,4
202839,0,44,Company Invited,1,28,Small Business,Male,4,4
202840,0,44,Self Enquiry,1,15,Salaried,Female,4,4
202841,0,26,Self Enquiry,3,11,Salaried,Female,3,5
202842,0,38,Company Invited,1,32,Small Business,Female,4,4
202843,0,32,Self Enquiry,1,7,Salaried,Male,4,5
202844,0,40,Company Invited,1,7,Salaried,Male,3,4
202845,0,57,Company Invited,3,13,Salaried,Female,3,3
202846,0,31,Self Enquiry,3,19,Large Business,Fe Male,3,4
202847,0,42,Self Enquiry,3,7,Small Business,Male,3,3
202848,0,29,Self Enquiry,1,24,Small Business,Male,4,4
202849,1,26,Self Enquiry,1,10,Small Business,Male,4,4
202850,0,53,Self Enquiry,1,10,Small Business,Male,3,5
202851,0,46,Self Enquiry,1,17,Salaried,Male,4,4
202852,0,53,Self Enquiry,1,11,Salaried,Female,2,4
202853,0,43,Company Invited,1,36,Salaried,Female,4,4
202854,0,31,Self Enquiry,1,9,Salaried,Fe Male,3,6
202855,0,61,Self Enquiry,1,14,Salaried,Female,3,4
202856,0,47,Self Enquiry,1,25,Small Business,Female,3,4
202857,0,43,Company Invited,1,35,Large Business,Female,3,5
202858,1,25,Self Enquiry,3,7,Large Business,Female,4,4
202859,1,35,Company Invited,3,13,Small Business,Female,3,6
202860,0,39,Company Invited,1,9,Salaried,Male,3,4
202861,0,41,Self Enquiry,3,9,Salaried,Female,4,4
202862,0,27,Self Enquiry,1,30,Salaried,Female,3,4
202863,0,31,Company Invited,1,10,Salaried,Male,3,4
202864,0,30,Self Enquiry,1,10,Small Business,Male,4,5
202865,1,30,Self Enquiry,1,32,Large Business,Female,4,5
202866,1,20,Self Enquiry,2,9,Large Business,Male,3,5
202867,0,31,Company Invited,3,29,Salaried,Female,4,4
202868,0,58,Self Enquiry,3,36,Small Business,Male,3,5
202869,0,51,Self Enquiry,1,36,Salaried,Male,3,5
202870,0,31,Company Invited,1,9,Small Business,Female,3,4
202871,0,61,Company Invited,3,35,Small Business,Female,4,5
202872,0,48,Self Enquiry,1,9,Small Business,Female,4,4
202873,0,47,Self Enquiry,1,9,Salaried,Male,3,4
202874,0,36,Self Enquiry,1,29,Salaried,Male,3,6
202875,0,55,Self Enquiry,1,15,Salaried,Female,3,4
202876,0,35,Self Enquiry,1,9,Salaried,Male,4,5
202877,0,47,Self Enquiry,3,17,Small Business,Female,4,5
202878,0,32,Self Enquiry,1,16,Salaried,Male,3,4
202879,1,34,Self Enquiry,1,22,Small Business,Male,3,4
202880,1,34,Self Enquiry,1,17,Small Business,Male,3,6
202881,0,31,Self Enquiry,3,14,Small Business,Male,3,4
202882,0,36,Self Enquiry,1,23,Salaried,Male,4,4
202883,1,32,Company Invited,1,27,Salaried,Male,4,4
202884,1,35,Company Invited,2,30,Salaried,Female,3,4
202885,0,43,Company Invited,1,12,Salaried,Male,4,4
202886,0,37,Company Invited,3,17,Small Business,Male,3,4
202887,1,23,Company Invited,1,11,Large Business,Male,3,5
202888,0,49,Self Enquiry,3,9,Small Business,Female,3,4
202889,0,56,Self Enquiry,3,25,Salaried,Female,3,4
202890,0,42,Company Invited,3,17,Salaried,Male,3,4
202891,0,36,Self Enquiry,3,7,Small Business,Male,3,4
202892,0,41,Self Enquiry,1,13,Salaried,Female,4,4
202893,0,40,Company Invited,1,15,Salaried,Female,3,4
202894,0,32,Self Enquiry,3,9,Salaried,Male,4,4
202895,0,43,Self Enquiry,1,31,Small Business,Male,3,4
202896,0,46,Self Enquiry,3,9,Salaried,Male,4,4
202897,1,27,Company Invited,2,24,Salaried,Female,3,4
202898,0,30,Self Enquiry,1,26,Large Business,Male,3,4
202899,0,34,Self Enquiry,1,7,Small Business,Female,4,3
202900,0,32,Self Enquiry,3,14,Salaried,Male,3,5
202901,1,19,Company Invited,3,12,Small Business,Male,4,4
202902,0,41,Company Invited,3,35,Salaried,Male,3,6
202903,0,42,Company Invited,1,9,Salaried,Fe Male,4,5
202904,0,27,Self Enquiry,3,36,Small Business,Male,3,4
202905,0,36,Self Enquiry,3,7,Small Business,Fe Male,4,4
202906,0,35,Self Enquiry,3,28,Salaried,Male,4,3
202907,1,27,Self Enquiry,1,31,Large Business,Male,4,6
202908,0,38,Self Enquiry,1,7,Large Business,Fe Male,3,4
202909,0,47,Company Invited,1,25,Small Business,Female,3,4
202910,0,42,Self Enquiry,3,9,Salaried,Female,4,4
202911,0,38,Company Invited,3,16,Small Business,Male,4,4
202912,0,53,Self Enquiry,1,13,Large Business,Male,4,4
202913,1,33,Company Invited,3,18,Salaried,Male,3,3
202914,0,25,Company Invited,3,31,Small Business,Male,3,4
202915,0,39,Self Enquiry,1,17,Small Business,Female,4,4
202916,0,38,Self Enquiry,1,7,Salaried,Female,4,4
202917,0,50,Self Enquiry,1,25,Salaried,Male,3,5
202918,0,25,Self Enquiry,1,30,Small Business,Male,3,3
202919,0,27,Self Enquiry,3,35,Small Business,Male,4,4
202920,0,25,Self Enquiry,1,24,Salaried,Male,4,5
202921,0,51,Company Invited,2,10,Small Business,Male,3,4
202922,0,26,Self Enquiry,3,20,Small Business,Male,3,4
202923,1,25,Company Invited,1,14,Salaried,Female,3,4
202924,1,31,Company Invited,3,19,Salaried,Male,4,5
202925,0,35,Self Enquiry,1,7,Salaried,Male,3,5
202926,1,32,Self Enquiry,3,20,Small Business,Male,3,4
202927,0,36,Self Enquiry,1,32,Salaried,Male,3,5
202928,0,32,Self Enquiry,3,13,Small Business,Male,4,3
202929,0,28,Self Enquiry,1,13,Small Business,Female,4,5
202930,0,38,Self Enquiry,3,9,Small Business,Male,4,4
202931,0,21,Self Enquiry,1,7,Salaried,Female,3,5
202932,0,43,Self Enquiry,1,9,Salaried,Female,3,4
202933,0,44,Self Enquiry,1,13,Salaried,Male,3,5
202934,0,39,Self Enquiry,1,7,Salaried,Female,3,4
202935,0,44,Company Invited,1,16,Small Business,Male,4,4
202936,0,49,Self Enquiry,1,7,Salaried,Female,3,5
202937,0,45,Self Enquiry,2,7,Salaried,Fe Male,3,5
202938,0,35,Self Enquiry,3,21,Large Business,Female,3,4
202939,1,28,Self Enquiry,3,9,Small Business,Male,3,4
202940,0,22,Self Enquiry,3,29,Large Business,Male,3,4
202941,0,45,Self Enquiry,1,10,Salaried,Male,3,4
202942,0,23,Self Enquiry,1,13,Small Business,Male,4,4
202943,0,34,Self Enquiry,3,15,Small Business,Male,3,4
202944,0,33,Self Enquiry,1,16,Salaried,Female,4,4
202945,0,31,Company Invited,1,10,Small Business,Female,4,4
202946,0,54,Self Enquiry,3,7,Small Business,Fe Male,3,4
202947,0,35,Self Enquiry,1,7,Salaried,Male,3,4
202948,1,46,Company Invited,3,33,Salaried,Female,4,4
202949,0,27,Self Enquiry,1,13,Salaried,Female,4,4
202950,0,38,Self Enquiry,1,10,Salaried,Male,3,4
202951,0,30,Self Enquiry,3,10,Small Business,Female,4,4
202952,0,36,Self Enquiry,1,13,Salaried,Male,3,6
202953,0,34,Company Invited,1,13,Salaried,Male,2,4
202954,0,55,Self Enquiry,2,26,Small Business,Male,3,4
202955,0,37,Self Enquiry,1,16,Small Business,Male,3,5
202956,0,28,Self Enquiry,1,10,Small Business,Male,3,5
202957,1,21,Self Enquiry,1,,Small Business,Male,3,4
202958,1,34,Company Invited,1,10,Salaried,Male,4,4
202959,0,36,Company Invited,1,10,Salaried,Male,3,
202960,0,24,Self Enquiry,1,11,Small Business,Male,3,3
202961,0,26,Self Enquiry,3,15,Salaried,Male,3,3
202962,0,39,Self Enquiry,3,14,Small Business,Female,3,5
202963,0,30,Company Invited,1,7,Salaried,Male,4,6
202964,0,49,Self Enquiry,3,9,Small Business,Male,3,3
202965,0,28,Company Invited,3,10,Small Business,Female,4,3
202966,0,38,Self Enquiry,1,17,Salaried,Male,4,3
202967,0,51,Self Enquiry,1,35,Small Business,Male,4,3
202968,0,35,Self Enquiry,1,16,Small Business,Fe Male,3,5
202969,1,25,Self Enquiry,3,10,Salaried,Female,4,4
202970,0,40,Self Enquiry,1,9,Large Business,Female,4,5
202971,0,33,Self Enquiry,3,17,Small Business,Male,3,4
202972,1,51,Company Invited,3,15,Large Business,Male,3,4
202973,0,39,Self Enquiry,1,7,Salaried,Fe Male,3,3
202974,0,28,Self Enquiry,1,7,Salaried,Female,4,4
202975,0,33,Self Enquiry,1,10,Salaried,Female,3,4
202976,0,48,Self Enquiry,3,21,Small Business,Male,3,4
202977,0,41,Company Invited,3,12,Salaried,Male,3,5
202978,0,54,Self Enquiry,1,14,Salaried,Male,3,3
202979,0,42,Self Enquiry,2,17,Salaried,Male,4,5
202980,0,61,Self Enquiry,3,23,Small Business,Male,3,4
202981,0,28,Company Invited,1,17,Salaried,Male,3,4
202982,0,42,Self Enquiry,2,7,Salaried,Male,3,5
202983,0,51,Self Enquiry,3,15,Small Business,Male,3,4
202984,1,29,Self Enquiry,1,7,Salaried,Female,4,6
202985,0,37,Company Invited,1,15,Salaried,Female,4,3
202986,0,39,Self Enquiry,1,7,Salaried,Fe Male,3,4
202987,0,45,Company Invited,1,31,Small Business,Male,3,6
202988,0,48,Company Invited,3,10,Small Business,Female,3,4
202989,0,31,Self Enquiry,3,34,Small Business,Male,3,4
202990,0,30,Self Enquiry,3,17,Salaried,Male,3,4
202991,1,43,Company Invited,1,26,Small Business,Male,3,3
202992,0,44,Company Invited,3,22,Salaried,Male,3,5
202993,0,35,Self Enquiry,1,15,Small Business,Fe Male,4,4
202994,0,24,Self Enquiry,1,16,Small Business,Male,3,4
202995,0,40,Self Enquiry,2,10,Salaried,Female,3,3
202996,0,57,Self Enquiry,1,16,Small Business,Male,3,4
202997,0,41,Self Enquiry,1,9,Small Business,Female,3,5
202998,0,28,Self Enquiry,1,14,Small Business,Fe Male,3,5
202999,0,30,Self Enquiry,3,17,Small Business,Male,3,4
203000,0,54,Self Enquiry,1,13,Salaried,Male,3,4
203001,0,36,Company Invited,1,9,Salaried,Female,4,4
203002,0,33,Company Invited,1,31,Salaried,Male,4,4
203003,0,39,Self Enquiry,1,9,Small Business,Male,4,4
203004,0,35,Self Enquiry,1,15,Salaried,Female,3,4
203005,0,53,Self Enquiry,3,10,Small Business,Male,3,5
203006,1,34,Self Enquiry,1,7,Salaried,Male,4,4
203007,0,26,Self Enquiry,3,33,Small Business,Fe Male,3,4
203008,0,46,Self Enquiry,3,9,Large Business,Male,3,6
203009,0,24,Self Enquiry,1,17,Small Business,Male,4,3
203010,1,48,Company Invited,3,34,Salaried,Fe Male,4,2
203011,0,35,Self Enquiry,3,9,Salaried,Male,3,4
203012,1,56,Self Enquiry,1,9,Small Business,Male,4,4
203013,0,37,Company Invited,3,15,Salaried,Male,4,5
203014,0,53,Company Invited,1,26,Small Business,Male,3,4
203015,0,27,Company Invited,1,7,Salaried,Female,4,6
203016,0,30,Self Enquiry,1,34,Small Business,Female,4,4
203017,1,27,Self Enquiry,3,15,Large Business,Male,3,5
203018,0,35,Self Enquiry,1,7,Salaried,Female,4,2
203019,0,55,Self Enquiry,1,26,Small Business,Female,4,4
203020,0,28,Company Invited,3,6,Small Business,Male,3,4
203021,0,38,Self Enquiry,1,17,Salaried,Female,3,4
203022,0,39,Company Invited,1,9,Salaried,Fe Male,4,2
203023,0,35,Self Enquiry,1,9,Small Business,Female,3,5
203024,0,36,Self Enquiry,3,15,Salaried,Female,4,4
203025,0,31,Self Enquiry,1,7,Salaried,Male,3,6
203026,0,41,Company Invited,1,9,Small Business,Female,3,2
203027,0,35,Self Enquiry,3,15,Salaried,Female,4,4
203028,0,43,Company Invited,1,15,Salaried,Male,4,4
203029,1,24,Self Enquiry,1,13,Salaried,Male,4,2
203030,0,25,Company Invited,1,16,Salaried,Male,3,5
203031,0,53,Self Enquiry,1,18,Salaried,Female,3,4
203032,0,51,Self Enquiry,1,9,Small Business,Male,4,4
203033,1,30,Self Enquiry,1,7,Salaried,Female,3,5
203034,0,34,Self Enquiry,1,14,Small Business,Male,3,4
203035,1,34,Self Enquiry,3,23,Small Business,Fe Male,4,4
203036,0,48,Self Enquiry,1,9,Salaried,Female,3,4
203037,0,37,Self Enquiry,1,7,Salaried,Female,3,4
203038,0,30,Self Enquiry,1,30,Salaried,Male,3,2
203039,1,59,Self Enquiry,1,9,Salaried,Male,3,4
203040,0,36,Self Enquiry,1,7,Salaried,Female,3,2
203041,0,43,Self Enquiry,1,7,Salaried,Female,3,5
203042,1,29,Self Enquiry,1,9,Small Business,Male,3,4
203043,0,37,Self Enquiry,2,20,Salaried,Male,3,4
203044,0,33,Self Enquiry,1,11,Salaried,Female,4,5
203045,0,41,Company Invited,1,23,Small Business,Male,3,5
203046,0,31,Self Enquiry,1,9,Small Business,Fe Male,3,5
203047,0,46,Self Enquiry,1,9,Salaried,Female,4,5
203048,0,43,Self Enquiry,1,36,Salaried,Male,4,4
203049,0,39,Company Invited,1,19,Salaried,Male,3,5
203050,0,35,Company Invited,1,23,Salaried,Female,4,5
203051,1,50,Self Enquiry,3,18,Small Business,Female,3,4
203052,1,56,Self Enquiry,3,9,Small Business,Male,3,4
203053,0,44,Self Enquiry,1,21,Salaried,Male,4,4
203054,0,28,Self Enquiry,1,12,Large Business,Male,3,5
203055,0,36,Self Enquiry,1,14,Salaried,Male,3,4
203056,0,29,Self Enquiry,3,9,Small Business,Female,3,4
203057,0,35,Self Enquiry,2,10,Salaried,Male,3,4
203058,1,27,Company Invited,1,12,Small Business,Female,3,5
203059,0,28,Company Invited,1,10,Small Business,Male,3,4
203060,0,52,Self Enquiry,3,33,Small Business,Female,4,4
203061,0,45,Self Enquiry,1,11,Small Business,Male,3,4
203062,0,26,Self Enquiry,1,9,Small Business,Male,4,2
203063,0,34,Self Enquiry,3,7,Small Business,Male,3,2
203064,0,36,Self Enquiry,1,34,Small Business,Female,3,5
203065,0,37,Self Enquiry,3,7,Salaried,Male,3,4
203066,0,33,Self Enquiry,3,20,Salaried,Male,4,4
203067,0,31,Company Invited,1,12,Salaried,Male,4,5
203068,0,54,Self Enquiry,3,14,Small Business,Female,4,5
203069,0,46,Self Enquiry,3,16,Small Business,Male,4,4
203070,0,33,Self Enquiry,1,15,Small Business,Female,4,2
203071,0,53,Company Invited,1,32,Small Business,Female,3,5
203072,0,38,Self Enquiry,3,23,Small Business,Male,4,5
203073,0,29,Self Enquiry,2,15,Small Business,Male,4,5
203074,0,23,Self Enquiry,1,7,Salaried,Male,3,5
203075,0,45,Self Enquiry,1,15,Salaried,Male,4,2
203076,0,43,Company Invited,1,9,Small Business,Male,3,4
203077,0,37,Self Enquiry,2,15,Salaried,Male,4,5
203078,0,26,Self Enquiry,3,10,Salaried,Male,4,4
203079,0,36,Self Enquiry,1,16,Salaried,Female,4,5
203080,1,36,Company Invited,1,32,Salaried,Female,4,4
203081,0,33,Company Invited,1,7,Salaried,Male,4,4
203082,0,26,Self Enquiry,3,11,Small Business,Male,3,5
203083,0,50,Self Enquiry,1,7,Large Business,Female,3,4
203084,0,25,Company Invited,1,11,Salaried,Male,3,5
203085,0,33,Company Invited,3,12,Salaried,Male,3,4
203086,0,39,Self Enquiry,3,16,Small Business,Male,4,5
203087,0,43,Self Enquiry,1,10,Salaried,Female,4,2
203088,0,32,Self Enquiry,1,18,Salaried,Male,3,4
203089,1,30,Self Enquiry,3,7,Small Business,Female,3,5
203090,0,54,Self Enquiry,3,15,Small Business,Male,4,4
203091,0,36,Self Enquiry,1,32,Large Business,Male,4,5
203092,0,38,Company Invited,3,28,Small Business,Female,3,4
203093,0,54,Self Enquiry,1,30,Salaried,Female,4,4
203094,0,44,Company Invited,1,7,Salaried,Female,3,4
203095,0,48,Self Enquiry,3,9,Small Business,Female,3,4
203096,0,38,Company Invited,3,26,Small Business,Male,3,4
203097,0,51,Company Invited,1,9,Salaried,Male,4,4
203098,0,40,Self Enquiry,2,9,Salaried,Female,3,5
203099,0,34,Self Enquiry,2,10,Salaried,Male,3,4
203100,1,33,Self Enquiry,1,32,Salaried,Male,3,4
203101,0,30,Self Enquiry,1,14,Small Business,Female,4,5
203102,0,45,Self Enquiry,1,16,Salaried,Male,4,4
203103,0,29,Self Enquiry,3,12,Small Business,Male,4,4
203104,1,59,Company Invited,1,9,Salaried,Male,3,5
203105,0,44,Self Enquiry,1,15,Salaried,Female,3,4
203106,1,21,Self Enquiry,3,9,Small Business,Female,3,5
203107,1,22,Self Enquiry,1,25,Salaried,Female,4,4
203108,0,37,Self Enquiry,1,21,Salaried,Male,4,4
203109,0,48,Self Enquiry,3,9,Salaried,Female,4,5
203110,1,23,Self Enquiry,1,10,Salaried,Female,3,4
203111,1,42,Self Enquiry,1,9,Salaried,Female,3,6
203112,0,29,Self Enquiry,1,16,Small Business,Female,4,4
203113,1,40,Self Enquiry,1,13,Small Business,Male,4,4
203114,0,28,Self Enquiry,1,11,Salaried,Female,4,4
203115,0,35,Self Enquiry,1,17,Salaried,Male,3,4
203116,0,43,Self Enquiry,3,21,Small Business,Fe Male,4,5
203117,0,34,Self Enquiry,1,7,Salaried,Male,4,5
203118,0,59,Self Enquiry,1,12,Large Business,Female,3,5
203119,0,32,Self Enquiry,3,14,Salaried,Male,3,5
203120,0,36,Self Enquiry,1,28,Salaried,Female,3,4
203121,0,50,Self Enquiry,1,15,Salaried,Female,3,4
203122,0,49,Self Enquiry,1,27,Small Business,Male,3,4
203123,0,32,Company Invited,3,27,Small Business,Female,3,4
203124,0,37,Self Enquiry,1,14,Salaried,Male,4,4
203125,0,39,Self Enquiry,1,7,Large Business,Female,4,4
203126,0,33,Company Invited,1,7,Salaried,Female,4,5
203127,1,26,Self Enquiry,3,26,Small Business,Male,3,5
203128,0,41,Self Enquiry,3,17,Small Business,Male,4,5
203129,0,27,Company Invited,3,7,Small Business,Male,3,5
203130,0,42,Self Enquiry,1,13,Small Business,Male,3,4
203131,0,37,Self Enquiry,1,9,Small Business,Male,4,4
203132,1,20,Self Enquiry,3,28,Salaried,Male,3,5
203133,1,21,Self Enquiry,1,11,Large Business,Male,3,4
203134,0,32,Self Enquiry,1,19,Small Business,Female,3,4
203135,0,41,Company Invited,1,16,Small Business,Male,3,4
203136,0,33,Self Enquiry,1,10,Small Business,Female,4,4
203137,1,37,Self Enquiry,3,10,Salaried,Male,3,5
203138,0,34,Self Enquiry,1,7,Salaried,Fe Male,3,5
203139,1,38,Self Enquiry,3,7,Salaried,Male,3,5
203140,0,46,Company Invited,1,11,Salaried,Male,3,4
203141,0,30,Company Invited,3,27,Large Business,Female,3,4
203142,0,36,Self Enquiry,3,25,Small Business,Female,3,4
203143,0,53,Self Enquiry,1,7,Salaried,Male,4,4
203144,1,59,Self Enquiry,1,9,Large Business,Male,3,4
203145,0,54,Self Enquiry,3,9,Small Business,Male,3,4
203146,0,31,Self Enquiry,3,15,Salaried,Male,4,4
203147,0,39,Company Invited,3,17,Large Business,Fe Male,3,4
203148,0,36,Self Enquiry,3,10,Salaried,Male,4,4
203149,0,40,Self Enquiry,3,9,Salaried,Male,3,2
203150,1,41,Company Invited,3,31,Salaried,Female,4,2
203151,0,48,Company Invited,1,23,Small Business,Male,4,2
203152,0,37,Company Invited,3,15,Large Business,Male,3,4
203153,1,32,Company Invited,1,16,Small Business,Male,3,5
203154,0,34,Company Invited,3,24,Salaried,Male,3,4
203155,1,30,Self Enquiry,1,17,Salaried,Female,4,5
203156,0,34,Self Enquiry,1,20,Salaried,Female,3,4
203157,0,46,Self Enquiry,1,7,Small Business,Female,4,4
203158,0,51,Self Enquiry,1,7,Small Business,Male,4,4
203159,0,34,Company Invited,1,7,Salaried,Female,3,2
203160,0,42,Company Invited,1,16,Small Business,Male,4,4
203161,0,28,Self Enquiry,1,23,Large Business,Female,3,4
203162,0,46,Company Invited,1,30,Salaried,Male,3,4
203163,0,48,Self Enquiry,3,11,Salaried,Female,3,4
203164,1,31,Self Enquiry,1,29,Salaried,Female,3,4
203165,0,51,Self Enquiry,1,31,Salaried,Male,4,4
203166,0,39,Company Invited,1,17,Small Business,Male,4,4
203167,0,47,Self Enquiry,1,14,Small Business,Male,4,4
203168,0,25,Self Enquiry,1,24,Small Business,Female,3,5
203169,1,36,Self Enquiry,1,21,Salaried,Male,3,5
203170,0,32,Company Invited,1,7,Salaried,Female,4,4
203171,0,19,Company Invited,1,,Salaried,Male,4,4
203172,0,55,Self Enquiry,1,24,Large Business,Female,3,4
203173,0,36,Self Enquiry,1,32,Small Business,Female,3,4
203174,0,31,Self Enquiry,1,15,Salaried,Female,4,2
203175,1,21,Self Enquiry,1,18,Small Business,Female,4,5
203176,1,31,Company Invited,1,12,Small Business,Female,3,4
203177,0,27,Self Enquiry,1,9,Small Business,Male,3,2
203178,0,23,Self Enquiry,1,15,Salaried,Male,4,6
203179,0,49,Self Enquiry,1,13,Salaried,Male,4,5
203180,0,49,Self Enquiry,1,11,Salaried,Male,4,5
203181,0,42,Self Enquiry,1,14,Small Business,Fe Male,3,4
203182,0,40,Self Enquiry,1,7,Salaried,Female,4,5
203183,0,28,Self Enquiry,1,9,Salaried,Female,3,4
203184,0,36,Self Enquiry,1,17,Salaried,Male,3,4
203185,0,43,Self Enquiry,3,12,Small Business,Male,3,4
203186,0,51,Self Enquiry,1,16,Salaried,Male,4,4
203187,0,60,Self Enquiry,1,9,Salaried,Female,4,5
203188,1,38,Self Enquiry,1,18,Small Business,Female,4,6
203189,0,56,Company Invited,1,25,Small Business,Male,4,4
203190,0,42,Company Invited,1,14,Salaried,Female,3,6
203191,0,39,Self Enquiry,3,10,Salaried,Male,3,4
203192,1,27,Company Invited,3,36,Small Business,Male,4,6
203193,1,53,Self Enquiry,3,9,Small Business,Female,3,6
203194,0,45,Self Enquiry,3,35,Small Business,Female,3,2
203195,0,51,Company Invited,3,7,Salaried,Female,4,4
203196,1,37,Self Enquiry,1,23,Salaried,Female,3,2
203197,0,40,Company Invited,1,29,Small Business,Female,3,4
203198,0,34,Company Invited,3,15,Salaried,Female,3,5
203199,0,46,Self Enquiry,3,18,Salaried,Female,3,4
203200,0,33,Company Invited,1,36,Small Business,Female,4,4
203201,0,35,Self Enquiry,3,7,Small Business,Male,4,2
203202,0,60,Self Enquiry,3,7,Large Business,Male,4,4
203203,0,46,Self Enquiry,2,31,Small Business,Male,3,4
203204,0,54,Company Invited,3,9,Small Business,Female,3,5
203205,1,37,Self Enquiry,1,22,Salaried,Male,3,4
203206,1,27,Company Invited,1,9,Salaried,Male,3,4
203207,0,35,Self Enquiry,3,17,Salaried,Female,3,4
203208,0,29,Self Enquiry,3,,Small Business,Male,4,4
203209,0,39,Company Invited,1,10,Salaried,Male,3,4
203210,0,51,Self Enquiry,1,9,Small Business,Male,4,4
203211,0,38,Self Enquiry,1,10,Salaried,Female,3,4
203212,0,41,Self Enquiry,3,33,Small Business,Male,4,4
203213,0,27,Company Invited,1,7,Small Business,Female,4,5
203214,0,47,Self Enquiry,1,7,Small Business,Male,3,4
203215,0,55,Self Enquiry,3,9,Salaried,Female,3,5
203216,0,57,Company Invited,1,16,Small Business,Female,4,4
203217,0,37,Self Enquiry,1,19,Small Business,Fe Male,3,5
203218,0,56,Company Invited,1,9,Small Business,Male,3,5
203219,0,44,Self Enquiry,3,32,Small Business,Male,4,5
203220,1,21,Company Invited,3,16,Small Business,Female,3,4
203221,1,22,Self Enquiry,1,17,Salaried,Female,3,5
203222,0,47,Self Enquiry,1,15,Salaried,Female,4,5
203223,1,52,Self Enquiry,1,11,Salaried,Male,3,4
203224,1,29,Company Invited,1,31,Large Business,Male,4,5
203225,0,27,Self Enquiry,1,7,Small Business,Male,3,5
203226,0,31,Self Enquiry,1,27,Salaried,Male,3,4
203227,0,42,Self Enquiry,1,14,Large Business,Female,3,2
203228,0,39,Self Enquiry,1,24,Salaried,Female,4,5
203229,0,41,Self Enquiry,1,27,Large Business,Male,4,4
203230,0,28,Company Invited,1,15,Salaried,Male,3,6
203231,0,56,Company Invited,1,9,Salaried,Male,4,4
203232,0,29,Self Enquiry,1,17,Salaried,Female,3,4
203233,1,45,Self Enquiry,2,7,Small Business,Male,4,5
203234,0,34,Self Enquiry,1,12,Salaried,Male,3,5
203235,1,36,Self Enquiry,3,11,Large Business,Male,3,4
203236,1,34,Company Invited,1,36,Small Business,Female,3,5
203237,0,29,Self Enquiry,1,22,Salaried,Male,3,4
203238,0,35,Company Invited,1,10,Salaried,Male,3,4
203239,0,38,Self Enquiry,3,17,Salaried,Female,3,5
203240,1,26,Self Enquiry,1,11,Large Business,Male,3,4
203241,1,27,Self Enquiry,1,28,Small Business,Male,3,4
203242,1,34,Self Enquiry,1,32,Small Business,Male,3,5
203243,0,43,Self Enquiry,1,9,Small Business,Male,3,4
203244,1,29,Company Invited,1,7,Small Business,Male,3,5
203245,1,51,Company Invited,3,7,Salaried,Male,3,4
203246,0,34,Company Invited,3,14,Salaried,Female,2,4
203247,0,35,Company Invited,1,10,Salaried,Male,3,5
203248,0,49,Company Invited,1,7,Small Business,Male,3,2
203249,0,46,Company Invited,3,16,Salaried,Female,4,5
203250,0,53,Self Enquiry,1,14,Salaried,Male,3,4
203251,0,39,Self Enquiry,3,17,Small Business,Male,4,5
203252,0,30,Self Enquiry,1,35,Salaried,Female,4,4
203253,0,29,Self Enquiry,1,10,Small Business,Female,4,4
203254,0,47,Self Enquiry,3,10,Small Business,Male,3,4
203255,0,39,Self Enquiry,3,9,Small Business,Male,3,4
203256,0,44,Company Invited,1,34,Salaried,Female,3,4
203257,1,40,Company Invited,1,9,Salaried,Male,3,4
203258,0,41,Self Enquiry,1,21,Small Business,Male,3,5
203259,0,22,Self Enquiry,1,7,Large Business,Female,4,5
203260,0,40,Company Invited,1,16,Salaried,Male,4,4
203261,0,37,Company Invited,1,25,Salaried,Male,4,4
203262,0,32,Company Invited,3,27,Salaried,Male,4,2
203263,0,29,Self Enquiry,1,9,Salaried,Male,4,5
203264,0,36,Company Invited,3,18,Small Business,Male,3,4
203265,0,50,Self Enquiry,3,15,Large Business,Male,3,5
203266,0,35,Company Invited,1,9,Salaried,Male,4,4
203267,0,30,Company Invited,1,17,Salaried,Female,4,4
203268,0,43,Self Enquiry,1,36,Small Business,Male,3,6
203269,0,30,Self Enquiry,1,15,Small Business,Male,4,5
203270,0,39,Self Enquiry,2,7,Salaried,Male,3,2
203271,0,29,Company Invited,1,13,Salaried,Male,3,5
203272,1,19,Company Invited,1,15,Small Business,Male,4,4
203273,1,34,Self Enquiry,3,16,Small Business,Fe Male,4,4
203274,0,42,Self Enquiry,1,19,Salaried,Male,3,4
203275,1,32,Company Invited,1,22,Small Business,Male,4,4
203276,0,38,Self Enquiry,1,32,Small Business,Female,3,5
203277,0,28,Self Enquiry,1,13,Salaried,Male,3,5
203278,0,35,Self Enquiry,3,16,Salaried,Female,4,4
203279,0,36,Self Enquiry,2,15,Large Business,Male,4,4
203280,1,30,Self Enquiry,3,30,Salaried,Female,3,5
203281,0,41,Company Invited,1,16,Small Business,Female,3,4
203282,1,43,Company Invited,3,19,Salaried,Male,3,4
203283,0,43,Self Enquiry,3,11,Small Business,Male,3,4
203284,0,36,Self Enquiry,1,7,Small Business,Male,3,5
203285,0,25,Self Enquiry,1,31,Small Business,Male,3,4
203286,1,29,Self Enquiry,1,19,Salaried,Female,4,4
203287,0,27,Self Enquiry,1,10,Small Business,Male,3,2
203288,0,31,Self Enquiry,3,17,Small Business,Male,4,5
203289,0,41,Company Invited,1,33,Small Business,Female,4,5
203290,0,36,Self Enquiry,1,9,Salaried,Male,3,5
203291,0,35,Company Invited,1,7,Small Business,Male,4,5
203292,0,36,Company Invited,1,11,Salaried,Male,3,5
203293,1,44,Self Enquiry,3,16,Small Business,Fe Male,3,6
203294,0,33,Company Invited,3,9,Salaried,Female,4,4
203295,0,57,Self Enquiry,1,11,Large Business,Female,4,4
203296,0,30,Self Enquiry,1,13,Small Business,Female,3,4
203297,0,20,Self Enquiry,1,16,Salaried,Male,3,4
203298,0,46,Self Enquiry,1,14,Small Business,Female,3,4
203299,0,38,Self Enquiry,1,7,Salaried,Female,3,5
203300,0,21,Self Enquiry,1,10,Salaried,Male,3,5
203301,1,45,Self Enquiry,1,17,Salaried,Male,4,4
203302,0,54,Self Enquiry,1,14,Small Business,Female,3,4
203303,0,30,Self Enquiry,1,22,Salaried,Female,4,6
203304,1,23,Company Invited,1,10,Salaried,Male,3,5
203305,0,47,Self Enquiry,3,9,Small Business,Female,4,4
203306,0,45,Company Invited,1,24,Salaried,Male,4,6
203307,0,34,Self Enquiry,2,9,Salaried,Male,3,4
203308,1,42,Company Invited,1,12,Salaried,Male,4,5
203309,0,31,Self Enquiry,3,36,Salaried,Male,4,4
203310,0,41,Company Invited,3,9,Small Business,Male,4,4
203311,0,51,Company Invited,1,9,Small Business,Female,2,4
203312,0,29,Self Enquiry,1,26,Small Business,Male,4,5
203313,0,47,Self Enquiry,1,22,Salaried,Male,3,4
203314,0,36,Self Enquiry,3,24,Salaried,Male,4,4
203315,1,25,Self Enquiry,1,24,Salaried,Female,4,4
203316,0,34,Company Invited,3,32,Small Business,Female,3,4
203317,0,37,Self Enquiry,1,13,Salaried,Male,3,6
203318,0,31,Self Enquiry,1,14,Salaried,Male,3,4
203319,0,45,Self Enquiry,1,36,Salaried,Male,3,4
203320,0,21,Self Enquiry,3,28,Small Business,Male,3,2
203321,0,47,Self Enquiry,1,9,Large Business,Male,3,4
203322,0,43,Company Invited,2,9,Small Business,Male,4,2
203323,0,61,Self Enquiry,3,14,Small Business,Male,3,2
203324,0,33,Company Invited,1,20,Salaried,Female,4,5
203325,0,33,Company Invited,1,9,Salaried,Fe Male,3,4
203326,0,37,Self Enquiry,1,7,Large Business,Female,4,6
203327,0,34,Self Enquiry,1,16,Small Business,Male,3,4
203328,0,41,Self Enquiry,3,17,Large Business,Female,3,5
203329,0,26,Self Enquiry,3,17,Salaried,Male,3,4
203330,0,31,Self Enquiry,1,7,Small Business,Male,4,4
203331,0,43,Company Invited,1,33,Small Business,Female,3,4
203332,0,36,Company Invited,3,15,Small Business,Female,4,5
203333,0,28,Self Enquiry,1,21,Salaried,Male,3,4
203334,0,55,Company Invited,1,7,Salaried,Female,3,4
203335,0,45,Self Enquiry,1,9,Salaried,Female,4,2
203336,1,20,Company Invited,1,17,Small Business,Female,4,5
203337,0,30,Self Enquiry,1,7,Salaried,Female,4,4
203338,0,55,Self Enquiry,1,10,Salaried,Male,3,4
203339,0,32,Self Enquiry,1,18,Small Business,Male,4,4
203340,0,32,Self Enquiry,1,31,Small Business,Fe Male,4,5
203341,0,60,Self Enquiry,3,10,Salaried,Fe Male,3,5
203342,0,44,Self Enquiry,1,10,Salaried,Male,4,6
203343,0,50,Self Enquiry,1,11,Small Business,Male,3,5
203344,0,37,Company Invited,1,10,Large Business,Male,3,4
203345,0,49,Self Enquiry,1,9,Large Business,Male,4,2
203346,0,28,Self Enquiry,1,11,Salaried,Male,4,4
203347,0,30,Self Enquiry,1,14,Salaried,Male,3,4
203348,0,49,Self Enquiry,1,7,Salaried,Male,4,5
203349,0,30,Self Enquiry,1,7,Salaried,Female,3,5
203350,0,35,Self Enquiry,1,27,Large Business,Female,3,2
203351,0,45,Self Enquiry,3,12,Small Business,Male,3,4
203352,0,34,Self Enquiry,3,17,Small Business,Male,3,2
203353,0,20,Self Enquiry,1,32,Salaried,Female,3,2
203354,0,24,Self Enquiry,1,7,Salaried,Male,3,4
203355,1,26,Company Invited,3,,Salaried,Male,4,6
203356,0,27,Self Enquiry,1,11,Salaried,Male,3,4
203357,1,46,Self Enquiry,3,9,Small Business,Female,4,6
203358,0,56,Company Invited,1,15,Small Business,Male,3,5
203359,1,22,Company Invited,1,17,Salaried,Female,3,5
203360,0,47,Self Enquiry,3,11,Small Business,Female,3,5
203361,0,35,Self Enquiry,3,9,Small Business,Female,3,4
203362,0,52,Company Invited,3,16,Salaried,Male,3,4
203363,0,60,Self Enquiry,1,25,Small Business,Male,4,4
203364,0,35,Company Invited,1,26,Small Business,Female,3,4
203365,0,29,Company Invited,1,7,Small Business,Male,3,4
203366,0,45,Self Enquiry,1,11,Salaried,Male,4,2
203367,0,35,Company Invited,2,18,Salaried,Male,3,5
203368,0,36,Self Enquiry,1,13,Salaried,Male,4,4
203369,0,43,Self Enquiry,1,14,Small Business,Female,4,2
203370,0,44,Self Enquiry,3,11,Small Business,Female,3,5
203371,0,37,Self Enquiry,1,9,Salaried,Fe Male,3,4
203372,1,45,Self Enquiry,1,22,Small Business,Female,4,4
203373,0,29,Company Invited,1,9,Salaried,Male,3,5
203374,0,52,Company Invited,1,13,Small Business,Female,3,5
203375,0,31,Company Invited,1,16,Small Business,Female,4,4
203376,1,30,Self Enquiry,1,14,Large Business,Female,3,4
203377,0,29,Self Enquiry,1,7,Large Business,Male,3,4
203378,0,26,Self Enquiry,1,7,Small Business,Female,3,4
203379,0,33,Self Enquiry,3,15,Small Business,Male,3,2
203380,0,46,Company Invited,1,32,Small Business,Female,3,4
203381,0,40,Self Enquiry,1,20,Small Business,Female,4,5
203382,0,59,Self Enquiry,1,30,Salaried,Male,3,4
203383,1,33,Self Enquiry,1,14,Salaried,Male,4,4
203384,1,40,Self Enquiry,1,30,Small Business,Male,4,4
203385,0,31,Self Enquiry,1,13,Large Business,Female,3,5
203386,0,37,Self Enquiry,1,17,Large Business,Female,4,4
203387,0,47,Self Enquiry,2,7,Salaried,Female,3,4
203388,0,29,Company Invited,1,7,Salaried,Female,3,6
203389,0,51,Self Enquiry,1,35,Salaried,Female,3,4
203390,1,41,Self Enquiry,3,32,Small Business,Male,3,5
203391,1,53,Self Enquiry,3,12,Salaried,Male,4,4
203392,0,31,Self Enquiry,1,24,Small Business,Female,4,4
203393,0,40,Self Enquiry,1,25,Salaried,Male,3,4
203394,0,32,Company Invited,3,9,Salaried,Female,3,4
203395,0,42,Company Invited,3,17,Small Business,Male,3,6
203396,1,32,Company Invited,3,7,Salaried,Female,3,4
203397,1,45,Self Enquiry,1,10,Salaried,Male,3,4
203398,0,43,Company Invited,1,9,Salaried,Male,3,4
203399,0,56,Self Enquiry,1,9,Small Business,Female,3,6
203400,0,57,Self Enquiry,2,15,Salaried,Male,3,4
203401,0,41,Company Invited,1,23,Salaried,Male,4,4
203402,0,35,Self Enquiry,1,16,Salaried,Male,3,4
203403,0,41,Self Enquiry,1,9,Salaried,Male,4,4
203404,0,42,Company Invited,3,7,Small Business,Female,4,4
203405,0,36,Company Invited,1,11,Salaried,Male,3,4
203406,0,52,Self Enquiry,2,12,Salaried,Male,3,4
203407,0,39,Self Enquiry,3,9,Salaried,Female,3,4
203408,0,35,Self Enquiry,3,22,Small Business,Fe Male,4,4
203409,0,26,Self Enquiry,1,26,Small Business,Male,4,4
203410,1,59,Self Enquiry,1,14,Small Business,Female,3,5
203411,0,41,Self Enquiry,1,7,Salaried,Male,3,4
203412,0,37,Company Invited,3,14,Small Business,Female,3,2
203413,0,49,Self Enquiry,1,11,Salaried,Male,3,4
203414,0,28,Self Enquiry,3,18,Small Business,Female,4,2
203415,0,52,Self Enquiry,1,18,Large Business,Female,3,5
203416,0,19,Company Invited,1,7,Salaried,Female,4,4
203417,0,36,Self Enquiry,1,7,Small Business,Female,3,5
203418,0,28,Company Invited,3,9,Salaried,Male,3,6
203419,1,56,Self Enquiry,3,20,Small Business,Male,3,2
203420,0,57,Self Enquiry,1,30,Salaried,Male,4,4
203421,0,35,Company Invited,1,33,Large Business,Female,4,5
203422,0,41,Self Enquiry,1,9,Small Business,Female,3,2
203423,0,35,Self Enquiry,1,36,Small Business,Male,3,4
203424,1,32,Company Invited,3,9,Salaried,Female,3,5
203425,1,36,Company Invited,3,25,Small Business,Female,4,4
203426,0,39,Company Invited,1,14,Salaried,Male,3,2
203427,0,35,Self Enquiry,1,9,Large Business,Fe Male,4,4
203428,0,29,Self Enquiry,3,33,Salaried,Male,3,5
203429,1,32,Self Enquiry,1,29,Small Business,Male,4,4
203430,0,40,Self Enquiry,3,28,Salaried,Male,3,5
203431,0,52,Company Invited,3,9,Small Business,Male,3,4
203432,0,42,Company Invited,1,29,Salaried,Female,4,4
203433,0,38,Self Enquiry,1,11,Salaried,Male,3,4
203434,0,34,Company Invited,3,12,Salaried,Male,4,4
203435,0,33,Self Enquiry,3,9,Small Business,Male,3,4
203436,0,40,Company Invited,1,32,Salaried,Male,4,4
203437,0,26,Self Enquiry,3,25,Salaried,Male,4,2
203438,0,53,Company Invited,1,35,Small Business,Female,3,2
203439,0,44,Self Enquiry,1,13,Small Business,Female,4,5
203440,0,28,Self Enquiry,3,17,Small Business,Female,4,5
203441,1,28,Self Enquiry,1,24,Salaried,Female,3,4
203442,0,27,Self Enquiry,1,9,Small Business,Male,3,5
203443,0,43,Self Enquiry,2,17,Salaried,Female,3,4
203444,0,53,Self Enquiry,1,15,Salaried,Female,3,4
203445,0,38,Self Enquiry,1,18,Small Business,Female,4,4
203446,0,36,Company Invited,1,25,Salaried,Male,3,4
203447,0,26,Self Enquiry,1,7,Large Business,Male,3,4
203448,0,27,Self Enquiry,1,14,Salaried,Male,4,2
203449,0,30,Self Enquiry,2,24,Salaried,Male,3,5
203450,1,50,Company Invited,1,35,Salaried,Male,4,5
203451,1,30,Company Invited,1,21,Salaried,Fe Male,3,4
203452,0,55,Self Enquiry,1,7,Small Business,Female,3,4
203453,0,59,Self Enquiry,1,7,Small Business,Female,4,4
203454,0,56,Self Enquiry,1,7,Small Business,Male,3,2
203455,0,37,Self Enquiry,3,10,Small Business,Fe Male,3,4
203456,1,32,Company Invited,3,7,Salaried,Female,3,
203457,0,31,Self Enquiry,3,14,Small Business,Female,4,4
203458,0,32,Self Enquiry,1,15,Salaried,Female,4,4
203459,0,35,Company Invited,1,7,Salaried,Male,4,4
203460,1,32,Self Enquiry,1,15,Salaried,Female,3,
203461,0,28,Self Enquiry,1,18,Salaried,Male,4,4
203462,0,37,Self Enquiry,1,11,Salaried,Male,3,5
203463,0,37,Self Enquiry,3,23,Small Business,Female,4,5
203464,0,48,Self Enquiry,1,7,Large Business,Male,4,4
203465,1,26,Self Enquiry,3,16,Salaried,Male,4,5
203466,0,38,Company Invited,1,12,Large Business,Male,3,2
203467,0,57,Self Enquiry,1,7,Salaried,Female,3,4
203468,0,48,Self Enquiry,1,9,Small Business,Female,3,4
203469,0,25,Self Enquiry,3,11,Small Business,Female,3,4
203470,0,33,Self Enquiry,3,14,Small Business,Male,4,4
203471,0,35,Self Enquiry,1,7,Salaried,Female,3,5
203472,0,42,Self Enquiry,1,12,Small Business,Male,3,2
203473,0,41,Company Invited,1,16,Salaried,Male,3,4
203474,0,32,Self Enquiry,3,15,Salaried,Male,3,4
203475,1,47,Self Enquiry,3,16,Small Business,Male,3,4
203476,1,40,Company Invited,1,9,Salaried,Female,3,5
203477,1,32,Company Invited,1,7,Salaried,Fe Male,4,2
203478,0,46,Self Enquiry,1,27,Small Business,Male,4,6
203479,0,32,Self Enquiry,2,15,Small Business,Female,4,2
203480,1,32,Company Invited,1,9,Salaried,Male,4,4
203481,0,46,Self Enquiry,1,36,Large Business,Male,3,4
203482,0,49,Self Enquiry,3,14,Small Business,Male,4,4
203483,1,35,Self Enquiry,2,16,Large Business,Female,3,4
203484,0,41,Company Invited,1,15,Small Business,Male,3,5
203485,0,29,Self Enquiry,3,12,Small Business,Male,3,4
203486,0,45,Company Invited,1,12,Salaried,Male,3,5
203487,0,54,Self Enquiry,1,9,Small Business,Male,3,2
203488,0,50,Self Enquiry,1,12,Large Business,Male,4,4
203489,0,41,Self Enquiry,1,9,Small Business,Male,4,4
203490,0,45,Self Enquiry,1,27,Salaried,Male,3,4
203491,0,34,Company Invited,3,14,Small Business,Male,3,4
203492,0,35,Self Enquiry,3,10,Salaried,Male,3,6
203493,0,31,Self Enquiry,3,23,Salaried,Male,4,4
203494,0,43,Company Invited,1,16,Small Business,Female,4,4
203495,0,45,Company Invited,3,7,Small Business,Female,4,4
203496,0,31,Company Invited,1,14,Large Business,Male,4,
203497,0,58,Self Enquiry,1,7,Salaried,Male,4,2
203498,0,50,Self Enquiry,1,14,Salaried,Male,3,4
203499,0,35,Company Invited,1,22,Small Business,Male,4,4
203500,1,29,Company Invited,3,7,Large Business,Male,4,4
203501,1,30,Company Invited,3,20,Large Business,Fe Male,3,4
203502,1,35,Self Enquiry,3,31,Small Business,Female,3,5
203503,0,36,Self Enquiry,3,14,Salaried,Male,4,4
203504,1,25,Company Invited,1,16,Small Business,Male,3,4
203505,0,25,Company Invited,3,20,Salaried,Female,4,4
203506,0,45,Company Invited,1,9,Small Business,Male,3,4
203507,0,30,Self Enquiry,3,26,Salaried,Male,4,5
203508,0,31,Self Enquiry,2,7,Salaried,Male,3,4
203509,0,56,Self Enquiry,1,11,Salaried,Male,2,4
203510,0,34,Self Enquiry,1,11,Small Business,Female,3,5
203511,0,48,Self Enquiry,3,21,Small Business,Female,4,4
203512,1,29,Company Invited,1,9,Small Business,Male,3,5
203513,0,29,Self Enquiry,1,7,Salaried,Male,4,5
203514,0,29,Company Invited,3,14,Salaried,Male,3,4
203515,0,50,Self Enquiry,1,10,Small Business,Female,3,5
203516,0,30,Company Invited,1,9,Salaried,Female,4,4
203517,0,29,Self Enquiry,1,36,Salaried,Male,4,6
203518,0,34,Self Enquiry,1,15,Salaried,Male,4,4
203519,0,33,Self Enquiry,1,17,Small Business,Male,2,4
203520,0,55,Company Invited,1,18,Small Business,Female,3,4
203521,1,30,Self Enquiry,1,7,Large Business,Male,4,5
203522,0,45,Self Enquiry,1,35,Salaried,Male,3,4
203523,0,40,Self Enquiry,1,13,Salaried,Fe Male,3,4
203524,0,47,Self Enquiry,3,10,Salaried,Female,3,4
203525,0,36,Self Enquiry,1,23,Salaried,Fe Male,4,5
203526,0,24,Self Enquiry,1,27,Salaried,Male,4,4
203527,1,41,Self Enquiry,1,16,Salaried,Male,3,4
203528,0,35,Self Enquiry,3,7,Large Business,Male,4,5
203529,1,32,Company Invited,1,10,Salaried,Female,3,4
203530,0,51,Company Invited,1,29,Small Business,Male,3,6
203531,0,35,Self Enquiry,3,14,Large Business,Male,3,4
203532,0,43,Self Enquiry,1,9,Small Business,Male,4,5
203533,0,38,Self Enquiry,1,20,Small Business,Male,3,4
203534,0,30,Self Enquiry,1,15,Salaried,Female,3,6
203535,0,34,Self Enquiry,1,32,Salaried,Male,3,5
203536,0,46,Self Enquiry,1,35,Large Business,Male,4,4
203537,0,43,Company Invited,1,9,Salaried,Male,3,4
203538,0,41,Self Enquiry,3,16,Small Business,Male,3,4
203539,0,34,Self Enquiry,1,35,Salaried,Male,4,4
203540,0,41,Self Enquiry,2,13,Small Business,Male,3,4
203541,0,25,Self Enquiry,1,28,Large Business,Male,3,5
203542,0,41,Company Invited,1,15,Salaried,Male,4,4
203543,0,46,Self Enquiry,1,7,Large Business,Male,4,4
203544,0,36,Self Enquiry,3,35,Salaried,Female,4,5
203545,0,33,Self Enquiry,1,12,Salaried,Female,4,5
203546,0,37,Self Enquiry,3,9,Salaried,Male,4,4
203547,0,49,Self Enquiry,3,23,Salaried,Female,4,4
203548,0,30,Self Enquiry,1,16,Salaried,Male,4,2
203549,0,34,Self Enquiry,3,15,Salaried,Male,3,4
203550,1,31,Self Enquiry,3,7,Salaried,Male,4,5
203551,0,39,Company Invited,2,17,Salaried,Male,4,4
203552,0,36,Self Enquiry,1,7,Small Business,Male,4,5
203553,0,31,Self Enquiry,3,36,Large Business,Male,3,4
203554,1,36,Self Enquiry,1,9,Salaried,Female,4,4
203555,1,54,Self Enquiry,1,9,Large Business,Female,4,5
203556,1,39,Self Enquiry,1,9,Small Business,Male,3,4
203557,0,33,Company Invited,1,7,Large Business,Male,4,4
203558,0,49,Self Enquiry,1,22,Salaried,Female,4,4
203559,0,35,Self Enquiry,1,14,Small Business,Male,3,4
203560,0,56,Self Enquiry,3,33,Small Business,Male,3,5
203561,0,35,Self Enquiry,1,7,Salaried,Male,3,4
203562,0,27,Self Enquiry,1,10,Salaried,Female,3,4
203563,0,39,Self Enquiry,3,21,Salaried,Male,4,4
203564,0,39,Self Enquiry,3,23,Salaried,Female,3,4
203565,0,37,Self Enquiry,3,7,Salaried,Fe Male,4,4
203566,0,30,Self Enquiry,1,10,Small Business,Male,3,4
203567,0,36,Self Enquiry,1,17,Small Business,Fe Male,3,4
203568,0,40,Self Enquiry,3,13,Small Business,Male,3,2
203569,0,30,Company Invited,1,9,Salaried,Male,3,4
203570,0,51,Self Enquiry,3,6,Small Business,Male,3,4
203571,0,24,Self Enquiry,1,17,Large Business,Male,3,2
203572,0,37,Company Invited,1,13,Salaried,Male,4,2
203573,0,43,Self Enquiry,1,16,Salaried,Male,4,5
203574,0,36,Self Enquiry,1,35,Salaried,Male,3,2
203575,0,35,Company Invited,1,17,Large Business,Male,4,5
203576,0,41,Self Enquiry,3,21,Salaried,Female,3,4
203577,0,44,Self Enquiry,1,34,Large Business,Male,3,2
203578,0,36,Self Enquiry,1,14,Salaried,Male,4,5
203579,0,47,Self Enquiry,3,7,Salaried,Male,3,2
203580,1,29,Self Enquiry,1,31,Small Business,Male,3,4
203581,0,23,Company Invited,1,33,Salaried,Female,3,5
203582,0,51,Company Invited,1,27,Small Business,Male,3,4
203583,0,33,Self Enquiry,1,12,Salaried,Female,3,2
203584,0,45,Self Enquiry,1,14,Small Business,Female,3,4
203585,0,31,Self Enquiry,1,14,Small Business,Male,3,5
203586,0,46,Self Enquiry,1,12,Small Business,Fe Male,3,6
203587,0,46,Company Invited,3,33,Small Business,Male,3,5
203588,0,32,Company Invited,3,9,Salaried,Male,3,4
203589,0,37,Self Enquiry,1,19,Salaried,Female,4,4
203590,0,35,Company Invited,1,17,Salaried,Male,3,2
203591,0,50,Self Enquiry,1,32,Salaried,Female,3,4
203592,0,40,Self Enquiry,1,17,Small Business,Male,4,4
203593,0,28,Self Enquiry,1,26,Salaried,Male,4,5
203594,0,36,Self Enquiry,1,25,Salaried,Male,3,2
203595,0,29,Self Enquiry,1,34,Small Business,Female,3,6
203596,0,22,Self Enquiry,1,12,Small Business,Male,4,4
203597,1,19,Company Invited,3,10,Small Business,Female,4,4
203598,0,48,Self Enquiry,2,33,Salaried,Female,4,4
203599,0,40,Self Enquiry,1,10,Small Business,Male,4,5
203600,0,41,Self Enquiry,1,22,Salaried,Female,4,5
203601,0,36,Company Invited,1,15,Salaried,Female,3,4
203602,0,38,Self Enquiry,1,26,Salaried,Male,3,4
203603,0,40,Company Invited,1,11,Small Business,Fe Male,3,4
203604,0,46,Self Enquiry,1,9,Salaried,Female,3,5
203605,0,39,Self Enquiry,1,9,Small Business,Female,3,5
203606,1,36,Self Enquiry,3,17,Small Business,Male,3,5
203607,0,38,Self Enquiry,1,17,Small Business,Female,4,4
203608,0,41,Self Enquiry,1,23,Salaried,Fe Male,3,4
203609,0,45,Company Invited,2,7,Salaried,Male,3,4
203610,0,49,Company Invited,1,11,Small Business,Male,3,5
203611,1,36,Self Enquiry,3,22,Small Business,Male,3,6
203612,0,25,Company Invited,1,9,Large Business,Female,3,4
203613,0,28,Self Enquiry,1,15,Small Business,Female,3,2
203614,0,28,Company Invited,1,9,Small Business,Male,3,4
203615,1,41,Self Enquiry,1,14,Salaried,Male,4,4
203616,0,30,Self Enquiry,3,17,Small Business,Male,3,5
203617,0,37,Self Enquiry,1,12,Salaried,Female,3,4
203618,0,26,Company Invited,1,9,Salaried,Male,4,2
203619,0,40,Self Enquiry,1,19,Small Business,Male,4,4
203620,0,50,Self Enquiry,1,29,Salaried,Female,4,4
203621,0,51,Self Enquiry,1,24,Salaried,Female,3,5
203622,0,21,Self Enquiry,3,9,Small Business,Female,3,4
203623,0,35,Self Enquiry,1,10,Salaried,Female,4,4
203624,0,37,Self Enquiry,1,14,Salaried,Male,4,4
203625,0,50,Self Enquiry,1,13,Salaried,Female,3,5
203626,0,37,Company Invited,1,7,Small Business,Female,3,5
203627,0,37,Self Enquiry,1,10,Salaried,Male,4,2
203628,0,55,Self Enquiry,1,29,Small Business,Female,4,4
203629,0,44,Self Enquiry,1,22,Salaried,Male,4,5
203630,1,36,Company Invited,3,19,Salaried,Male,3,4
203631,0,39,Company Invited,1,7,Salaried,Male,3,4
203632,0,30,Self Enquiry,3,12,Small Business,Male,3,5
203633,0,34,Self Enquiry,3,9,Small Business,Male,4,4
203634,0,33,Self Enquiry,1,9,Small Business,Male,3,4
203635,0,32,Self Enquiry,3,12,Salaried,Female,4,4
203636,0,50,Self Enquiry,1,23,Small Business,Female,4,4
203637,0,39,Company Invited,1,9,Small Business,Female,3,5
203638,0,48,Self Enquiry,3,9,Salaried,Female,3,2
203639,0,50,Self Enquiry,1,7,Salaried,Male,3,4
203640,0,42,Self Enquiry,3,30,Salaried,Male,4,4
203641,0,21,Self Enquiry,3,16,Salaried,Male,3,4
203642,0,34,Company Invited,3,23,Salaried,Female,3,4
203643,0,37,Self Enquiry,1,33,Salaried,Male,4,4
203644,0,45,Self Enquiry,2,7,Salaried,Female,3,4
203645,1,24,Self Enquiry,1,15,Small Business,Male,4,5
203646,0,39,Self Enquiry,1,11,Small Business,Female,3,4
203647,0,54,Self Enquiry,1,31,Small Business,Male,3,2
203648,1,49,Company Invited,3,14,Small Business,Female,4,4
203649,1,33,Self Enquiry,1,9,Salaried,Male,4,4
203650,0,27,Company Invited,1,14,Small Business,Male,4,4
203651,0,56,Self Enquiry,1,29,Large Business,Male,4,5
203652,0,35,Self Enquiry,1,12,Small Business,Male,3,5
203653,0,61,Self Enquiry,1,7,Small Business,Male,4,6
203654,0,34,Self Enquiry,1,28,Small Business,Male,4,2
203655,0,38,Company Invited,3,7,Small Business,Male,3,6
203656,0,35,Self Enquiry,1,26,Salaried,Female,3,5
203657,1,24,Self Enquiry,3,14,Salaried,Male,3,4
203658,0,45,Self Enquiry,1,9,Salaried,Female,4,2
203659,0,36,Company Invited,1,9,Small Business,Male,4,5
203660,0,44,Self Enquiry,3,9,Small Business,Male,4,4
203661,0,25,Self Enquiry,1,16,Small Business,Male,4,2
203662,0,42,Self Enquiry,3,13,Small Business,Male,3,4
203663,0,30,Self Enquiry,1,16,Small Business,Female,3,4
203664,0,37,Self Enquiry,3,9,Salaried,Female,3,4
203665,0,46,Company Invited,1,7,Salaried,Male,4,5
203666,1,25,Self Enquiry,2,29,Salaried,Male,3,6
203667,1,48,Company Invited,3,16,Salaried,Male,3,6
203668,0,27,Self Enquiry,1,24,Small Business,Male,4,6
203669,0,46,Self Enquiry,1,35,Large Business,Female,3,5
203670,0,33,Company Invited,1,17,Salaried,Male,3,4
203671,0,32,Self Enquiry,1,9,Salaried,Male,4,4
203672,0,42,Company Invited,2,11,Salaried,Male,3,6
203673,0,41,Self Enquiry,1,15,Salaried,Female,4,4
203674,0,25,Self Enquiry,1,36,Small Business,Male,4,4
203675,0,47,Self Enquiry,1,20,Salaried,Male,3,4
203676,0,36,Self Enquiry,1,34,Salaried,Male,3,4
203677,0,31,Self Enquiry,1,23,Salaried,Male,3,4
203678,0,48,Company Invited,3,9,Small Business,Male,3,4
203679,0,47,Self Enquiry,3,9,Salaried,Male,4,4
203680,1,37,Self Enquiry,3,20,Small Business,Male,4,5
203681,1,33,Self Enquiry,3,7,Salaried,Male,3,6
203682,0,24,Self Enquiry,1,11,Small Business,Female,3,4
203683,0,32,Company Invited,1,31,Large Business,Fe Male,2,4
203684,0,40,Company Invited,1,7,Salaried,Male,4,4
203685,0,33,Self Enquiry,3,26,Salaried,Male,4,6
203686,0,41,Self Enquiry,3,14,Small Business,Male,3,4
203687,0,46,Self Enquiry,2,11,Salaried,Female,3,6
203688,0,31,Company Invited,1,9,Large Business,Fe Male,4,5
203689,0,25,Company Invited,2,17,Small Business,Male,3,4
203690,1,31,Company Invited,2,15,Salaried,Female,4,5
203691,0,32,Self Enquiry,3,12,Large Business,Male,3,4
203692,0,28,Self Enquiry,1,15,Small Business,Female,4,4
203693,1,30,Self Enquiry,3,16,Small Business,Female,3,6
203694,0,30,Company Invited,1,7,Salaried,Male,4,2
203695,0,31,Self Enquiry,3,22,Small Business,Male,4,5
203696,0,35,Self Enquiry,1,9,Small Business,Male,4,2
203697,0,34,Company Invited,3,9,Small Business,Fe Male,4,4
203698,0,50,Self Enquiry,3,18,Small Business,Female,4,4
203699,1,34,Self Enquiry,3,23,Salaried,Fe Male,4,4
203700,0,39,Company Invited,1,9,Small Business,Female,4,5
203701,1,32,Self Enquiry,3,23,Small Business,Male,4,4
203702,0,30,Self Enquiry,1,11,Large Business,Female,4,5
203703,0,31,Self Enquiry,1,23,Salaried,Male,3,2
203704,0,33,Company Invited,1,12,Large Business,Male,4,4
203705,0,39,Self Enquiry,1,25,Small Business,Male,3,6
203706,1,44,Company Invited,1,24,Large Business,Male,3,5
203707,0,43,Self Enquiry,1,19,Small Business,Male,3,4
203708,0,56,Self Enquiry,1,9,Small Business,Male,3,5
203709,0,34,Company Invited,1,11,Large Business,Male,3,4
203710,0,42,Self Enquiry,1,16,Salaried,Male,4,4
203711,0,35,Company Invited,3,17,Salaried,Male,3,4
203712,0,54,Company Invited,1,7,Small Business,Female,3,5
203713,0,44,Self Enquiry,2,9,Salaried,Male,4,4
203714,0,35,Self Enquiry,3,10,Salaried,Fe Male,3,6
203715,1,22,Self Enquiry,3,14,Small Business,Male,3,4
203716,0,39,Self Enquiry,1,13,Salaried,Female,3,5
203717,1,23,Self Enquiry,1,15,Small Business,Female,4,4
203718,0,32,Self Enquiry,3,36,Small Business,Female,4,5
203719,0,52,Self Enquiry,1,10,Large Business,Female,3,4
203720,0,38,Self Enquiry,3,16,Small Business,Male,3,5
203721,0,47,Self Enquiry,1,9,Small Business,Male,3,4
203722,0,37,Self Enquiry,1,17,Salaried,Male,3,4
203723,1,45,Company Invited,1,7,Small Business,Male,3,4
203724,0,38,Self Enquiry,2,15,Salaried,Male,3,4
203725,1,36,Self Enquiry,3,34,Salaried,Male,3,4
203726,0,34,Self Enquiry,1,15,Salaried,Male,3,2
203727,0,29,Self Enquiry,1,7,Salaried,Male,3,4
203728,0,40,Self Enquiry,1,17,Small Business,Male,4,4
203729,0,47,Company Invited,3,33,Salaried,Male,4,5
203730,0,41,Self Enquiry,1,9,Salaried,Female,3,4
203731,0,43,Self Enquiry,1,20,Small Business,Male,4,2
203732,0,36,Company Invited,1,9,Small Business,Male,3,4
203733,0,39,Company Invited,2,9,Salaried,Male,4,4
203734,1,35,Company Invited,1,16,Salaried,Male,4,4
203735,1,38,Self Enquiry,1,17,Small Business,Male,3,4
203736,0,40,Company Invited,3,27,Salaried,Male,3,4
203737,0,44,Company Invited,1,16,Salaried,Male,3,4
203738,0,42,Self Enquiry,1,12,Salaried,Male,3,2
203739,0,42,Self Enquiry,3,11,Small Business,Female,3,4
203740,0,31,Self Enquiry,1,17,Small Business,Fe Male,4,4
203741,1,27,Self Enquiry,2,27,Small Business,Female,4,4
203742,1,47,Self Enquiry,1,28,Small Business,Female,4,4
203743,0,41,Self Enquiry,1,7,Salaried,Female,3,4
203744,0,35,Self Enquiry,3,15,Large Business,Male,4,2
203745,0,59,Company Invited,3,9,Small Business,Male,3,4
203746,0,36,Self Enquiry,1,30,Small Business,Male,4,6
203747,0,48,Self Enquiry,1,11,Salaried,Female,4,5
203748,0,41,Self Enquiry,1,19,Salaried,Female,3,4
203749,0,55,Self Enquiry,1,14,Small Business,Female,4,4
203750,0,32,Company Invited,3,14,Small Business,Female,4,4
203751,0,29,Self Enquiry,1,7,Small Business,Female,4,4
203752,0,39,Self Enquiry,3,9,Small Business,Female,4,6
203753,0,27,Self Enquiry,3,17,Small Business,Male,3,4
203754,0,59,Company Invited,1,22,Salaried,Male,3,4
203755,0,19,Company Invited,1,21,Small Business,Female,3,4
203756,1,32,Self Enquiry,2,25,Salaried,Male,3,2
203757,1,30,Self Enquiry,2,20,Salaried,Male,3,5
203758,0,46,Company Invited,3,9,Salaried,Female,4,4
203759,0,37,Self Enquiry,1,9,Salaried,Female,4,4
203760,0,44,Company Invited,3,9,Salaried,Male,4,4
203761,0,28,Company Invited,1,12,Salaried,Female,3,4
203762,0,30,Company Invited,1,27,Small Business,Male,3,4
203763,0,33,Company Invited,3,17,Small Business,Male,4,4
203764,0,43,Company Invited,1,17,Large Business,Male,3,4
203765,0,48,Self Enquiry,1,16,Salaried,Female,4,4
203766,0,47,Self Enquiry,1,9,Salaried,Male,3,4
203767,0,29,Company Invited,2,7,Salaried,Male,3,4
203768,0,30,Self Enquiry,1,36,Salaried,Male,4,6
203769,0,43,Self Enquiry,1,15,Salaried,Male,3,4
203770,1,33,Self Enquiry,3,9,Small Business,Male,3,5
203771,0,47,Self Enquiry,3,10,Large Business,Female,3,2
203772,0,28,Self Enquiry,3,30,Small Business,Female,3,5
203773,0,30,Self Enquiry,2,13,Small Business,Male,3,5
203774,0,44,Self Enquiry,1,13,Small Business,Female,3,5
203775,0,49,Self Enquiry,1,17,Salaried,Male,4,5
203776,1,30,Company Invited,1,31,Salaried,Male,4,5
203777,1,47,Self Enquiry,3,17,Salaried,Female,4,4
203778,0,28,Company Invited,1,22,Salaried,Female,4,5
203779,0,40,Self Enquiry,1,26,Salaried,Male,3,4
203780,0,56,Self Enquiry,1,9,Large Business,Male,4,5
203781,0,29,Self Enquiry,3,10,Small Business,Female,4,4
203782,1,31,Self Enquiry,3,,Small Business,Male,3,4
203783,1,23,Self Enquiry,1,14,Salaried,Male,4,4
203784,0,37,Self Enquiry,3,17,Large Business,Female,4,5
203785,0,32,Self Enquiry,1,27,Salaried,Male,3,4
203786,0,35,Self Enquiry,3,11,Salaried,Male,4,4
203787,0,30,Self Enquiry,1,14,Salaried,Male,3,4
203788,0,38,Self Enquiry,1,14,Small Business,Male,4,4
203789,0,36,Self Enquiry,1,23,Salaried,Female,3,5
203790,0,46,Self Enquiry,1,32,Salaried,Female,4,5
203791,0,37,Company Invited,2,9,Salaried,Male,4,5
203792,0,41,Self Enquiry,1,7,Salaried,Male,4,4
203793,0,27,Self Enquiry,1,7,Salaried,Female,3,5
203794,0,28,Self Enquiry,3,9,Small Business,Fe Male,3,2
203795,0,49,Company Invited,1,29,Small Business,Female,3,4
203796,0,45,Self Enquiry,1,7,Salaried,Male,4,2
203797,1,35,Company Invited,1,23,Large Business,Male,3,6
203798,1,57,Self Enquiry,1,31,Salaried,Male,4,4
203799,0,37,Self Enquiry,3,24,Small Business,Male,3,5
203800,0,42,Self Enquiry,3,15,Small Business,Female,3,4
203801,0,43,Self Enquiry,1,13,Small Business,Male,3,4
203802,0,32,Self Enquiry,3,17,Small Business,Female,3,4
203803,0,35,Self Enquiry,3,10,Small Business,Female,4,5
203804,0,32,Self Enquiry,1,11,Small Business,Female,4,2
203805,0,27,Company Invited,1,13,Salaried,Male,4,2
203806,0,46,Company Invited,1,7,Small Business,Male,3,4
203807,0,34,Self Enquiry,3,17,Small Business,Male,3,4
203808,0,29,Company Invited,3,7,Salaried,Male,3,5
203809,1,30,Company Invited,3,,Large Business,Male,3,2
203810,0,40,Company Invited,3,28,Salaried,Female,3,6
203811,0,28,Self Enquiry,1,9,Large Business,Male,3,4
203812,0,35,Company Invited,1,29,Salaried,Male,3,5
203813,1,29,Self Enquiry,3,20,Small Business,Fe Male,3,4
203814,0,48,Company Invited,1,21,Large Business,Male,4,4
203815,0,57,Self Enquiry,3,18,Small Business,Female,3,5
203816,0,40,Self Enquiry,1,16,Small Business,Male,3,4
203817,0,39,Company Invited,1,15,Small Business,Female,3,5
203818,0,59,Self Enquiry,3,28,Salaried,Female,4,4
203819,1,33,Company Invited,1,12,Salaried,Female,3,2
203820,0,39,Self Enquiry,1,16,Salaried,Male,4,4
203821,0,50,Company Invited,1,9,Salaried,Male,3,4
203822,0,43,Self Enquiry,3,19,Small Business,Male,4,4
203823,1,28,Company Invited,2,29,Salaried,Female,3,5
203824,0,36,Self Enquiry,3,25,Small Business,Male,4,4
203825,0,29,Company Invited,1,23,Small Business,Male,3,4
203826,0,32,Company Invited,1,10,Small Business,Male,3,4
203827,0,37,Company Invited,1,16,Salaried,Male,4,2
203828,0,35,Self Enquiry,3,7,Small Business,Male,3,4
203829,0,35,Self Enquiry,3,20,Small Business,Male,3,4
203830,0,27,Self Enquiry,1,7,Small Business,Male,4,4
203831,0,30,Self Enquiry,1,7,Salaried,Male,3,4
203832,0,33,Company Invited,1,22,Small Business,Female,3,4
203833,0,32,Company Invited,1,7,Salaried,Male,3,6
203834,1,29,Self Enquiry,1,24,Large Business,Male,3,5
203835,0,39,Self Enquiry,3,7,Salaried,Male,3,5
203836,0,36,Self Enquiry,3,14,Salaried,Female,3,4
203837,0,28,Self Enquiry,3,16,Small Business,Male,3,4
203838,0,33,Self Enquiry,1,12,Salaried,Male,3,5
203839,1,32,Company Invited,3,33,Small Business,Male,4,4
203840,1,54,Self Enquiry,3,31,Salaried,Male,4,4
203841,0,55,Self Enquiry,1,16,Salaried,Female,4,4
203842,0,34,Company Invited,1,14,Salaried,Male,3,4
203843,0,44,Self Enquiry,1,18,Salaried,Male,2,4
203844,0,39,Company Invited,2,7,Salaried,Male,3,4
203845,0,56,Self Enquiry,2,33,Salaried,Male,4,2
203846,0,32,Self Enquiry,1,,Small Business,Female,3,6
203847,0,40,Self Enquiry,3,22,Small Business,Male,4,4
203848,0,43,Company Invited,1,30,Salaried,Male,3,5
203849,0,32,Company Invited,1,17,Small Business,Female,3,4
203850,0,55,Self Enquiry,1,17,Small Business,Female,4,4
203851,0,25,Self Enquiry,1,7,Salaried,Male,3,5
203852,0,24,Self Enquiry,1,19,Salaried,Male,4,4
203853,0,41,Company Invited,1,18,Large Business,Female,4,4
203854,0,41,Self Enquiry,3,9,Small Business,Female,4,4
203855,0,26,Self Enquiry,2,9,Salaried,Female,3,4
203856,0,31,Self Enquiry,1,7,Small Business,Male,4,4
203857,0,26,Self Enquiry,1,9,Salaried,Male,3,4
203858,0,48,Self Enquiry,1,32,Small Business,Male,3,4
203859,0,34,Company Invited,1,7,Small Business,Male,3,5
203860,0,39,Self Enquiry,3,7,Salaried,Male,3,4
203861,0,32,Self Enquiry,3,9,Salaried,Male,3,4
203862,0,39,Company Invited,1,13,Salaried,Male,4,5
203863,0,43,Self Enquiry,1,25,Salaried,Male,3,4
203864,0,42,Self Enquiry,1,7,Salaried,Male,4,4
203865,0,48,Company Invited,1,7,Small Business,Female,4,4
203866,0,36,Self Enquiry,1,18,Small Business,Male,3,4
203867,0,23,Self Enquiry,1,7,Salaried,Male,4,4
203868,0,36,Self Enquiry,1,16,Small Business,Male,3,4
203869,0,34,Self Enquiry,1,22,Small Business,Female,4,4
203870,0,33,Self Enquiry,1,36,Salaried,Female,3,5
203871,0,41,Self Enquiry,1,7,Salaried,Male,3,4
203872,0,33,Self Enquiry,3,7,Small Business,Male,4,5
203873,0,40,Self Enquiry,1,31,Salaried,Male,3,4
203874,0,39,Self Enquiry,1,17,Small Business,Female,3,6
203875,0,33,Self Enquiry,3,7,Small Business,Female,3,4
203876,0,38,Self Enquiry,1,17,Salaried,Female,3,2
203877,0,26,Self Enquiry,3,15,Salaried,Female,3,4
203878,0,53,Company Invited,3,127,Salaried,Male,3,4
203879,0,45,Self Enquiry,1,7,Small Business,Male,3,4
203880,0,22,Self Enquiry,3,12,Small Business,Male,3,4
203881,0,40,Company Invited,1,16,Salaried,Male,3,4
203882,1,24,Company Invited,3,16,Small Business,Male,3,4
203883,0,37,Self Enquiry,3,10,Small Business,Female,4,5
203884,0,37,Company Invited,1,11,Salaried,Female,4,4
203885,0,57,Company Invited,1,7,Salaried,Male,3,4
203886,1,30,Self Enquiry,1,7,Small Business,Male,3,4
203887,0,43,Self Enquiry,1,9,Salaried,Male,3,4
203888,1,57,Self Enquiry,1,14,Large Business,Male,4,4
203889,0,42,Self Enquiry,1,35,Salaried,Female,3,5
203890,0,35,Self Enquiry,3,35,Small Business,Female,4,5
203891,0,37,Company Invited,3,22,Small Business,Male,3,6
203892,0,42,Self Enquiry,3,10,Salaried,Male,3,5
203893,0,33,Self Enquiry,1,9,Large Business,Male,4,4
203894,0,36,Self Enquiry,2,33,Salaried,Fe Male,3,4
203895,0,39,Self Enquiry,3,17,Salaried,Female,4,4
203896,1,51,Company Invited,3,7,Salaried,Male,4,4
203897,0,37,Self Enquiry,3,18,Small Business,Female,4,5
203898,0,46,Self Enquiry,3,27,Salaried,Female,3,4
203899,0,41,Self Enquiry,1,9,Salaried,Male,3,5
203900,0,36,Company Invited,1,25,Salaried,Male,4,4
203901,0,41,Self Enquiry,1,9,Small Business,Female,4,4
203902,0,36,Self Enquiry,1,7,Salaried,Female,4,6
203903,0,30,Self Enquiry,1,20,Salaried,Male,3,5
203904,0,30,Self Enquiry,1,35,Small Business,Female,4,5
203905,1,51,Self Enquiry,3,35,Small Business,Male,3,5
203906,0,40,Self Enquiry,3,31,Small Business,Female,3,5
203907,0,32,Company Invited,1,12,Small Business,Male,4,4
203908,0,27,Self Enquiry,3,12,Salaried,Female,2,5
203909,0,37,Company Invited,1,30,Small Business,Male,3,2
203910,0,40,Self Enquiry,1,13,Small Business,Male,3,5
203911,0,28,Self Enquiry,1,11,Salaried,Male,3,2
203912,0,50,Company Invited,3,9,Small Business,Male,4,5
203913,0,35,Self Enquiry,1,15,Small Business,Male,3,2
203914,1,42,Self Enquiry,3,7,Salaried,Fe Male,4,4
203915,0,50,Company Invited,1,15,Salaried,Male,4,5
203916,1,38,Self Enquiry,1,9,Salaried,Male,4,5
203917,0,34,Company Invited,1,10,Salaried,Female,3,4
203918,0,28,Self Enquiry,1,9,Small Business,Male,3,4
203919,0,33,Company Invited,1,9,Salaried,Male,4,4
203920,0,60,Self Enquiry,1,10,Small Business,Female,3,2
203921,0,31,Self Enquiry,1,31,Salaried,Male,4,4
203922,0,39,Company Invited,1,30,Salaried,Male,3,5
203923,0,37,Self Enquiry,1,34,Small Business,Male,4,4
203924,0,36,Self Enquiry,1,23,Small Business,Male,3,2
203925,0,30,Self Enquiry,1,22,Salaried,Female,3,5
203926,0,32,Self Enquiry,1,33,Salaried,Male,3,4
203927,0,35,Self Enquiry,1,26,Small Business,Male,4,4
203928,1,29,Self Enquiry,1,31,Salaried,Male,3,5
203929,0,30,Self Enquiry,1,28,Salaried,Female,3,2
203930,0,33,Self Enquiry,1,12,Salaried,Male,4,2
203931,0,23,Company Invited,1,23,Small Business,Male,4,2
203932,0,54,Self Enquiry,3,9,Salaried,Female,4,5
203933,0,39,Self Enquiry,1,9,Salaried,Male,3,4
203934,0,25,Company Invited,1,18,Salaried,Female,4,2
203935,1,37,Self Enquiry,3,16,Salaried,Male,3,5
203936,0,35,Self Enquiry,1,14,Salaried,Female,3,4
203937,0,22,Self Enquiry,1,22,Salaried,Male,4,
203938,1,35,Self Enquiry,1,13,Small Business,Male,3,4
203939,0,54,Self Enquiry,1,12,Salaried,Female,3,4
203940,1,33,Company Invited,1,23,Salaried,Female,4,6
203941,0,43,Self Enquiry,3,15,Small Business,Male,3,4
203942,0,45,Self Enquiry,1,14,Small Business,Female,3,5
203943,0,47,Self Enquiry,3,9,Small Business,Female,3,4
203944,0,34,Self Enquiry,1,9,Small Business,Male,4,4
203945,0,45,Self Enquiry,1,17,Salaried,Male,3,4
203946,0,31,Self Enquiry,1,16,Small Business,Male,3,5
203947,1,40,Self Enquiry,3,12,Large Business,Male,3,4
203948,1,25,Self Enquiry,1,7,Small Business,Male,4,4
203949,0,44,Self Enquiry,1,9,Small Business,Female,4,2
203950,1,51,Self Enquiry,3,10,Small Business,Male,3,5
203951,0,36,Self Enquiry,3,9,Small Business,Female,4,4
203952,0,37,Self Enquiry,1,12,Salaried,Female,3,5
203953,0,34,Company Invited,3,7,Salaried,Female,3,2
203954,0,36,Self Enquiry,1,11,Salaried,Male,4,4
203955,0,28,Self Enquiry,1,9,Salaried,Female,3,4
203956,1,27,Self Enquiry,1,32,Salaried,Male,3,6
203957,0,28,Company Invited,3,15,Salaried,Male,3,4
203958,0,31,Company Invited,1,7,Small Business,Female,3,4
203959,1,42,Self Enquiry,1,19,Large Business,Female,3,4
203960,0,35,Company Invited,3,30,Small Business,Male,4,4
203961,0,38,Self Enquiry,1,26,Salaried,Male,4,4
203962,0,47,Company Invited,3,12,Small Business,Male,4,4
203963,0,36,Self Enquiry,1,15,Salaried,Male,3,2
203964,1,49,Self Enquiry,1,7,Salaried,Male,4,5
203965,1,29,Self Enquiry,1,12,Large Business,Male,3,4
203966,0,45,Self Enquiry,3,7,Small Business,Female,4,4
203967,0,36,Company Invited,1,18,Small Business,Male,4,5
203968,0,27,Self Enquiry,3,30,Small Business,Female,3,5
203969,0,34,Company Invited,1,7,Salaried,Female,4,4
203970,0,36,Company Invited,3,6,Salaried,Male,4,4
203971,0,36,Self Enquiry,1,30,Small Business,Female,2,4
203972,0,32,Self Enquiry,1,14,Salaried,Male,3,4
203973,0,38,Self Enquiry,1,7,Salaried,Male,3,5
203974,0,33,Self Enquiry,1,7,Small Business,Male,3,4
203975,0,39,Company Invited,1,36,Salaried,Female,3,4
203976,0,51,Self Enquiry,1,14,Small Business,Female,3,5
203977,0,60,Self Enquiry,3,32,Salaried,Fe Male,5,4
203978,0,37,Self Enquiry,1,15,Large Business,Female,3,4
203979,0,56,Self Enquiry,1,15,Small Business,Female,3,4
203980,0,37,Company Invited,1,18,Salaried,Male,4,5
203981,0,46,Self Enquiry,1,14,Salaried,Male,3,4
203982,0,36,Company Invited,1,7,Small Business,Male,4,4
203983,1,37,Self Enquiry,1,16,Small Business,Male,4,5
203984,0,60,Company Invited,3,7,Salaried,Fe Male,3,5
203985,0,30,Self Enquiry,1,9,Salaried,Male,4,4
203986,0,32,Self Enquiry,1,7,Small Business,Male,3,4
203987,0,33,Self Enquiry,1,7,Salaried,Male,4,4
203988,0,37,Self Enquiry,1,13,Salaried,Female,3,2
203989,0,32,Self Enquiry,1,15,Salaried,Female,4,4
203990,0,36,Self Enquiry,3,7,Small Business,Male,3,5
203991,0,46,Self Enquiry,1,13,Salaried,Male,3,4
203992,0,38,Self Enquiry,1,14,Small Business,Male,2,4
203993,0,47,Self Enquiry,2,12,Small Business,Male,4,4
203994,0,31,Self Enquiry,1,7,Salaried,Male,3,5
203995,0,36,Self Enquiry,1,7,Small Business,Male,2,5
203996,0,56,Self Enquiry,3,7,Salaried,Male,4,4
203997,0,39,Company Invited,1,13,Small Business,Female,4,6
203998,0,35,Self Enquiry,1,7,Small Business,Male,4,4
203999,0,57,Self Enquiry,1,14,Salaried,Male,3,6
204000,0,24,Self Enquiry,3,9,Large Business,Male,4,4
204001,0,52,Self Enquiry,1,16,Salaried,Male,4,4
204002,0,31,Self Enquiry,1,9,Salaried,Male,5,5
204003,1,47,Self Enquiry,3,16,Small Business,Male,4,5
204004,0,41,Company Invited,1,7,Salaried,Male,4,5
204005,0,52,Self Enquiry,3,28,Small Business,Male,4,4
204006,0,31,Self Enquiry,3,11,Small Business,Female,4,5
204007,0,47,Company Invited,1,7,Small Business,Male,3,5
204008,0,33,Self Enquiry,3,13,Small Business,Male,3,4
204009,0,55,Self Enquiry,1,9,Large Business,Female,3,4
204010,0,25,Self Enquiry,3,10,Salaried,Female,3,4
204011,0,29,Company Invited,3,11,Small Business,Male,3,4
204012,0,59,Self Enquiry,3,17,Small Business,Male,3,4
204013,0,45,Company Invited,1,30,Small Business,Male,4,4
204014,1,38,Self Enquiry,2,13,Salaried,Male,4,4
204015,0,33,Self Enquiry,1,7,Salaried,Male,4,4
204016,1,21,Company Invited,1,13,Salaried,Female,4,5
204017,0,35,Self Enquiry,1,13,Salaried,Female,3,4
204018,0,38,Company Invited,1,9,Salaried,Male,4,5
204019,0,60,Company Invited,2,9,Salaried,Female,3,5
204020,0,51,Company Invited,1,7,Salaried,Female,4,4
204021,1,26,Self Enquiry,3,12,Small Business,Male,3,5
204022,0,26,Self Enquiry,1,14,Small Business,Male,4,5
204023,0,23,Self Enquiry,1,22,Small Business,Female,3,4
204024,0,52,Company Invited,1,7,Small Business,Fe Male,2,5
204025,1,35,Company Invited,1,14,Salaried,Male,4,6
204026,0,55,Company Invited,2,33,Salaried,Female,2,2
204027,0,25,Self Enquiry,1,25,Salaried,Male,3,4
204028,0,35,Self Enquiry,1,13,Salaried,Female,3,5
204029,0,38,Self Enquiry,3,10,Salaried,Male,3,4
204030,0,35,Self Enquiry,1,12,Small Business,Female,3,5
204031,0,37,Company Invited,3,18,Large Business,Female,4,4
204032,0,37,Self Enquiry,1,10,Salaried,Female,3,4
204033,0,44,Company Invited,3,33,Salaried,Male,4,4
204034,0,31,Company Invited,1,30,Salaried,Male,4,6
204035,0,34,Company Invited,3,29,Small Business,Male,4,4
204036,1,57,Self Enquiry,1,21,Salaried,Female,4,4
204037,0,52,Self Enquiry,1,13,Salaried,Male,3,4
204038,1,32,Self Enquiry,3,13,Salaried,Male,4,6
204039,0,27,Self Enquiry,1,13,Salaried,Female,3,5
204040,1,59,Self Enquiry,1,30,Small Business,Female,4,4
204041,1,20,Self Enquiry,3,29,Small Business,Male,3,4
204042,0,23,Self Enquiry,1,9,Large Business,Male,4,4
204043,0,50,Self Enquiry,1,27,Small Business,Female,4,4
204044,0,44,Company Invited,1,35,Small Business,Female,4,2
204045,0,51,Company Invited,3,19,Small Business,Fe Male,4,4
204046,1,32,Self Enquiry,3,27,Salaried,Female,4,6
204047,0,42,Self Enquiry,3,16,Salaried,Male,4,4
204048,0,27,Self Enquiry,2,32,Salaried,Female,4,4
204049,0,37,Self Enquiry,1,13,Small Business,Male,3,4
204050,1,52,Company Invited,1,15,Salaried,Male,3,6
204051,0,40,Self Enquiry,3,11,Salaried,Female,3,5
204052,0,26,Self Enquiry,3,35,Salaried,Male,3,5
204053,0,31,Self Enquiry,2,16,Salaried,Male,3,4
204054,1,33,Self Enquiry,1,16,Small Business,Female,3,4
204055,0,46,Self Enquiry,1,36,Small Business,Male,3,4
204056,0,39,Self Enquiry,1,10,Large Business,Female,3,4
204057,0,31,Self Enquiry,1,25,Salaried,Female,4,4
204058,0,33,Company Invited,3,16,Small Business,Male,3,6
204059,0,31,Self Enquiry,1,12,Large Business,Female,3,4
204060,0,31,Self Enquiry,1,9,Small Business,Male,3,5
204061,0,42,Company Invited,1,17,Salaried,Male,4,5
204062,0,42,Self Enquiry,1,16,Salaried,Male,4,4
204063,0,20,Self Enquiry,1,10,Small Business,Female,4,4
204064,0,41,Company Invited,1,33,Small Business,Female,3,4
204065,0,36,Self Enquiry,3,7,Small Business,Male,4,4
204066,0,54,Self Enquiry,3,13,Small Business,Male,3,4
204067,0,46,Self Enquiry,1,16,Salaried,Male,3,4
204068,0,33,Company Invited,3,15,Small Business,Fe Male,3,4
204069,0,30,Company Invited,1,7,Large Business,Male,3,4
204070,0,52,Self Enquiry,1,14,Small Business,Male,3,5
204071,0,59,Self Enquiry,1,16,Small Business,Female,4,5
204072,0,41,Self Enquiry,3,11,Small Business,Male,4,5
204073,0,35,Company Invited,3,9,Small Business,Female,4,4
204074,0,23,Self Enquiry,1,26,Small Business,Male,4,4
204075,0,28,Company Invited,1,16,Small Business,Male,3,4
204076,0,29,Self Enquiry,1,28,Small Business,Male,3,4
204077,0,58,Self Enquiry,1,31,Salaried,Male,3,2
204078,0,28,Company Invited,1,10,Small Business,Male,4,5
204079,0,51,Self Enquiry,1,18,Salaried,Female,3,4
204080,0,42,Self Enquiry,1,21,Salaried,Male,3,4
204081,0,31,Self Enquiry,3,12,Salaried,Female,3,4
204082,0,39,Self Enquiry,3,7,Salaried,Fe Male,3,5
204083,0,33,Self Enquiry,1,13,Salaried,Male,3,4
204084,0,28,Self Enquiry,1,24,Large Business,Male,3,4
204085,1,20,Company Invited,3,7,Large Business,Female,4,6
204086,0,37,Company Invited,1,10,Small Business,Male,2,4
204087,0,31,Company Invited,1,16,Small Business,Male,4,4
204088,0,46,Self Enquiry,3,11,Salaried,Female,2,4
204089,0,57,Self Enquiry,1,15,Salaried,Female,4,4
204090,0,34,Self Enquiry,1,9,Salaried,Male,3,4
204091,1,20,Self Enquiry,1,,Salaried,Male,3,5
204092,0,47,Self Enquiry,3,7,Small Business,Female,4,4
204093,0,39,Self Enquiry,1,16,Salaried,Female,4,4
204094,0,32,Self Enquiry,1,19,Small Business,Female,4,4
204095,0,35,Self Enquiry,1,34,Small Business,Female,4,4
204096,1,42,Self Enquiry,3,27,Small Business,Female,4,4
204097,0,51,Self Enquiry,1,7,Small Business,Male,3,5
204098,0,54,Self Enquiry,1,20,Small Business,Female,3,2
204099,0,34,Self Enquiry,1,21,Small Business,Female,4,4
204100,0,41,Self Enquiry,1,11,Small Business,Female,3,4
204101,0,56,Self Enquiry,1,21,Small Business,Male,4,2
204102,0,35,Company Invited,1,9,Salaried,Male,3,5
204103,0,52,Self Enquiry,1,10,Small Business,Female,4,4
204104,0,53,Self Enquiry,1,7,Salaried,Male,4,5
204105,0,28,Self Enquiry,1,16,Small Business,Female,5,4
204106,1,36,Self Enquiry,1,30,Salaried,Male,3,5
204107,0,44,Company Invited,1,14,Small Business,Male,3,2
204108,0,46,Company Invited,1,9,Small Business,Male,4,5
204109,0,38,Self Enquiry,1,28,Salaried,Male,4,2
204110,0,36,Company Invited,1,9,Small Business,Female,3,4
204111,0,43,Company Invited,1,28,Small Business,Female,3,4
204112,0,39,Self Enquiry,1,9,Salaried,Male,3,4
204113,0,39,Self Enquiry,1,36,Large Business,Male,3,4
204114,0,28,Company Invited,1,7,Large Business,Male,3,5
204115,0,50,Company Invited,1,25,Salaried,Male,4,4
204116,0,35,Company Invited,1,17,Small Business,Male,3,4
204117,0,41,Self Enquiry,1,26,Small Business,Male,2,4
204118,1,39,Self Enquiry,1,36,Small Business,Male,4,4
204119,1,30,Self Enquiry,3,34,Small Business,Female,3,4
204120,0,23,Self Enquiry,1,12,Salaried,Male,3,2
204121,0,37,Company Invited,1,25,Small Business,Female,4,4
204122,0,41,Company Invited,1,16,Salaried,Male,4,5
204123,0,47,Self Enquiry,1,7,Small Business,Male,4,4
204124,1,33,Self Enquiry,3,11,Small Business,Male,3,6
204125,0,31,Company Invited,1,7,Salaried,Male,3,5
204126,0,28,Company Invited,3,27,Salaried,Female,3,4
204127,0,52,Self Enquiry,1,15,Salaried,Male,3,5
204128,1,31,Self Enquiry,1,10,Large Business,Female,3,4
204129,0,42,Self Enquiry,3,13,Salaried,Female,4,4
204130,1,31,Company Invited,3,33,Small Business,Fe Male,3,5
204131,1,30,Self Enquiry,1,7,Large Business,Male,3,4
204132,0,46,Company Invited,3,13,Small Business,Fe Male,3,5
204133,0,55,Self Enquiry,3,10,Small Business,Female,3,4
204134,0,37,Self Enquiry,1,12,Salaried,Male,4,4
204135,0,34,Self Enquiry,1,11,Small Business,Female,3,5
204136,0,38,Company Invited,1,18,Salaried,Male,3,4
204137,0,39,Self Enquiry,3,10,Salaried,Male,4,4
204138,0,32,Company Invited,1,7,Small Business,Male,3,6
204139,0,60,Self Enquiry,1,10,Salaried,Male,4,5
204140,0,38,Company Invited,3,11,Small Business,Male,3,4
204141,0,30,Company Invited,3,7,Small Business,Female,3,4
204142,0,36,Company Invited,3,7,Small Business,Fe Male,4,4
204143,1,30,Self Enquiry,1,25,Small Business,Male,3,5
204144,0,53,Self Enquiry,1,9,Salaried,Female,3,5
204145,0,43,Self Enquiry,1,11,Large Business,Male,3,4
204146,0,60,Self Enquiry,2,13,Small Business,Male,3,4
204147,0,51,Self Enquiry,3,7,Small Business,Female,4,4
204148,1,34,Self Enquiry,1,21,Small Business,Male,3,4
204149,0,44,Self Enquiry,3,23,Small Business,Female,4,4
204150,1,34,Self Enquiry,1,9,Salaried,Female,3,4
204151,0,53,Company Invited,3,9,Salaried,Male,4,5
204152,0,33,Self Enquiry,3,11,Salaried,Female,3,4
204153,1,33,Self Enquiry,1,7,Salaried,Male,4,5
204154,0,40,Self Enquiry,1,7,Small Business,Female,4,4
204155,0,33,Company Invited,3,33,Small Business,Male,4,4
204156,0,42,Self Enquiry,1,26,Salaried,Male,3,4
204157,0,41,Self Enquiry,1,31,Large Business,Male,4,4
204158,0,46,Self Enquiry,1,7,Salaried,Male,4,2
204159,0,32,Company Invited,1,10,Small Business,Male,4,4
204160,0,34,Self Enquiry,1,12,Salaried,Female,4,5
204161,0,35,Self Enquiry,1,9,Salaried,Male,3,5
204162,0,38,Self Enquiry,1,7,Small Business,Female,3,5
204163,0,46,Company Invited,1,14,Salaried,Male,4,2
204164,1,38,Company Invited,1,17,Small Business,Male,4,4
204165,0,40,Company Invited,1,9,Large Business,Female,4,4
204166,0,30,Self Enquiry,1,22,Salaried,Male,3,4
204167,0,43,Self Enquiry,1,24,Salaried,Fe Male,3,2
204168,0,30,Self Enquiry,3,27,Small Business,Male,3,4
204169,0,26,Self Enquiry,1,7,Salaried,Female,4,4
204170,0,43,Self Enquiry,1,9,Small Business,Female,3,5
204171,0,41,Self Enquiry,1,9,Small Business,Male,3,4
204172,0,52,Self Enquiry,1,7,Salaried,Male,4,4
204173,1,32,Company Invited,1,36,Small Business,Male,4,5
204174,0,33,Company Invited,1,14,Salaried,Male,4,2
204175,0,39,Company Invited,3,9,Salaried,Male,3,5
204176,0,33,Self Enquiry,1,9,Large Business,Male,3,5
204177,0,47,Self Enquiry,3,9,Large Business,Female,4,6
204178,1,29,Self Enquiry,1,9,Salaried,Male,4,4
204179,0,30,Self Enquiry,3,9,Small Business,Male,4,5
204180,0,32,Self Enquiry,1,30,Small Business,Male,4,5
204181,0,26,Company Invited,1,12,Salaried,Male,3,2
204182,0,46,Self Enquiry,1,27,Small Business,Male,4,4
204183,0,37,Self Enquiry,1,13,Salaried,Male,3,4
204184,0,56,Self Enquiry,1,7,Small Business,Male,3,4
204185,1,48,Company Invited,1,36,Salaried,Male,3,4
204186,0,29,Self Enquiry,1,16,Small Business,Male,4,4
204187,0,38,Self Enquiry,3,13,Small Business,Male,4,4
204188,0,22,Self Enquiry,1,10,Small Business,Male,4,5
204189,0,38,Company Invited,1,7,Small Business,Female,4,4
204190,0,36,Self Enquiry,1,29,Salaried,Female,4,2
204191,0,39,Self Enquiry,3,14,Small Business,Female,3,2
204192,0,27,Company Invited,1,7,Salaried,Female,3,4
204193,0,51,Self Enquiry,1,11,Salaried,Male,4,4
204194,0,54,Self Enquiry,1,10,Small Business,Male,3,4
204195,0,43,Self Enquiry,3,7,Salaried,Male,2,4
204196,0,30,Company Invited,3,9,Salaried,Male,3,4
204197,0,56,Self Enquiry,1,27,Large Business,Male,3,4
204198,0,27,Company Invited,1,18,Small Business,Male,3,4
204199,0,38,Self Enquiry,1,7,Salaried,Female,3,4
204200,1,45,Company Invited,1,31,Salaried,Male,3,4
204201,0,39,Self Enquiry,1,30,Salaried,Male,3,4
204202,1,27,Self Enquiry,1,23,Small Business,Male,3,4
204203,0,29,Self Enquiry,1,15,Salaried,Female,4,4
204204,0,50,Company Invited,1,17,Salaried,Female,3,4
204205,0,37,Self Enquiry,1,10,Large Business,Male,2,4
204206,0,32,Company Invited,3,12,Small Business,Female,3,4
204207,1,27,Self Enquiry,3,11,Small Business,Male,3,5
204208,0,38,Company Invited,1,16,Small Business,Male,3,4
204209,0,43,Company Invited,3,33,Small Business,Female,4,4
204210,1,19,Self Enquiry,1,10,Small Business,Male,3,4
204211,0,36,Self Enquiry,3,23,Small Business,Male,4,4
204212,0,37,Company Invited,1,25,Salaried,Male,3,2
204213,0,52,Self Enquiry,1,9,Small Business,Male,3,6
204214,0,42,Self Enquiry,3,9,Salaried,Male,3,4
204215,0,19,Self Enquiry,3,,Small Business,Female,4,5
204216,0,29,Self Enquiry,1,23,Small Business,Male,4,2
204217,0,32,Self Enquiry,3,14,Large Business,Male,4,2
204218,0,40,Self Enquiry,1,7,Small Business,Male,3,2
204219,0,37,Company Invited,1,31,Salaried,Female,3,4
204220,0,33,Self Enquiry,3,14,Salaried,Male,4,5
204221,0,39,Self Enquiry,1,32,Salaried,Female,3,5
204222,0,59,Company Invited,1,7,Salaried,Male,3,6
204223,0,32,Self Enquiry,1,12,Large Business,Male,3,4
204224,0,32,Self Enquiry,2,9,Salaried,Male,4,5
204225,0,46,Company Invited,1,14,Salaried,Male,4,4
204226,0,32,Self Enquiry,1,9,Salaried,Male,3,4
204227,0,34,Company Invited,1,12,Salaried,Female,4,4
204228,0,40,Self Enquiry,1,17,Small Business,Male,4,4
204229,0,44,Company Invited,1,17,Salaried,Female,3,4
204230,0,50,Self Enquiry,1,7,Large Business,Female,3,5
204231,1,53,Self Enquiry,1,15,Small Business,Male,3,5
204232,0,28,Self Enquiry,1,12,Salaried,Female,3,4
204233,0,33,Self Enquiry,3,15,Large Business,Female,4,5
204234,0,28,Self Enquiry,3,9,Salaried,Male,4,4
204235,0,32,Self Enquiry,3,14,Small Business,Male,4,4
204236,0,33,Self Enquiry,1,9,Small Business,Fe Male,4,2
204237,1,29,Self Enquiry,1,9,Small Business,Male,3,6
204238,0,31,Self Enquiry,1,35,Small Business,Female,4,4
204239,0,32,Company Invited,1,14,Salaried,Female,3,5
204240,0,40,Company Invited,1,14,Small Business,Male,3,5
204241,1,40,Self Enquiry,3,10,Small Business,Female,3,4
204242,0,34,Company Invited,3,17,Small Business,Male,3,5
204243,0,48,Self Enquiry,1,12,Salaried,Male,3,4
204244,0,44,Company Invited,1,17,Salaried,Female,3,5
204245,0,28,Company Invited,3,7,Small Business,Male,4,4
204246,0,55,Company Invited,1,27,Salaried,Fe Male,3,4
204247,0,44,Self Enquiry,1,14,Salaried,Female,3,4
204248,0,46,Self Enquiry,1,15,Salaried,Male,4,4
204249,0,41,Self Enquiry,3,7,Small Business,Male,3,6
204250,1,30,Self Enquiry,1,15,Salaried,Male,4,6
204251,0,30,Self Enquiry,1,16,Salaried,Male,2,5
204252,0,31,Self Enquiry,3,12,Small Business,Female,2,5
204253,0,28,Self Enquiry,3,15,Small Business,Female,3,4
204254,0,38,Self Enquiry,1,12,Small Business,Male,4,4
204255,0,39,Self Enquiry,1,22,Salaried,Male,4,5
204256,0,32,Self Enquiry,1,14,Small Business,Fe Male,3,4
204257,0,30,Self Enquiry,3,17,Small Business,Female,3,5
204258,0,36,Self Enquiry,1,12,Large Business,Male,4,4
204259,0,24,Self Enquiry,1,33,Salaried,Male,3,4
204260,0,42,Self Enquiry,1,13,Small Business,Male,4,5
204261,0,48,Company Invited,3,11,Small Business,Male,4,4
204262,0,43,Self Enquiry,1,30,Salaried,Female,3,4
204263,0,30,Company Invited,3,9,Salaried,Male,4,4
204264,0,43,Self Enquiry,2,9,Large Business,Male,3,4
204265,0,33,Self Enquiry,1,9,Small Business,Female,4,4
204266,0,49,Self Enquiry,3,36,Small Business,Female,4,4
204267,0,38,Self Enquiry,1,13,Small Business,Male,3,2
204268,0,31,Company Invited,3,32,Large Business,Female,3,4
204269,0,27,Self Enquiry,3,7,Salaried,Male,3,4
204270,0,43,Self Enquiry,1,9,Salaried,Male,4,5
204271,1,22,Company Invited,3,7,Large Business,Female,4,5
204272,0,37,Company Invited,3,7,Small Business,Fe Male,3,4
204273,0,37,Company Invited,3,10,Small Business,Male,3,5
204274,0,58,Self Enquiry,1,7,Small Business,Male,3,4
204275,0,41,Self Enquiry,1,17,Salaried,Female,3,2
204276,0,22,Company Invited,3,16,Small Business,Male,3,4
204277,1,34,Self Enquiry,3,12,Small Business,Female,3,4
204278,0,38,Self Enquiry,1,17,Small Business,Female,4,4
204279,0,47,Company Invited,1,14,Small Business,Female,2,4
204280,1,42,Company Invited,3,11,Small Business,Male,3,4
204281,0,51,Self Enquiry,1,17,Large Business,Male,4,5
204282,1,41,Self Enquiry,3,29,Small Business,Male,4,5
204283,0,32,Self Enquiry,1,16,Salaried,Male,3,5
204284,1,22,Self Enquiry,3,19,Salaried,Female,3,2
204285,0,30,Self Enquiry,1,30,Salaried,Male,3,4
204286,0,36,Self Enquiry,1,16,Salaried,Male,4,5
204287,0,28,Self Enquiry,1,7,Small Business,Male,3,4
204288,0,29,Self Enquiry,3,16,Salaried,Male,4,4
204289,0,50,Self Enquiry,1,14,Salaried,Male,3,5
204290,0,52,Self Enquiry,3,21,Salaried,Female,3,4
204291,0,37,Self Enquiry,1,9,Salaried,Female,4,4
204292,1,35,Company Invited,3,26,Small Business,Male,4,2
204293,0,56,Self Enquiry,1,9,Salaried,Female,4,4
204294,0,25,Self Enquiry,3,17,Small Business,Female,4,4
204295,0,31,Self Enquiry,3,9,Large Business,Male,4,4
204296,1,27,Company Invited,1,10,Large Business,Male,4,4
204297,0,23,Self Enquiry,1,18,Small Business,Female,3,4
204298,0,37,Self Enquiry,3,9,Small Business,Male,4,5
204299,1,31,Company Invited,1,11,Large Business,Male,3,4
204300,0,38,Self Enquiry,1,21,Salaried,Female,4,4
204301,0,41,Self Enquiry,3,9,Small Business,Female,3,4
204302,0,43,Self Enquiry,1,7,Salaried,Female,4,4
204303,0,38,Self Enquiry,1,17,Salaried,Male,3,4
204304,0,44,Self Enquiry,1,19,Salaried,Male,3,5
204305,0,41,Self Enquiry,1,9,Small Business,Female,4,5
204306,0,55,Self Enquiry,1,12,Small Business,Male,3,4
204307,0,35,Company Invited,3,11,Small Business,Female,4,4
204308,0,32,Self Enquiry,1,14,Small Business,Female,3,4
204309,0,44,Company Invited,1,28,Small Business,Male,4,4
204310,0,44,Self Enquiry,1,15,Salaried,Female,4,4
204311,0,26,Self Enquiry,3,11,Salaried,Female,4,5
204312,0,38,Company Invited,1,32,Small Business,Female,4,4
204313,0,32,Self Enquiry,1,7,Salaried,Male,4,5
204314,0,40,Company Invited,1,7,Salaried,Male,3,4
204315,0,57,Company Invited,3,13,Salaried,Female,3,2
204316,0,31,Self Enquiry,3,19,Large Business,Fe Male,3,4
204317,0,42,Self Enquiry,3,7,Small Business,Male,3,2
204318,0,29,Self Enquiry,1,24,Small Business,Male,4,4
204319,1,26,Self Enquiry,1,10,Small Business,Male,4,4
204320,0,53,Self Enquiry,1,10,Small Business,Male,3,5
204321,0,46,Self Enquiry,1,17,Salaried,Male,4,4
204322,0,53,Self Enquiry,1,11,Salaried,Female,2,4
204323,0,43,Company Invited,1,36,Salaried,Female,4,4
204324,0,31,Self Enquiry,1,9,Salaried,Fe Male,3,6
204325,0,61,Self Enquiry,1,14,Salaried,Female,3,4
204326,0,47,Self Enquiry,1,25,Small Business,Female,3,4
204327,0,43,Company Invited,1,35,Large Business,Female,3,5
204328,1,25,Self Enquiry,3,7,Large Business,Female,4,4
204329,1,35,Company Invited,3,13,Small Business,Female,3,6
204330,0,39,Company Invited,1,9,Salaried,Male,3,4
204331,0,41,Self Enquiry,3,9,Salaried,Female,4,4
204332,0,27,Self Enquiry,1,30,Salaried,Female,3,4
204333,0,31,Company Invited,1,10,Salaried,Male,3,4
204334,0,30,Self Enquiry,1,10,Small Business,Male,4,5
204335,1,30,Self Enquiry,1,32,Large Business,Female,4,5
204336,1,20,Self Enquiry,2,9,Large Business,Male,3,5
204337,0,31,Company Invited,3,29,Salaried,Female,4,4
204338,0,58,Self Enquiry,3,36,Small Business,Male,3,5
204339,0,51,Self Enquiry,1,36,Salaried,Male,3,5
204340,0,31,Company Invited,1,9,Small Business,Female,3,4
204341,0,61,Company Invited,3,35,Small Business,Female,4,5
204342,0,48,Self Enquiry,1,9,Small Business,Female,4,4
204343,0,47,Self Enquiry,1,9,Salaried,Male,3,4
204344,0,36,Self Enquiry,1,29,Salaried,Male,3,6
204345,0,55,Self Enquiry,1,6,Salaried,Female,3,4
204346,0,35,Self Enquiry,1,9,Salaried,Male,4,5
204347,0,47,Self Enquiry,3,17,Small Business,Female,4,5
204348,0,32,Self Enquiry,1,16,Salaried,Male,3,4
204349,1,34,Self Enquiry,1,22,Small Business,Male,3,4
204350,1,34,Self Enquiry,1,17,Small Business,Male,3,6
204351,0,31,Self Enquiry,3,14,Small Business,Male,3,4
204352,0,36,Self Enquiry,1,23,Salaried,Male,4,4
204353,1,32,Company Invited,1,27,Salaried,Male,4,4
204354,1,35,Company Invited,2,30,Salaried,Female,3,4
204355,0,43,Company Invited,1,12,Salaried,Male,4,4
204356,0,37,Company Invited,3,17,Small Business,Male,3,4
204357,1,23,Company Invited,1,11,Large Business,Male,4,5
204358,0,49,Self Enquiry,3,9,Small Business,Female,3,4
204359,0,56,Self Enquiry,3,25,Salaried,Female,3,4
204360,0,42,Company Invited,3,17,Salaried,Male,3,4
204361,0,36,Self Enquiry,3,7,Small Business,Male,3,4
204362,0,41,Self Enquiry,1,13,Salaried,Female,4,4
204363,0,40,Company Invited,1,15,Salaried,Female,3,4
204364,0,32,Self Enquiry,3,9,Salaried,Male,4,4
204365,0,43,Self Enquiry,1,31,Small Business,Male,3,4
204366,0,46,Self Enquiry,3,9,Salaried,Male,4,4
204367,1,27,Company Invited,2,24,Salaried,Female,3,4
204368,0,30,Self Enquiry,1,26,Large Business,Male,3,4
204369,0,34,Self Enquiry,1,7,Small Business,Female,4,2
204370,0,32,Self Enquiry,3,14,Salaried,Male,3,5
204371,1,19,Company Invited,3,12,Small Business,Male,4,4
204372,0,41,Company Invited,3,35,Salaried,Male,3,6
204373,0,42,Company Invited,1,9,Salaried,Fe Male,4,5
204374,0,27,Self Enquiry,3,36,Small Business,Male,3,4
204375,0,36,Self Enquiry,3,7,Small Business,Fe Male,4,4
204376,0,35,Self Enquiry,3,28,Salaried,Male,4,2
204377,1,27,Self Enquiry,1,31,Large Business,Male,4,6
204378,0,38,Self Enquiry,1,7,Large Business,Fe Male,3,4
204379,0,47,Company Invited,1,25,Small Business,Female,3,4
204380,0,42,Self Enquiry,3,9,Salaried,Female,4,4
204381,0,38,Company Invited,3,16,Small Business,Male,4,4
204382,0,53,Self Enquiry,1,13,Large Business,Male,4,4
204383,1,33,Company Invited,3,18,Salaried,Male,3,2
204384,0,25,Company Invited,3,31,Small Business,Male,3,4
204385,0,39,Self Enquiry,1,17,Small Business,Female,4,4
204386,0,38,Self Enquiry,1,7,Salaried,Female,4,4
204387,0,50,Self Enquiry,1,25,Salaried,Male,3,5
204388,0,25,Self Enquiry,1,30,Small Business,Male,3,2
204389,0,27,Self Enquiry,3,35,Small Business,Male,4,4
204390,0,25,Self Enquiry,1,24,Salaried,Male,4,5
204391,0,51,Company Invited,2,10,Small Business,Male,4,4
204392,0,26,Self Enquiry,3,20,Small Business,Male,3,4
204393,1,25,Company Invited,1,14,Salaried,Female,3,4
204394,1,31,Company Invited,3,19,Salaried,Male,4,5
204395,0,35,Self Enquiry,1,7,Salaried,Male,3,5
204396,1,32,Self Enquiry,3,20,Small Business,Male,3,4
204397,0,36,Self Enquiry,1,32,Salaried,Male,3,5
204398,0,32,Self Enquiry,3,13,Small Business,Male,4,2
204399,0,28,Self Enquiry,1,13,Small Business,Female,4,5
204400,0,38,Self Enquiry,3,9,Small Business,Male,4,4
204401,0,21,Self Enquiry,1,7,Salaried,Female,3,5
204402,0,43,Self Enquiry,1,9,Salaried,Female,3,4
204403,0,44,Self Enquiry,1,13,Salaried,Male,3,5
204404,0,39,Self Enquiry,1,7,Salaried,Female,3,4
204405,0,44,Company Invited,1,16,Small Business,Male,4,4
204406,0,49,Self Enquiry,1,7,Salaried,Female,3,5
204407,0,45,Self Enquiry,2,7,Salaried,Fe Male,3,5
204408,0,35,Self Enquiry,3,21,Large Business,Female,3,4
204409,1,28,Self Enquiry,3,9,Small Business,Male,3,4
204410,0,22,Self Enquiry,3,29,Large Business,Male,3,4
204411,0,45,Self Enquiry,1,10,Salaried,Male,3,4
204412,0,23,Self Enquiry,1,13,Small Business,Male,4,4
204413,0,34,Self Enquiry,3,15,Small Business,Male,3,4
204414,0,33,Self Enquiry,1,16,Salaried,Female,4,4
204415,0,31,Company Invited,1,10,Small Business,Female,4,4
204416,0,54,Self Enquiry,3,7,Small Business,Fe Male,3,4
204417,0,35,Self Enquiry,1,7,Salaried,Male,3,4
204418,1,46,Company Invited,3,33,Salaried,Female,4,4
204419,0,27,Self Enquiry,1,13,Salaried,Female,4,4
204420,0,38,Self Enquiry,1,10,Salaried,Male,3,4
204421,0,30,Self Enquiry,3,10,Small Business,Female,4,4
204422,0,36,Self Enquiry,1,13,Salaried,Male,3,6
204423,0,34,Company Invited,1,13,Salaried,Male,2,4
204424,0,55,Self Enquiry,2,26,Small Business,Male,3,4
204425,0,37,Self Enquiry,1,16,Small Business,Male,3,5
204426,0,28,Self Enquiry,1,10,Small Business,Male,3,5
204427,1,21,Self Enquiry,1,,Small Business,Male,3,4
204428,1,34,Company Invited,1,10,Salaried,Male,4,4
204429,0,36,Company Invited,1,10,Salaried,Male,3,
204430,0,24,Self Enquiry,1,11,Small Business,Male,3,2
204431,0,26,Self Enquiry,3,15,Salaried,Male,3,2
204432,0,39,Self Enquiry,3,14,Small Business,Female,3,5
204433,0,30,Company Invited,1,7,Salaried,Male,4,6
204434,0,49,Self Enquiry,3,9,Small Business,Male,3,2
204435,0,28,Company Invited,3,10,Small Business,Female,4,2
204436,0,38,Self Enquiry,1,17,Salaried,Male,4,2
204437,0,51,Self Enquiry,1,35,Small Business,Male,4,2
204438,0,35,Self Enquiry,1,16,Small Business,Fe Male,3,5
204439,1,25,Self Enquiry,3,10,Salaried,Female,4,4
204440,0,40,Self Enquiry,1,9,Large Business,Female,4,5
204441,0,33,Self Enquiry,3,17,Small Business,Male,3,4
204442,1,51,Company Invited,3,15,Large Business,Male,3,4
204443,0,39,Self Enquiry,1,7,Salaried,Fe Male,3,2
204444,0,28,Self Enquiry,1,7,Salaried,Female,4,4
204445,0,33,Self Enquiry,1,10,Salaried,Female,3,4
204446,0,48,Self Enquiry,3,21,Small Business,Male,3,4
204447,0,41,Company Invited,3,12,Salaried,Male,3,5
204448,0,54,Self Enquiry,1,14,Salaried,Male,3,2
204449,0,42,Self Enquiry,2,17,Salaried,Male,4,5
204450,0,61,Self Enquiry,3,23,Small Business,Male,3,4
204451,0,28,Company Invited,1,17,Salaried,Male,3,4
204452,0,42,Self Enquiry,2,7,Salaried,Male,3,5
204453,0,51,Self Enquiry,3,15,Small Business,Male,3,4
204454,1,29,Self Enquiry,1,7,Salaried,Female,4,6
204455,0,37,Company Invited,1,15,Salaried,Female,4,2
204456,0,39,Self Enquiry,1,7,Salaried,Fe Male,3,4
204457,0,45,Company Invited,1,31,Small Business,Male,3,6
204458,0,48,Company Invited,3,10,Small Business,Female,3,4
204459,0,31,Self Enquiry,3,34,Small Business,Male,4,4
204460,0,30,Self Enquiry,3,17,Salaried,Male,4,4
204461,1,43,Company Invited,1,26,Small Business,Male,3,2
204462,0,44,Company Invited,3,22,Salaried,Male,3,5
204463,0,35,Self Enquiry,1,15,Small Business,Fe Male,4,4
204464,0,24,Self Enquiry,1,16,Small Business,Male,3,4
204465,0,40,Self Enquiry,2,10,Salaried,Female,3,2
204466,0,57,Self Enquiry,1,16,Small Business,Male,3,4
204467,0,41,Self Enquiry,1,9,Small Business,Female,3,5
204468,0,28,Self Enquiry,1,14,Small Business,Fe Male,3,5
204469,0,30,Self Enquiry,3,17,Small Business,Male,3,4
204470,0,54,Self Enquiry,1,13,Salaried,Male,3,4
204471,0,36,Company Invited,1,9,Salaried,Female,4,4
204472,0,33,Company Invited,1,31,Salaried,Male,4,4
204473,0,39,Self Enquiry,1,9,Small Business,Male,4,4
204474,0,35,Self Enquiry,1,15,Salaried,Female,3,4
204475,0,53,Self Enquiry,3,10,Small Business,Male,3,5
204476,1,34,Self Enquiry,1,7,Salaried,Male,4,4
204477,0,26,Self Enquiry,3,33,Small Business,Fe Male,3,4
204478,0,46,Self Enquiry,3,9,Large Business,Male,3,6
204479,0,24,Self Enquiry,1,17,Small Business,Male,4,2
204480,1,48,Company Invited,3,34,Salaried,Fe Male,4,2
204481,0,35,Self Enquiry,3,9,Salaried,Male,3,4
204482,1,56,Self Enquiry,1,9,Small Business,Male,4,4
204483,0,37,Company Invited,3,15,Salaried,Male,4,5
204484,0,53,Company Invited,1,26,Small Business,Male,3,4
204485,0,27,Company Invited,1,7,Salaried,Female,4,6
204486,0,30,Self Enquiry,1,34,Small Business,Female,4,4
204487,1,27,Self Enquiry,3,15,Large Business,Male,3,5
204488,0,35,Self Enquiry,1,7,Salaried,Female,4,2
204489,0,55,Self Enquiry,1,26,Small Business,Female,4,4
204490,0,28,Company Invited,3,15,Small Business,Male,3,4
204491,0,38,Self Enquiry,1,17,Salaried,Female,3,4
204492,0,39,Company Invited,1,9,Salaried,Fe Male,4,2
204493,0,35,Self Enquiry,1,9,Small Business,Female,3,5
204494,0,36,Self Enquiry,3,15,Salaried,Female,4,4
204495,0,31,Self Enquiry,1,7,Salaried,Male,3,6
204496,0,41,Company Invited,1,9,Small Business,Female,3,2
204497,0,35,Self Enquiry,3,15,Salaried,Female,4,4
204498,0,43,Company Invited,1,15,Salaried,Male,4,4
204499,1,24,Self Enquiry,1,13,Salaried,Male,4,2
204500,0,25,Company Invited,1,16,Salaried,Male,3,5
204501,0,53,Self Enquiry,1,18,Salaried,Female,3,4
204502,0,51,Self Enquiry,1,9,Small Business,Male,4,4
204503,1,30,Self Enquiry,1,7,Salaried,Female,3,5
204504,0,34,Self Enquiry,1,14,Small Business,Male,3,4
204505,1,34,Self Enquiry,3,23,Small Business,Fe Male,4,4
204506,0,48,Self Enquiry,1,9,Salaried,Female,3,4
204507,0,37,Self Enquiry,1,7,Salaried,Female,3,4
204508,0,30,Self Enquiry,1,30,Salaried,Male,3,2
204509,1,59,Self Enquiry,1,9,Salaried,Male,3,4
204510,0,36,Self Enquiry,1,7,Salaried,Female,3,2
204511,0,43,Self Enquiry,1,7,Salaried,Female,3,5
204512,1,29,Self Enquiry,1,9,Small Business,Male,3,4
204513,0,37,Self Enquiry,2,20,Salaried,Male,3,4
204514,0,33,Self Enquiry,1,11,Salaried,Female,4,5
204515,0,41,Company Invited,1,23,Small Business,Male,3,5
204516,0,31,Self Enquiry,1,9,Small Business,Fe Male,3,5
204517,0,46,Self Enquiry,1,9,Salaried,Female,4,5
204518,0,43,Self Enquiry,1,36,Salaried,Male,4,4
204519,0,39,Company Invited,1,19,Salaried,Male,2,5
204520,0,35,Company Invited,1,23,Salaried,Female,4,5
204521,1,50,Self Enquiry,3,18,Small Business,Female,3,4
204522,1,56,Self Enquiry,3,9,Small Business,Male,3,4
204523,0,44,Self Enquiry,1,21,Salaried,Male,4,4
204524,0,28,Self Enquiry,1,12,Large Business,Male,3,5
204525,0,36,Self Enquiry,1,14,Salaried,Male,3,4
204526,0,29,Self Enquiry,3,9,Small Business,Female,3,4
204527,0,35,Self Enquiry,2,10,Salaried,Male,3,4
204528,1,27,Company Invited,1,12,Small Business,Female,3,5
204529,0,28,Company Invited,1,10,Small Business,Male,3,4
204530,0,52,Self Enquiry,3,33,Small Business,Female,4,4
204531,0,45,Self Enquiry,1,11,Small Business,Male,3,4
204532,0,26,Self Enquiry,1,9,Small Business,Male,4,2
204533,0,34,Self Enquiry,3,7,Small Business,Male,3,2
204534,0,36,Self Enquiry,1,34,Small Business,Female,3,5
204535,0,37,Self Enquiry,3,7,Salaried,Male,3,4
204536,0,33,Self Enquiry,3,20,Salaried,Male,4,4
204537,0,31,Company Invited,1,12,Salaried,Male,4,5
204538,0,54,Self Enquiry,3,14,Small Business,Female,4,5
204539,0,46,Self Enquiry,3,16,Small Business,Male,4,4
204540,0,33,Self Enquiry,1,15,Small Business,Female,4,2
204541,0,53,Company Invited,1,32,Small Business,Female,3,5
204542,0,38,Self Enquiry,3,23,Small Business,Male,4,5
204543,0,29,Self Enquiry,2,15,Small Business,Male,4,5
204544,0,23,Self Enquiry,1,7,Salaried,Male,3,5
204545,0,45,Self Enquiry,1,15,Salaried,Male,4,2
204546,0,43,Company Invited,1,9,Small Business,Male,3,4
204547,0,37,Self Enquiry,2,15,Salaried,Male,4,5
204548,0,26,Self Enquiry,3,10,Salaried,Male,4,4
204549,0,36,Self Enquiry,1,16,Salaried,Female,4,5
204550,1,36,Company Invited,1,32,Salaried,Female,4,4
204551,0,33,Company Invited,1,7,Salaried,Male,4,4
204552,0,26,Self Enquiry,3,11,Small Business,Male,3,5
204553,0,50,Self Enquiry,1,7,Large Business,Female,3,4
204554,0,25,Company Invited,1,11,Salaried,Male,3,5
204555,0,33,Company Invited,3,12,Salaried,Male,3,4
204556,0,39,Self Enquiry,3,16,Small Business,Male,4,5
204557,0,43,Self Enquiry,1,10,Salaried,Female,4,2
204558,0,32,Self Enquiry,1,18,Salaried,Male,3,4
204559,1,30,Self Enquiry,3,7,Small Business,Female,3,5
204560,0,54,Self Enquiry,3,15,Small Business,Male,4,4
204561,0,36,Self Enquiry,1,32,Large Business,Male,4,5
204562,0,38,Company Invited,3,28,Small Business,Female,3,4
204563,0,54,Self Enquiry,1,30,Salaried,Female,4,4
204564,0,44,Company Invited,1,7,Salaried,Female,3,4
204565,0,48,Self Enquiry,3,9,Small Business,Female,3,4
204566,0,38,Company Invited,3,26,Small Business,Male,3,4
204567,0,51,Company Invited,1,9,Salaried,Male,4,4
204568,0,40,Self Enquiry,2,9,Salaried,Female,3,5
204569,0,34,Self Enquiry,2,10,Salaried,Male,3,4
204570,1,33,Self Enquiry,1,32,Salaried,Male,3,4
204571,0,30,Self Enquiry,1,14,Small Business,Female,4,5
204572,0,45,Self Enquiry,1,16,Salaried,Male,4,4
204573,0,29,Self Enquiry,3,12,Small Business,Male,4,4
204574,1,59,Company Invited,1,9,Salaried,Male,3,5
204575,0,44,Self Enquiry,1,15,Salaried,Female,3,4
204576,1,21,Self Enquiry,3,9,Small Business,Female,3,5
204577,1,22,Self Enquiry,1,25,Salaried,Female,4,4
204578,0,37,Self Enquiry,1,21,Salaried,Male,4,4
204579,0,48,Self Enquiry,3,9,Salaried,Female,4,5
204580,1,23,Self Enquiry,1,10,Salaried,Female,3,4
204581,1,42,Self Enquiry,1,9,Salaried,Female,3,6
204582,0,29,Self Enquiry,1,16,Small Business,Female,4,4
204583,1,40,Self Enquiry,1,13,Small Business,Male,4,4
204584,0,28,Self Enquiry,1,11,Salaried,Female,4,4
204585,0,35,Self Enquiry,1,17,Salaried,Male,3,4
204586,0,43,Self Enquiry,3,21,Small Business,Fe Male,4,5
204587,0,34,Self Enquiry,1,7,Salaried,Male,4,5
204588,0,59,Self Enquiry,1,12,Large Business,Female,3,5
204589,0,32,Self Enquiry,3,14,Salaried,Male,3,5
204590,0,36,Self Enquiry,1,28,Salaried,Female,3,4
204591,0,50,Self Enquiry,1,15,Salaried,Female,3,4
204592,0,49,Self Enquiry,1,27,Small Business,Male,3,4
204593,0,32,Company Invited,3,27,Small Business,Female,3,4
204594,0,37,Self Enquiry,1,14,Salaried,Male,4,4
204595,0,39,Self Enquiry,1,7,Large Business,Female,4,4
204596,0,33,Company Invited,1,7,Salaried,Female,4,5
204597,1,26,Self Enquiry,3,26,Small Business,Male,3,5
204598,0,41,Self Enquiry,3,17,Small Business,Male,4,5
204599,0,27,Company Invited,3,7,Small Business,Male,3,5
204600,0,42,Self Enquiry,1,13,Small Business,Male,3,4
204601,0,37,Self Enquiry,1,9,Small Business,Male,4,4
204602,1,20,Self Enquiry,3,28,Salaried,Male,3,5
204603,1,21,Self Enquiry,1,11,Large Business,Male,3,4
204604,0,32,Self Enquiry,1,19,Small Business,Female,3,4
204605,0,41,Company Invited,1,16,Small Business,Male,3,4
204606,0,33,Self Enquiry,1,10,Small Business,Female,4,4
204607,1,37,Self Enquiry,3,10,Salaried,Male,3,5
204608,0,34,Self Enquiry,1,7,Salaried,Fe Male,3,5
204609,1,38,Self Enquiry,3,7,Salaried,Male,3,5
204610,0,46,Company Invited,1,11,Salaried,Male,3,4
204611,0,30,Company Invited,3,27,Large Business,Female,3,4
204612,0,36,Self Enquiry,3,25,Small Business,Female,3,4
204613,0,53,Self Enquiry,1,7,Salaried,Male,4,4
204614,1,59,Self Enquiry,1,9,Large Business,Male,3,4
204615,0,54,Self Enquiry,3,9,Small Business,Male,3,4
204616,0,31,Self Enquiry,3,15,Salaried,Male,4,4
204617,0,39,Company Invited,3,17,Large Business,Fe Male,3,4
204618,0,36,Self Enquiry,3,10,Salaried,Male,4,4
204619,0,40,Self Enquiry,3,9,Salaried,Male,3,2
204620,1,41,Company Invited,3,31,Salaried,Female,4,2
204621,0,48,Company Invited,1,23,Small Business,Male,4,2
204622,0,37,Company Invited,3,15,Large Business,Male,3,4
204623,1,32,Company Invited,1,16,Small Business,Male,3,5
204624,0,34,Company Invited,3,24,Salaried,Male,3,4
204625,1,30,Self Enquiry,1,17,Salaried,Female,4,5
204626,0,34,Self Enquiry,1,20,Salaried,Female,3,4
204627,0,46,Self Enquiry,1,7,Small Business,Female,4,4
204628,0,51,Self Enquiry,1,7,Small Business,Male,4,4
204629,0,34,Company Invited,1,7,Salaried,Female,3,2
204630,0,42,Company Invited,1,16,Small Business,Male,4,4
204631,0,28,Self Enquiry,1,23,Large Business,Female,3,4
204632,0,46,Company Invited,1,30,Salaried,Male,3,4
204633,0,48,Self Enquiry,3,11,Salaried,Female,3,4
204634,1,31,Self Enquiry,1,29,Salaried,Female,3,4
204635,0,51,Self Enquiry,1,31,Salaried,Male,4,4
204636,0,39,Company Invited,1,17,Small Business,Male,4,4
204637,0,47,Self Enquiry,1,14,Small Business,Male,4,4
204638,0,25,Self Enquiry,1,24,Small Business,Female,3,5
204639,1,36,Self Enquiry,1,21,Salaried,Male,3,5
204640,0,32,Company Invited,1,7,Salaried,Female,4,4
204641,0,19,Company Invited,1,,Salaried,Male,4,4
204642,0,55,Self Enquiry,1,24,Large Business,Female,3,4
204643,0,36,Self Enquiry,1,32,Small Business,Female,3,4
204644,0,31,Self Enquiry,1,15,Salaried,Female,4,2
204645,1,21,Self Enquiry,1,18,Small Business,Female,4,5
204646,1,31,Company Invited,1,12,Small Business,Female,3,4
204647,0,27,Self Enquiry,1,9,Small Business,Male,3,2
204648,0,23,Self Enquiry,1,15,Salaried,Male,4,6
204649,0,49,Self Enquiry,1,13,Salaried,Male,4,5
204650,0,49,Self Enquiry,1,11,Salaried,Male,4,5
204651,0,42,Self Enquiry,1,14,Small Business,Fe Male,3,4
204652,0,40,Self Enquiry,1,7,Salaried,Female,4,5
204653,0,28,Self Enquiry,1,9,Salaried,Female,3,4
204654,0,36,Self Enquiry,1,17,Salaried,Male,3,4
204655,0,43,Self Enquiry,3,12,Small Business,Male,3,4
204656,0,51,Self Enquiry,1,16,Salaried,Male,4,4
204657,0,60,Self Enquiry,1,9,Salaried,Female,4,5
204658,1,38,Self Enquiry,1,18,Small Business,Female,4,6
204659,0,56,Company Invited,1,25,Small Business,Male,4,4
204660,0,42,Company Invited,1,14,Salaried,Female,3,6
204661,0,39,Self Enquiry,3,10,Salaried,Male,3,4
204662,1,27,Company Invited,3,36,Small Business,Male,4,6
204663,1,53,Self Enquiry,3,9,Small Business,Female,3,6
204664,0,45,Self Enquiry,3,35,Small Business,Female,3,2
204665,0,51,Company Invited,3,7,Salaried,Female,4,4
204666,1,37,Self Enquiry,1,23,Salaried,Female,3,2
204667,0,40,Company Invited,1,29,Small Business,Female,3,4
204668,0,34,Company Invited,3,15,Salaried,Female,3,5
204669,0,46,Self Enquiry,3,18,Salaried,Female,3,4
204670,0,33,Company Invited,1,36,Small Business,Female,4,4
204671,0,35,Self Enquiry,3,7,Small Business,Male,4,2
204672,0,60,Self Enquiry,3,7,Large Business,Male,4,4
204673,0,46,Self Enquiry,2,31,Small Business,Male,3,4
204674,0,54,Company Invited,3,9,Small Business,Female,3,5
204675,1,37,Self Enquiry,1,22,Salaried,Male,3,4
204676,1,27,Company Invited,1,9,Salaried,Male,3,4
204677,0,35,Self Enquiry,3,17,Salaried,Female,3,4
204678,0,29,Self Enquiry,3,,Small Business,Male,4,4
204679,0,39,Company Invited,1,10,Salaried,Male,3,4
204680,0,51,Self Enquiry,1,9,Small Business,Male,4,4
204681,0,38,Self Enquiry,1,10,Salaried,Female,3,4
204682,0,41,Self Enquiry,3,33,Small Business,Male,4,4
204683,0,27,Company Invited,1,7,Small Business,Female,4,5
204684,0,47,Self Enquiry,1,7,Small Business,Male,3,4
204685,0,55,Self Enquiry,3,9,Salaried,Female,3,5
204686,0,57,Company Invited,1,16,Small Business,Female,4,4
204687,0,37,Self Enquiry,1,19,Small Business,Fe Male,3,5
204688,0,56,Company Invited,1,9,Small Business,Male,3,5
204689,0,44,Self Enquiry,3,32,Small Business,Male,4,5
204690,1,21,Company Invited,3,16,Small Business,Female,3,4
204691,1,22,Self Enquiry,1,17,Salaried,Female,3,5
204692,0,47,Self Enquiry,1,15,Salaried,Female,4,5
204693,1,52,Self Enquiry,1,11,Salaried,Male,3,4
204694,1,29,Company Invited,1,31,Large Business,Male,4,5
204695,0,27,Self Enquiry,1,7,Small Business,Male,3,5
204696,0,31,Self Enquiry,1,27,Salaried,Male,3,4
204697,0,42,Self Enquiry,1,14,Large Business,Female,3,2
204698,0,39,Self Enquiry,1,24,Salaried,Female,4,5
204699,0,41,Self Enquiry,1,27,Large Business,Male,4,4
204700,0,28,Company Invited,1,15,Salaried,Male,3,6
204701,0,56,Company Invited,1,9,Salaried,Male,4,4
204702,0,29,Self Enquiry,1,17,Salaried,Female,3,4
204703,1,45,Self Enquiry,2,7,Small Business,Male,4,5
204704,0,34,Self Enquiry,1,12,Salaried,Male,3,5
204705,1,36,Self Enquiry,3,11,Large Business,Male,3,4
204706,1,34,Company Invited,1,36,Small Business,Female,3,5
204707,0,29,Self Enquiry,1,22,Salaried,Male,3,4
204708,0,35,Company Invited,1,10,Salaried,Male,3,4
204709,0,38,Self Enquiry,3,17,Salaried,Female,3,5
204710,1,26,Self Enquiry,1,11,Large Business,Male,3,4
204711,1,27,Self Enquiry,1,28,Small Business,Male,3,4
204712,1,34,Self Enquiry,1,32,Small Business,Male,3,5
204713,0,43,Self Enquiry,1,9,Small Business,Male,3,4
204714,1,29,Company Invited,1,7,Small Business,Male,3,5
204715,1,51,Company Invited,3,7,Salaried,Male,3,4
204716,0,34,Company Invited,3,14,Salaried,Female,2,4
204717,0,35,Company Invited,1,10,Salaried,Male,3,5
204718,0,49,Company Invited,1,7,Small Business,Male,3,2
204719,0,46,Company Invited,3,16,Salaried,Female,4,5
204720,0,53,Self Enquiry,1,6,Salaried,Male,3,4
204721,0,39,Self Enquiry,3,17,Small Business,Male,4,5
204722,0,30,Self Enquiry,1,35,Salaried,Female,4,4
204723,0,29,Self Enquiry,1,10,Small Business,Female,4,4
204724,0,47,Self Enquiry,3,10,Small Business,Male,3,4
204725,0,39,Self Enquiry,3,9,Small Business,Male,3,4
204726,0,44,Company Invited,1,34,Salaried,Female,3,4
204727,1,40,Company Invited,1,9,Salaried,Male,3,4
204728,0,41,Self Enquiry,1,21,Small Business,Male,3,5
204729,0,22,Self Enquiry,1,7,Large Business,Female,4,5
204730,0,40,Company Invited,1,16,Salaried,Male,4,4
204731,0,37,Company Invited,1,25,Salaried,Male,4,4
204732,0,32,Company Invited,3,27,Salaried,Male,4,2
204733,0,29,Self Enquiry,1,9,Salaried,Male,4,5
204734,0,36,Company Invited,3,18,Small Business,Male,3,4
204735,0,50,Self Enquiry,3,15,Large Business,Male,3,5
204736,0,35,Company Invited,1,9,Salaried,Male,4,4
204737,0,30,Company Invited,1,17,Salaried,Female,4,4
204738,0,43,Self Enquiry,1,36,Small Business,Male,3,6
204739,0,30,Self Enquiry,1,15,Small Business,Male,4,5
204740,0,39,Self Enquiry,2,7,Salaried,Male,3,2
204741,0,29,Company Invited,1,13,Salaried,Male,3,5
204742,1,19,Company Invited,1,15,Small Business,Male,4,4
204743,1,34,Self Enquiry,3,16,Small Business,Fe Male,4,4
204744,0,42,Self Enquiry,1,19,Salaried,Male,3,4
204745,1,32,Company Invited,1,22,Small Business,Male,4,4
204746,0,38,Self Enquiry,1,32,Small Business,Female,3,5
204747,0,28,Self Enquiry,1,13,Salaried,Male,3,5
204748,0,35,Self Enquiry,3,16,Salaried,Female,4,4
204749,0,36,Self Enquiry,2,15,Large Business,Male,4,4
204750,1,30,Self Enquiry,3,30,Salaried,Female,3,5
204751,0,41,Company Invited,1,16,Small Business,Female,3,4
204752,1,43,Company Invited,3,19,Salaried,Male,3,4
204753,0,43,Self Enquiry,3,11,Small Business,Male,3,4
204754,0,36,Self Enquiry,1,7,Small Business,Male,3,5
204755,0,25,Self Enquiry,1,31,Small Business,Male,3,4
204756,1,29,Self Enquiry,1,19,Salaried,Female,4,4
204757,0,27,Self Enquiry,1,10,Small Business,Male,3,2
204758,0,31,Self Enquiry,3,17,Small Business,Male,4,5
204759,0,41,Company Invited,1,33,Small Business,Female,4,5
204760,0,36,Self Enquiry,1,9,Salaried,Male,3,5
204761,0,35,Company Invited,1,8,Small Business,Male,4,5
204762,0,36,Company Invited,1,11,Salaried,Male,3,5
204763,1,44,Self Enquiry,3,16,Small Business,Fe Male,3,6
204764,0,33,Company Invited,3,9,Salaried,Female,4,4
204765,0,57,Self Enquiry,1,11,Large Business,Female,4,4
204766,0,30,Self Enquiry,1,13,Small Business,Female,3,4
204767,0,20,Self Enquiry,1,16,Salaried,Male,3,4
204768,0,46,Self Enquiry,1,14,Small Business,Female,3,4
204769,0,38,Self Enquiry,1,8,Salaried,Female,3,5
204770,0,21,Self Enquiry,1,6,Salaried,Male,3,5
204771,1,45,Self Enquiry,1,17,Salaried,Male,4,4
204772,0,54,Self Enquiry,1,14,Small Business,Female,3,4
204773,0,30,Self Enquiry,1,22,Salaried,Female,4,6
204774,1,23,Company Invited,1,10,Salaried,Male,3,5
204775,0,47,Self Enquiry,3,9,Small Business,Female,4,4
204776,0,45,Company Invited,1,24,Salaried,Male,4,6
204777,0,34,Self Enquiry,2,9,Salaried,Male,4,4
204778,1,42,Company Invited,1,12,Salaried,Male,4,5
204779,0,31,Self Enquiry,3,36,Salaried,Male,4,4
204780,0,41,Company Invited,3,9,Small Business,Male,4,4
204781,0,51,Company Invited,1,9,Small Business,Female,2,4
204782,0,29,Self Enquiry,1,26,Small Business,Male,4,5
204783,0,47,Self Enquiry,1,22,Salaried,Male,3,4
204784,0,36,Self Enquiry,3,24,Salaried,Male,4,4
204785,1,25,Self Enquiry,1,24,Salaried,Female,4,4
204786,0,34,Company Invited,3,32,Small Business,Female,3,4
204787,0,37,Self Enquiry,1,13,Salaried,Male,3,6
204788,0,31,Self Enquiry,1,14,Salaried,Male,3,4
204789,0,45,Self Enquiry,1,36,Salaried,Male,3,4
204790,0,21,Self Enquiry,3,28,Small Business,Male,3,2
204791,0,47,Self Enquiry,1,9,Large Business,Male,3,4
204792,0,43,Company Invited,2,9,Small Business,Male,4,2
204793,0,61,Self Enquiry,3,14,Small Business,Male,3,2
204794,0,33,Company Invited,1,20,Salaried,Female,4,5
204795,0,33,Company Invited,1,9,Salaried,Fe Male,3,4
204796,0,37,Self Enquiry,1,8,Large Business,Female,4,6
204797,0,34,Self Enquiry,1,16,Small Business,Male,3,4
204798,0,41,Self Enquiry,3,17,Large Business,Female,3,5
204799,0,26,Self Enquiry,3,17,Salaried,Male,3,4
204800,0,31,Self Enquiry,1,8,Small Business,Male,4,4
204801,0,43,Company Invited,1,33,Small Business,Female,3,4
204802,0,36,Company Invited,3,15,Small Business,Female,4,5
204803,0,28,Self Enquiry,1,21,Salaried,Male,3,4
204804,0,55,Company Invited,1,8,Salaried,Female,3,4
204805,0,45,Self Enquiry,1,9,Salaried,Female,4,2
204806,1,20,Company Invited,1,17,Small Business,Female,4,5
204807,0,30,Self Enquiry,1,8,Salaried,Female,4,4
204808,0,55,Self Enquiry,1,10,Salaried,Male,3,4
204809,0,32,Self Enquiry,1,18,Small Business,Male,4,4
204810,0,32,Self Enquiry,1,31,Small Business,Fe Male,4,5
204811,0,60,Self Enquiry,3,10,Salaried,Fe Male,3,5
204812,0,44,Self Enquiry,1,10,Salaried,Male,4,6
204813,0,50,Self Enquiry,1,11,Small Business,Male,3,5
204814,0,37,Company Invited,1,10,Large Business,Male,3,4
204815,1,49,Company Invited,3,31,Salaried,Male,4,6
204816,1,28,Self Enquiry,3,9,Small Business,Female,4,6
204817,1,30,Company Invited,1,17,Salaried,Fe Male,3,5
204818,1,49,Self Enquiry,1,22,Small Business,Female,4,4
204819,1,30,Self Enquiry,1,14,Large Business,Female,3,4
204820,1,35,Self Enquiry,1,14,Salaried,Male,4,4
204821,1,45,Self Enquiry,1,30,Small Business,Male,4,4
204822,1,34,Self Enquiry,3,32,Small Business,Male,3,5
204823,1,20,Self Enquiry,3,12,Salaried,Male,4,4
204824,1,24,Company Invited,3,8,Salaried,Female,3,4
204825,1,26,Self Enquiry,1,,Salaried,Male,3,4
204826,1,27,Self Enquiry,1,14,Small Business,Female,3,5
204827,1,46,Self Enquiry,3,20,Small Business,Male,3,2
204828,1,56,Company Invited,3,9,Salaried,Female,3,5
204829,1,22,Company Invited,3,25,Small Business,Female,4,4
204830,1,47,Self Enquiry,1,29,Small Business,Male,4,4
204831,1,35,Self Enquiry,1,24,Salaried,Female,3,4
204832,1,52,Company Invited,1,35,Salaried,Male,4,5
204833,1,60,Company Invited,1,21,Salaried,Female,3,4
204834,1,35,Company Invited,3,8,Salaried,Female,3,6
204835,1,29,Self Enquiry,1,15,Salaried,Female,3,5
204836,1,45,Self Enquiry,3,16,Salaried,Male,4,5
204837,1,35,Self Enquiry,3,16,Small Business,Male,3,4
204838,1,36,Company Invited,1,9,Salaried,Female,3,5
204839,1,43,Company Invited,1,8,Salaried,Female,4,2
204840,1,44,Company Invited,1,9,Salaried,Male,4,4
204841,1,37,Self Enquiry,2,16,Large Business,Female,3,4
204842,1,45,Company Invited,3,8,Large Business,Male,4,4
204843,1,29,Company Invited,3,20,Large Business,Female,3,4
204844,1,52,Self Enquiry,3,31,Small Business,Female,3,5
204845,1,31,Company Invited,1,16,Small Business,Male,3,4
204846,1,30,Company Invited,1,9,Small Business,Male,3,5
204847,1,29,Self Enquiry,1,8,Large Business,Male,4,5
204848,1,26,Self Enquiry,1,16,Salaried,Male,3,4
204849,1,33,Company Invited,1,10,Salaried,Fe Male,3,4
204850,1,46,Self Enquiry,3,8,Salaried,Male,4,5
204851,1,40,Self Enquiry,1,9,Salaried,Female,4,4
204852,1,59,Self Enquiry,1,9,Large Business,Female,4,5
204853,1,33,Self Enquiry,1,9,Small Business,Male,3,4
204854,1,40,Self Enquiry,1,31,Small Business,Male,3,4
204855,1,31,Company Invited,3,10,Small Business,Female,4,4
204856,1,37,Self Enquiry,3,17,Small Business,Male,3,5
204857,1,47,Self Enquiry,3,22,Small Business,Male,3,6
204858,1,29,Self Enquiry,1,14,Salaried,Male,4,4
204859,1,51,Company Invited,3,19,Salaried,Male,3,4
204860,1,41,Self Enquiry,1,15,Small Business,Male,4,5
204861,1,53,Company Invited,3,14,Small Business,Female,4,4
204862,1,31,Self Enquiry,1,9,Salaried,Male,4,4
204863,1,40,Self Enquiry,3,14,Salaried,Male,4,4
204864,1,32,Self Enquiry,2,29,Salaried,Male,3,6
204865,1,42,Company Invited,3,16,Salaried,Male,3,6
204866,1,32,Self Enquiry,3,20,Small Business,Male,4,5
204867,1,45,Self Enquiry,3,8,Salaried,Male,3,6
204868,1,43,Company Invited,2,15,Salaried,Female,4,5
204869,1,56,Self Enquiry,3,16,Small Business,Female,3,6
204870,1,57,Self Enquiry,3,23,Salaried,Female,4,4
204871,1,41,Self Enquiry,3,23,Small Business,Male,4,4
204872,1,35,Company Invited,1,24,Large Business,Male,3,5
204873,1,41,Self Enquiry,3,14,Small Business,Male,3,4
204874,1,42,Self Enquiry,1,15,Small Business,Female,4,4
204875,1,36,Company Invited,1,8,Small Business,Male,4,4
204876,1,52,Self Enquiry,3,34,Salaried,Male,3,4
204877,1,39,Company Invited,1,16,Salaried,Male,4,4
204878,1,35,Self Enquiry,1,17,Small Business,Male,3,4
204879,1,26,Self Enquiry,2,27,Small Business,Female,4,4
204880,1,59,Self Enquiry,1,28,Small Business,Female,4,4
204881,1,41,Self Enquiry,2,25,Salaried,Male,3,2
204882,1,37,Self Enquiry,2,20,Salaried,Male,3,5
204883,1,49,Self Enquiry,3,9,Small Business,Male,3,5
204884,1,28,Company Invited,1,31,Salaried,Male,4,5
204885,1,52,Self Enquiry,3,17,Salaried,Female,4,4
204886,1,19,Self Enquiry,3,16,Small Business,Male,3,4
204887,1,36,Self Enquiry,1,14,Salaried,Male,4,4
